PO Date,Hospital,Vendor Name,Item Number,Item Description,Purch Unit,Quantity,Unit Price,Line Amount
11/08/2025,Siloam Makassar,PT ALKES PRIMA,MED000451,IV CATHETER 20G BD,BOX@50,15,556586.69,8348800.39
11/08/2025,Siloam Lippo Village,PT Alkes Prima,MED000451,IV CATHETER 20G BD,BOX@50,12,563817.02,6765804.21
11/08/2025,Siloam Surabaya,PT Alkes Prima,MED000477,PLESTER ROLL 2 INCH BD,ROLL,5,14871.83,74359.14
11/08/2025,Siloam Bali,PT Alkes Prima,MED000477,PLESTER ROLL 2 INCH BD,ROLL,4,15626.28,62505.12
11/08/2025,Siloam Makassar,PT Sarana Steril,MED000642,INFUSION SET MIKRO B. BRAUN,pcs,10,10990.31,109903.12
11/08/2025,Siloam Bali,PT SARANA STERIL,MED000642,INFUSION SET MIKRO B. BRAUN,pcs,4,11280.59,45122.36
11/08/2025,Siloam Makassar,PT Sarana Steril,MED000656,Three Way Stopcock Standard Medisafe,BOX@50,29,140587.69,4077043.0
12/08/2025,Siloam Makassar,PT Medika Nusantara,MED000233,SPUIT 1CC B. BRAUN V4,BOX@100,2,151299.29,302598.58
12/08/2025,Siloam Kebon Jeruk,PT Medika Nusantara,MED000271,Blood Lancet 30G B. Braun V4,BOX@200,12,46658.24,559898.86
12/08/2025,Siloam Bali,PT Farmasi Sejahtera,OBT000332,Omeprazole 20mg Cap Sanbe,VIAL,7,27376.38,191634.64
13/08/2025,Siloam Makassar,PT MEDIKA NUSANTARA,MED000130,Needle Hypodermic 25G Medisafe,BOX@100,2,69272.83,138545.66
13/08/2025,Siloam Kebon Jeruk,PT Medika Nusantara,MED000152,Sarung Tangan Nitrile S Medisafe V2,Box isi 100,17,81511.68,1385698.57
13/08/2025,Siloam Surabaya,PT Medika Nusantara,MED000159,Infusion Set Anak BD V2,pcs,88,8543.21,751802.86
13/08/2025,Siloam Lippo Village,PT MEDIKA NUSANTARA,MED000240,SARUNG TANGAN NITRILE L ONEMED V4,BOX@100,31,59625.94,1848404.05
13/08/2025,Siloam Lippo Village,PT ALKES PRIMA,MED000479,Needle Hypodermic 23G Medisafe,BOX@100,42,60872.07,2556626.76
13/08/2025,Siloam Bali,PT Bio Diagnostik,MED000570,GLUCOSE REAGENT 2X100ML BIOSYSTEMS V4,KIT,22,318148.51,6999267.13
13/08/2025,Siloam Surabaya,PT BIO DIAGNOSTIK,MED000570,GLUCOSE REAGENT 2X100ML BIOSYSTEMS V4,KIT,24,331262.16,7950291.73
14/08/2025,Siloam Lippo Village,PT Medika Nusantara,MED000247,MASKER BEDAH 3 PLY HIJAU BD V4,BOX@50,7,20702.88,144920.19
14/08/2025,Siloam Kebon Jeruk,PT Medika Nusantara,MED000247,MASKER BEDAH 3 PLY HIJAU BD V4,BOX@50,7,21158.54,148109.79
15/08/2025,Siloam Kebon Jeruk,PT Medika Nusantara,MED000160,INFUSION SET MIKRO GEA V2,pcs,21,11391.53,239222.11
15/08/2025,Siloam Surabaya,PT MEDIKA NUSANTARA,MED000160,INFUSION SET MIKRO GEA V2,pcs,31,11481.13,355915.0
15/08/2025,Siloam Bali,PT Medika Nusantara,MED000169,PLESTER ROLL 1 INCH B. BRAUN V2,ROLL,47,8833.0,415150.94
15/08/2025,Siloam Lippo Village,PT Medika Nusantara,MED000226,ECG Electrode Pediatric B. Braun V3,PACK/50,1,75734.74,75734.74
15/08/2025,Siloam Makassar,PT Bio Diagnostik,MED000558,Blood Tube EDTA 3ml Biosystems V2,BOX@100,3,196770.36,590311.07
15/08/2025,Siloam Kebon Jeruk,PT BIO DIAGNOSTIK,MED000558,Blood Tube EDTA 3ml Biosystems V2,BOX@100,4,207141.29,828565.17
15/08/2025,Siloam Kebon Jeruk,PT Global Infus,MED000722,Spuit 10cc Medisafe,1 BOX = 100 PCS,23,100134.48,2303093.06
15/08/2025,Siloam Lippo Village,PT Global Infus,MED000722,Spuit 10cc Medisafe,1 BOX = 100 PCS,16,98085.64,1569370.29
16/08/2025,Siloam Lippo Village,PT Medika Nusantara,MED000211,Urine Bag 1000ml BD V3,PCS,2,4957.55,9915.09
16/08/2025,Siloam Bali,PT MEDIKA NUSANTARA,MED000221,Suction Catheter 10Fr B. Braun V3,PCS,2,4243.42,8486.83
16/08/2025,Siloam Kebon Jeruk,PT Farmasi Sejahtera,OBT000338,Ketorolac 30mg/ml Amp Hexpharm,BOX 10 AMP,26,64864.37,1686473.6
16/08/2025,Siloam Makassar,PT Farmasi Sejahtera,OBT000338,Ketorolac 30mg/ml Amp Hexpharm,BOX 10 AMP,33,68304.48,2254047.93
16/08/2025,Siloam Makassar,PT Farmasi Sejahtera,OBT000363,Metformin 850mg Tab Sanbe V2,STRIP 10 TAB,4,1976.41,7905.63
17/08/2025,Siloam Lippo Village,PT Medika Nusantara,MED000147,SPUIT 1CC ONEMED V2,BOX@100,11,165024.43,1815268.71
17/08/2025,Siloam Kebon Jeruk,PT Medika Nusantara,MED000147,SPUIT 1CC ONEMED V2,BOX@100,7,166126.18,1162883.29
17/08/2025,Siloam Kebon Jeruk,PT MEDIKA NUSANTARA,MED000212,PLESTER ROLL 1 INCH ONEMED V3,ROLL,13,10824.76,140721.9
17/08/2025,Siloam Makassar,PT Medika Nusantara,MED000212,PLESTER ROLL 1 INCH ONEMED V3,ROLL,13,11072.16,143938.08
17/08/2025,Siloam Bali,PT Medika Nusantara,MED000213,PLESTER ROLL 2 INCH BD V3,ROLL,3,12655.92,37967.76
17/08/2025,Siloam Makassar,PT Medika Nusantara,MED000213,PLESTER ROLL 2 INCH BD V3,ROLL,6,12503.5,75020.98
17/08/2025,Siloam Bali,PT Alkes Prima,MED000483,Underpad 60x60 Medisafe,PACK/10,8,56261.91,450095.29
17/08/2025,Siloam Kebon Jeruk,PT ALKES PRIMA,MED000483,Underpad 60x60 Medisafe,PACK/10,9,55835.34,502518.07
17/08/2025,Siloam Bali,PT Sarana Steril,MED000625,IV Catheter 18G BD,BOX@50,2,319805.21,639610.43
18/08/2025,Siloam Lippo Village,PT Medika Nusantara,MED000182,ECG ELECTRODE ADULT TERUMO V2,PACK/50,2,67429.29,134858.59
18/08/2025,Siloam Lippo Village,PT Medika Nusantara,MED000184,Blood Lancet 28G Terumo V2,BOX@200,21,62834.83,1319531.36
18/08/2025,Siloam Lippo Village,PT MEDIKA NUSANTARA,MED000203,Infusion Set Mikro BD V3,pcs,9,8274.46,74470.11
18/08/2025,Siloam Bali,PT Medika Nusantara,MED000222,Suction Catheter 12Fr B. Braun V3,PCS,13,2813.25,36572.2
18/08/2025,Siloam Lippo Village,PT Medika Nusantara,MED000243,Kasa Steril 16x16 OneMed V4,PACK/10,62,71487.45,4432221.96
18/08/2025,Siloam Kebon Jeruk,PT MEDIKA NUSANTARA,MED000243,Kasa Steril 16x16 OneMed V4,PACK/10,52,73767.09,3835888.87
18/08/2025,Siloam Bali,PT Farmasi Sejahtera,OBT000342,Metformin 500mg Tab Hexpharm,STRIP 10 TAB,5,3831.52,19157.59
18/08/2025,Siloam Lippo Village,PT Farmasi Sejahtera,OBT000342,Metformin 500mg Tab Hexpharm,STRIP 10 TAB,5,3796.68,18983.41
18/08/2025,Siloam Lippo Village,PT FARMASI SEJAHTERA,OBT000349,NACL 0.9% 100ML KALBE,BTL,14,5685.02,79590.26
19/08/2025,Siloam Lippo Village,PT Bio Diagnostik,MED000550,Blood Tube EDTA 3ml Biosystems,BOX@200,4,126234.69,504938.78
20/08/2025,Siloam Bali,PT MEDIKA NUSANTARA,MED000139,ECG ELECTRODE ADULT TERUMO,PACK/50,6,86764.12,520584.7
20/08/2025,Siloam Bali,PT Medika Nusantara,MED000193,Spuit 10cc BD V3,BOX@100,1,123876.56,123876.56
20/08/2025,Siloam Surabaya,PT Farmasi Sejahtera,OBT000390,Ceftriaxone 1g Inj Hexpharm V4,BOX 10 VIAL,41,109658.23,4495987.4
20/08/2025,Siloam Kebon Jeruk,PT Farmasi Sejahtera,OBT000390,Ceftriaxone 1g Inj Hexpharm V4,BOX 10 VIAL,51,108925.82,5555216.95
20/08/2025,Siloam Makassar,PT Farmasi Sejahtera,OBT000399,Meropenem 1g Inj Kalbe V4,VIAL,8,102387.9,819103.17
21/08/2025,Siloam Lippo Village,PT Medika Nusantara,MED000124,Urine Bag 2000ml BD,PCS,12,6776.24,81314.89
21/08/2025,Siloam Surabaya,PT Medika Nusantara,MED000200,Kasa Steril 16x16 Terumo V3,PAK 10,26,45007.11,1170184.78
21/08/2025,Siloam Makassar,PT Medika Nusantara,MED000275,IV Catheter 24G BD V5,Box isi 50,3,513906.85,1541720.56
21/08/2025,Siloam Makassar,PT Farmasi Sejahtera,OBT000372,Omeprazole 20mg Cap Hexpharm V3,VIAL,12,17052.27,204627.26
21/08/2025,Siloam Kebon Jeruk,PT Global Infus,MED000732,INFUSION SET MIKRO TERUMO,pcs,30,8217.7,246530.96
22/08/2025,Siloam Surabaya,PT Medika Nusantara,MED000110,Sarung Tangan Nitrile M Terumo,BOX@100,27,107739.28,2908960.64
22/08/2025,Siloam Makassar,PT MEDIKA NUSANTARA,MED000220,Underpad 60x90 B. Braun V3,PACK/10,17,63418.49,1078114.25
22/08/2025,Siloam Lippo Village,PT Medika Nusantara,MED000220,Underpad 60x90 B. Braun V3,PACK/10,18,64040.09,1152721.69
22/08/2025,Siloam Kebon Jeruk,PT Medika Nusantara,MED000227,Blood Lancet 28G B. Braun V3,BOX@200,129,56084.6,7234913.48
22/08/2025,Siloam Surabaya,PT Medika Nusantara,MED000246,Infusion Set Mikro Medisafe V4,pcs,2,8019.67,16039.33
22/08/2025,Siloam Surabaya,PT Farmasi Sejahtera,OBT000391,Omeprazole 40mg Inj Kalbe V4,VIAL,13,35783.95,465191.35
22/08/2025,Siloam Lippo Village,PT Farmasi Sejahtera,OBT000391,Omeprazole 40mg Inj Kalbe V4,VIAL,11,35813.01,393943.11
22/08/2025,Siloam Surabaya,PT Farmasi Sejahtera,OBT000397,Ranitidine 50mg/2ml Amp Kalbe V4,BOX 10 AMP,15,60878.83,913182.39
22/08/2025,Siloam Lippo Village,PT Farmasi Sejahtera,OBT000397,Ranitidine 50mg/2ml Amp Kalbe V4,BOX 10 AMP,12,59595.2,715142.46
22/08/2025,Siloam Surabaya,PT Sarana Steril,MED000653,NEEDLE HYPODERMIC 21G GEA,BOX@100,1,51011.08,51011.08
22/08/2025,Siloam Lippo Village,PT Sarana Steril,MED000660,SUCTION CATHETER 10FR TERUMO,PCS,18,3192.32,57461.75
23/08/2025,Siloam Surabaya,PT Medika Nusantara,MED000154,Sarung Tangan Nitrile L Terumo V2,BOX@100,12,97072.42,1164869.06
23/08/2025,Siloam Kebon Jeruk,PT Medika Nusantara,MED000179,SUCTION CATHETER 12FR BD V2,PCS,1,3813.1,3813.1
23/08/2025,Siloam Kebon Jeruk,PT Farmasi Sejahtera,OBT000380,Amlodipine 5mg Tab Dexa V3,STRIP 10 TAB,18,7929.83,142737.0
23/08/2025,Siloam Surabaya,PT FARMASI SEJAHTERA,OBT000380,Amlodipine 5mg Tab Dexa V3,STRIP 10 TAB,12,7917.29,95007.53
23/08/2025,Siloam Surabaya,PT Farmasi Sejahtera,OBT000384,DEXAMETHASONE 5MG/ML AMP HEXPHARM V3,BOX 10 AMP,2,20806.97,41613.94
23/08/2025,Siloam Lippo Village,PT Farmasi Sejahtera,OBT000384,DEXAMETHASONE 5MG/ML AMP HEXPHARM V3,BOX 10 AMP,2,20976.14,41952.28
23/08/2025,Siloam Lippo Village,PT Farmasi Sejahtera,OBT000388,NACL 0.9% 500ML HEXPHARM V3,BTL,37,5777.2,213756.26
23/08/2025,Siloam Kebon Jeruk,PT Farmasi Sejahtera,OBT000388,NACL 0.9% 500ML HEXPHARM V3,BTL,17,5919.28,100627.83
24/08/2025,Siloam Lippo Village,PT Medika Nusantara,MED000133,Underpad 60x60 BD,PACK/10,35,33696.92,1179392.31
24/08/2025,Siloam Makassar,PT Medika Nusantara,MED000133,Underpad 60x60 BD,PACK/10,23,32632.05,750537.08
24/08/2025,Siloam Lippo Village,PT Medika Nusantara,MED000224,ALCOHOL SWAB STANDARD BD V3,BOX@100,1,14852.0,14852.0
24/08/2025,Siloam Makassar,PT Medika Nusantara,MED000224,ALCOHOL SWAB STANDARD BD V3,BOX@100,1,15567.36,15567.36
24/08/2025,Siloam Makassar,PT Medika Nusantara,MED000274,IV Catheter 22G BD V5,Box isi 50,57,454021.3,25879213.92
24/08/2025,Siloam Lippo Village,PT Medika Nusantara,MED000274,IV Catheter 22G BD V5,Box isi 50,57,459507.83,26191946.05
24/08/2025,Siloam Kebon Jeruk,PT Farmasi Sejahtera,OBT000354,Paracetamol 1g/100ml Inf Sanbe V2,STRIP 10 TAB,24,3091.17,74188.12
24/08/2025,Siloam Lippo Village,PT Farmasi Sejahtera,OBT000354,Paracetamol 1g/100ml Inf Sanbe V2,STRIP 10 TAB,16,3086.38,49382.07
24/08/2025,Siloam Lippo Village,PT Sarana Steril,MED000650,Urine Bag 1000ml OneMed,PCS,9,8345.42,75108.81
24/08/2025,Siloam Makassar,PT Sarana Steril,MED000650,Urine Bag 1000ml OneMed,PCS,8,8066.42,64531.36
25/08/2025,Siloam Bali,PT Medika Nusantara,MED000223,Suction Catheter 14Fr BD V3,PCS,9,4727.17,42544.55
25/08/2025,Siloam Lippo Village,PT ALKES PRIMA,MED000458,Spuit 20cc OneMed,BOX@100,16,150498.97,2407983.48
25/08/2025,Siloam Lippo Village,PT ALKES PRIMA,MED000480,NEEDLE HYPODERMIC 25G TERUMO,BOX@100,1,47164.61,47164.61
25/08/2025,Siloam Kebon Jeruk,PT Alkes Prima,MED000480,NEEDLE HYPODERMIC 25G TERUMO,BOX@100,1,47971.16,47971.16
25/08/2025,Siloam Makassar,PT Bio Diagnostik,MED000551,Blood Tube EDTA 2ml Biosystems,BOX@100,17,108066.93,1837137.73
25/08/2025,Siloam Surabaya,PT Bio Diagnostik,MED000554,GLUCOSE REAGENT 2X100ML BIOSYSTEMS V2,KIT,13,457688.47,5949950.13
25/08/2025,Siloam Surabaya,PT BIO DIAGNOSTIK,MED000556,Urinalysis Strip 10 Param Roche V2,BOTTLE 100 TEST,2,260662.75,521325.49
25/08/2025,Siloam Lippo Village,PT Bio Diagnostik,MED000556,Urinalysis Strip 10 Param Roche V2,BOTTLE 100 TEST,2,262612.73,525225.46
26/08/2025,Siloam Lippo Village,PT Alkes Prima,MED000482,Three Way Stopcock Extension 10cm Medisafe,PCS,2,4303.94,8607.87
26/08/2025,Siloam Surabaya,PT Alkes Prima,MED000494,IV Catheter 20G Medisafe V2,BOX@50,4,468826.21,1875304.84
26/08/2025,Siloam Bali,PT Bio Diagnostik,MED000555,HbA1c Test Cartridge Diasys V2,BOX 10 TEST,14,724139.82,10137957.51
26/08/2025,Siloam Bali,PT Bio Diagnostik,MED000572,Urinalysis Strip 10 Param Diasys V4,BOTTLE 100 TEST,10,332827.55,3328275.47
27/08/2025,Siloam Lippo Village,PT Medika Nusantara,MED000128,Needle Hypodermic 21G GEA,BOX@100,11,64936.82,714304.98
27/08/2025,Siloam Kebon Jeruk,PT MEDIKA NUSANTARA,MED000128,Needle Hypodermic 21G GEA,BOX@100,24,66003.08,1584073.82
27/08/2025,Siloam Bali,PT Medika Nusantara,MED000231,IV Catheter 22G Medisafe V4,BX 50 PCS,12,361197.96,4334375.58
27/08/2025,Siloam Lippo Village,PT Medika Nusantara,MED000237,Spuit 20cc Terumo V4,BOX@100,2,168013.02,336026.04
27/08/2025,Siloam Kebon Jeruk,PT Medika Nusantara,MED000268,ECG ELECTRODE ADULT ONEMED V4,PACK/50,1,100379.36,100379.36
27/08/2025,Siloam Lippo Village,PT MEDIKA NUSANTARA,MED000268,ECG ELECTRODE ADULT ONEMED V4,PACK/50,1,99526.14,99526.14
27/08/2025,Siloam Surabaya,PT Farmasi Sejahtera,OBT000356,Ondansetron 8mg/4ml Amp Sanbe V2,BOX 5 AMP,3,36024.58,108073.75
27/08/2025,Siloam Kebon Jeruk,PT Farmasi Sejahtera,OBT000356,Ondansetron 8mg/4ml Amp Sanbe V2,BOX 5 AMP,3,37107.05,111321.15
27/08/2025,Siloam Lippo Village,PT Alkes Prima,MED000469,MASKER BEDAH 3 PLY BIRU MEDISAFE,BOX@50,18,26403.99,475271.75
27/08/2025,Siloam Makassar,PT Alkes Prima,MED000490,ECG ELECTRODE PEDIATRIC ONEMED,PACK/50,2,65986.28,131972.55
28/08/2025,Siloam Surabaya,PT MEDIKA NUSANTARA,MED000142,Blood Lancet 30G BD,BOX@200,4,73899.89,295599.56
28/08/2025,Siloam Makassar,PT Medika Nusantara,MED000142,Blood Lancet 30G BD,BOX@200,5,71191.16,355955.78
29/08/2025,Siloam Makassar,PT Medika Nusantara,MED000101,IV Catheter 20G BD,Box isi 50,1,290931.83,290931.83
29/08/2025,Siloam Surabaya,PT Medika Nusantara,MED000215,Needle Hypodermic 23G B. Braun V3,BOX@100,5,80548.01,402740.05
29/08/2025,Siloam Lippo Village,PT Medika Nusantara,MED000215,Needle Hypodermic 23G B. Braun V3,BOX@100,5,82758.08,413790.4
29/08/2025,Siloam Kebon Jeruk,PT ALKES PRIMA,MED000459,SARUNG TANGAN NITRILE S GEA,BOX@100,37,63925.54,2365245.08
29/08/2025,Siloam Bali,PT Alkes Prima,MED000459,SARUNG TANGAN NITRILE S GEA,BOX@100,13,66477.0,864201.0
29/08/2025,Siloam Surabaya,PT Global Infus,MED000726,Sarung Tangan Nitrile L BD,BOX@100,16,86329.27,1381268.34
29/08/2025,Siloam Makassar,PT Global Infus,MED000726,Sarung Tangan Nitrile L BD,BOX@100,16,87328.77,1397260.38
30/08/2025,Siloam Bali,PT Medika Nusantara,MED000119,MASKER BEDAH 3 PLY BIRU MEDISAFE,BOX@50,14,27623.13,386723.79
30/08/2025,Siloam Kebon Jeruk,PT Medika Nusantara,MED000119,MASKER BEDAH 3 PLY BIRU MEDISAFE,BOX@50,11,27690.52,304595.75
30/08/2025,Siloam Kebon Jeruk,PT MEDIKA NUSANTARA,MED000145,IV Catheter 22G B. Braun V2,BOX@50,7,470259.57,3291816.97
30/08/2025,Siloam Lippo Village,PT Medika Nusantara,MED000145,IV Catheter 22G B. Braun V2,BOX@50,7,468445.56,3279118.93
30/08/2025,Siloam Surabaya,PT Medika Nusantara,MED000176,Underpad 60x60 GEA V2,PACK/10,5,77409.3,387046.48
30/08/2025,Siloam Kebon Jeruk,PT Medika Nusantara,MED000176,Underpad 60x60 GEA V2,PACK/10,6,73058.63,438351.8
30/08/2025,Siloam Surabaya,PT Medika Nusantara,MED000202,Infusion Set Anak OneMed V3,pcs,1,12992.26,12992.26
30/08/2025,Siloam Makassar,PT Farmasi Sejahtera,OBT000392,Omeprazole 20mg Cap Hexpharm V4,VIAL,2,22168.67,44337.33
30/08/2025,Siloam Lippo Village,PT Farmasi Sejahtera,OBT000392,Omeprazole 20mg Cap Hexpharm V4,VIAL,1,21669.83,21669.83
30/08/2025,Siloam Lippo Village,PT Alkes Prima,MED000455,Spuit 3cc Medisafe,BOX@200,4,158359.98,633439.92
30/08/2025,Siloam Kebon Jeruk,PT BIO DIAGNOSTIK,MED000549,CRP LATEX 100 TEST ROCHE,KIT,2,753801.58,1507603.15
30/08/2025,Siloam Surabaya,PT Bio Diagnostik,MED000549,CRP LATEX 100 TEST ROCHE,KIT,1,747667.31,747667.31
30/08/2025,Siloam Bali,PT Bio Diagnostik,MED000553,Glucose Reagent 4x50ml Diasys V2,KIT,14,332503.7,4655051.84
30/08/2025,Siloam Kebon Jeruk,PT Bio Diagnostik,MED000553,Glucose Reagent 4x50ml Diasys V2,KIT,7,330788.92,2315522.46
30/08/2025,Siloam Lippo Village,PT Global Infus,MED000736,Foley Catheter 14Fr Terumo,BOX@10,2,175218.43,350436.85
31/08/2025,Siloam Lippo Village,PT Medika Nusantara,MED000181,Alcohol Swab Standard Medisafe V2,BOX@100,5,20562.41,102812.05
31/08/2025,Siloam Makassar,PT Medika Nusantara,MED000181,Alcohol Swab Standard Medisafe V2,BOX@100,3,20827.61,62482.84
31/08/2025,Siloam Lippo Village,PT Alkes Prima,MED000468,Masker Bedah 3 Ply Hijau OneMed,BOX@50,9,31035.9,279323.11
31/08/2025,Siloam Bali,PT Alkes Prima,MED000468,Masker Bedah 3 Ply Hijau OneMed,BOX@50,9,30800.8,277207.2
31/08/2025,Siloam Surabaya,PT Alkes Prima,MED000491,Blood Lancet 28G GEA,BOX@200,2,43906.71,87813.43
31/08/2025,Siloam Kebon Jeruk,PT ALKES PRIMA,MED000491,Blood Lancet 28G GEA,BOX@200,2,45671.39,91342.79
01/09/2025,Siloam Kebon Jeruk,PT Medika Nusantara,MED000137,Suction Catheter 14Fr B. Braun,PCS,16,2952.08,47233.3
01/09/2025,Siloam Bali,PT Medika Nusantara,MED000144,IV CATHETER 20G ONEMED V2,Box isi 50,14,485897.55,6802565.7
01/09/2025,Siloam Surabaya,PT Farmasi Sejahtera,OBT000336,ONDANSETRON 8MG/4ML AMP KALBE,BOX 5 AMP,6,62601.47,375608.83
01/09/2025,Siloam Kebon Jeruk,PT Farmasi Sejahtera,OBT000336,ONDANSETRON 8MG/4ML AMP KALBE,BOX 5 AMP,4,64728.77,258915.09
01/09/2025,Siloam Kebon Jeruk,PT FARMASI SEJAHTERA,OBT000340,Amlodipine 5mg Tab Kalbe,STRIP 10 TAB,14,5782.4,80953.59
01/09/2025,Siloam Bali,PT Alkes Prima,MED000450,IV CATHETER 18G ONEMED,BOX@50,8,563067.55,4504540.39
01/09/2025,Siloam Lippo Village,PT Alkes Prima,MED000450,IV CATHETER 18G ONEMED,BOX@50,7,553191.05,3872337.35
02/09/2025,Siloam Surabaya,PT Medika Nusantara,MED000102,IV Catheter 22G Terumo,Box isi 50,10,505256.71,5052567.13
02/09/2025,Siloam Surabaya,PT Medika Nusantara,MED000103,IV CATHETER 24G TERUMO,BOX@50,12,9935.91,119230.86
02/09/2025,Siloam Makassar,PT Medika Nusantara,MED000103,IV CATHETER 24G TERUMO,BOX@50,7,9811.07,68677.51
02/09/2025,Siloam Surabaya,PT MEDIKA NUSANTARA,MED000171,Needle Hypodermic 21G BD V2,BOX@100,12,53851.69,646220.33
02/09/2025,Siloam Lippo Village,PT Medika Nusantara,MED000196,Sarung Tangan Nitrile M BD V3,BOX@100,1,89136.67,89136.67
02/09/2025,Siloam Kebon Jeruk,PT Medika Nusantara,MED000196,Sarung Tangan Nitrile M BD V3,BOX@100,1,87828.67,87828.67
02/09/2025,Siloam Bali,PT FARMASI SEJAHTERA,OBT000367,Ringer Laktat 500ml Kalbe V2,CTN 20 BTL,7,202923.34,1420463.36
02/09/2025,Siloam Kebon Jeruk,PT FARMASI SEJAHTERA,OBT000367,Ringer Laktat 500ml Kalbe V2,CTN 20 BTL,7,204197.01,1429379.07
02/09/2025,Siloam Makassar,PT Farmasi Sejahtera,OBT000389,NaCl 0.9% 100ml Novell V3,BTL,10,10804.3,108043.0
02/09/2025,Siloam Lippo Village,PT Farmasi Sejahtera,OBT000389,NaCl 0.9% 100ml Novell V3,BTL,7,10693.09,74851.61
02/09/2025,Siloam Surabaya,PT Global Infus,MED000720,Spuit 3cc GEA,BOX@200,6,174369.55,1046217.29
03/09/2025,Siloam Kebon Jeruk,PT Medika Nusantara,MED000114,KASA STERIL 16X16 BD,PACK/10,3,46888.41,140665.23
03/09/2025,Siloam Surabaya,PT Medika Nusantara,MED000114,KASA STERIL 16X16 BD,PACK/10,3,44632.17,133896.5
03/09/2025,Siloam Lippo Village,PT MEDIKA NUSANTARA,MED000153,SARUNG TANGAN NITRILE M TERUMO V2,Box isi 100,34,118098.27,4015341.18
03/09/2025,Siloam Surabaya,PT Medika Nusantara,MED000238,SARUNG TANGAN NITRILE S BD V4,Box isi 100,16,72545.51,1160728.18
03/09/2025,Siloam Bali,PT Alkes Prima,MED000457,Spuit 10cc B. Braun,1 BOX = 100 PCS,14,162794.72,2279126.07
03/09/2025,Siloam Lippo Village,PT Alkes Prima,MED000457,Spuit 10cc B. Braun,1 BOX = 100 PCS,19,162459.15,3086723.79
04/09/2025,Siloam Bali,PT Medika Nusantara,MED000109,Sarung Tangan Nitrile S OneMed,Box isi 100,1,92807.5,92807.5
04/09/2025,Siloam Kebon Jeruk,PT Medika Nusantara,MED000135,Suction Catheter 10Fr BD,PCS,11,2632.95,28962.49
04/09/2025,Siloam Bali,PT Medika Nusantara,MED000140,ECG Electrode Pediatric Terumo,PACK/50,6,129654.24,777925.42
04/09/2025,Siloam Makassar,PT MEDIKA NUSANTARA,MED000276,Spuit 1cc OneMed V5,BOX@100,43,165134.03,7100763.2
04/09/2025,Siloam Kebon Jeruk,PT MEDIKA NUSANTARA,MED000276,Spuit 1cc OneMed V5,BOX@100,76,171297.52,13018611.2
04/09/2025,Siloam Kebon Jeruk,PT Medika Nusantara,MED000277,Spuit 3cc OneMed V5,1 BOX = 100 PCS,3,104287.32,312861.96
04/09/2025,Siloam Bali,PT Medika Nusantara,MED000277,Spuit 3cc OneMed V5,1 BOX = 100 PCS,1,102675.13,102675.13
04/09/2025,Siloam Lippo Village,PT Farmasi Sejahtera,OBT000374,Paracetamol 1g/100ml Inf Novell V3,STRIP 10 TAB,10,3809.52,38095.2
04/09/2025,Siloam Lippo Village,PT Farmasi Sejahtera,OBT000382,Metformin 500mg Tab Hexpharm V3,STRIP 10 TAB,4,2749.96,10999.83
04/09/2025,Siloam Makassar,PT FARMASI SEJAHTERA,OBT000382,Metformin 500mg Tab Hexpharm V3,STRIP 10 TAB,7,2867.21,20070.47
05/09/2025,Siloam Makassar,PT Medika Nusantara,MED000170,PLESTER ROLL 2 INCH B. BRAUN V2,BOX@12,2,139922.01,279844.03
05/09/2025,Siloam Kebon Jeruk,PT Medika Nusantara,MED000263,UNDERPAD 60X90 ONEMED V4,PACK/10,6,46971.0,281826.03
05/09/2025,Siloam Makassar,PT MEDIKA NUSANTARA,MED000263,UNDERPAD 60X90 ONEMED V4,PACK/10,3,44842.28,134526.85
05/09/2025,Siloam Bali,PT Medika Nusantara,MED000278,Spuit 5cc Terumo V5,BOX@100,6,110756.72,664540.31
05/09/2025,Siloam Kebon Jeruk,PT Farmasi Sejahtera,OBT000358,Ketorolac 30mg/ml Amp Hexpharm V2,BOX 10 AMP,14,100305.42,1404275.92
05/09/2025,Siloam Bali,PT Farmasi Sejahtera,OBT000358,Ketorolac 30mg/ml Amp Hexpharm V2,BOX 10 AMP,11,101221.64,1113438.0
05/09/2025,Siloam Kebon Jeruk,PT Farmasi Sejahtera,OBT000378,Ketorolac 30mg/ml Amp Dexa V3,BOX 10 AMP,6,77345.52,464073.13
05/09/2025,Siloam Surabaya,PT Farmasi Sejahtera,OBT000378,Ketorolac 30mg/ml Amp Dexa V3,BOX 10 AMP,3,73721.25,221163.76
10/09/2025,Siloam Makassar,PT Medika Nusantara,MED000167,URINE BAG 2000ML TERUMO V2,PCS,3,5983.19,17949.58
10/09/2025,Siloam Makassar,PT Farmasi Sejahtera,OBT000357,Ranitidine 50mg/2ml Amp Kalbe V2,BOX 10 AMP,5,57618.05,288090.23
10/09/2025,Siloam Surabaya,PT Farmasi Sejahtera,OBT000357,Ranitidine 50mg/2ml Amp Kalbe V2,BOX 10 AMP,7,57105.03,399735.18
10/09/2025,Siloam Surabaya,PT Sarana Steril,MED000644,Masker Bedah 3 Ply Biru Medisafe,BOX@50,1,28004.27,28004.27
11/09/2025,Siloam Lippo Village,PT Medika Nusantara,MED000107,Spuit 10cc OneMed,1 BOX = 100 PCS,1,174462.99,174462.99
11/09/2025,Siloam Lippo Village,PT Medika Nusantara,MED000138,Alcohol Swab Standard Medisafe,BOX@100,2,27197.05,54394.11
11/09/2025,Siloam Surabaya,PT Medika Nusantara,MED000138,Alcohol Swab Standard Medisafe,BOX@100,4,26919.73,107678.91
11/09/2025,Siloam Makassar,PT Medika Nusantara,MED000155,KASA STERIL 5X5 BD V2,PACK/10,7,52964.25,370749.78
11/09/2025,Siloam Bali,PT Medika Nusantara,MED000155,KASA STERIL 5X5 BD V2,PACK/10,6,54355.17,326131.01
11/09/2025,Siloam Surabaya,PT Alkes Prima,MED000486,Suction Catheter 12Fr OneMed,PCS,2,4525.53,9051.06
11/09/2025,Siloam Bali,PT BIO DIAGNOSTIK,MED000548,Urinalysis Strip 10 Param Diasys,BOTTLE 100 TEST,1,3989.46,3989.46
11/09/2025,Siloam Makassar,PT GLOBAL INFUS,MED000733,Masker Bedah 3 Ply Hijau Medisafe,BOX@50,17,26885.4,457051.88
11/09/2025,Siloam Bali,PT Global Infus,MED000733,Masker Bedah 3 Ply Hijau Medisafe,BOX@50,15,26133.84,392007.53
12/09/2025,Siloam Surabaya,PT Farmasi Sejahtera,OBT000358,Ketorolac 30mg/ml Amp Hexpharm V2,BOX 10 AMP,11,100024.36,1100267.98
12/09/2025,Siloam Lippo Village,PT Farmasi Sejahtera,OBT000358,Ketorolac 30mg/ml Amp Hexpharm V2,BOX 10 AMP,14,101275.62,1417858.63
12/09/2025,Siloam Kebon Jeruk,PT Farmasi Sejahtera,OBT000359,Meropenem 1g Inj Sanbe V2,VIAL,30,117388.41,3521652.44
12/09/2025,Siloam Lippo Village,PT Alkes Prima,MED000492,Blood Lancet 30G Medisafe,BOX@200,79,49454.11,3906874.65
12/09/2025,Siloam Surabaya,PT Alkes Prima,MED000492,Blood Lancet 30G Medisafe,BOX@200,80,50006.1,4000488.19
12/09/2025,Siloam Lippo Village,PT BIO DIAGNOSTIK,MED000558,Blood Tube EDTA 3ml Biosystems V2,BOX@100,3,200601.5,601804.5
12/09/2025,Siloam Bali,PT Bio Diagnostik,MED000558,Blood Tube EDTA 3ml Biosystems V2,BOX@100,3,202788.88,608366.63
13/09/2025,Siloam Makassar,PT MEDIKA NUSANTARA,MED000208,FOLEY CATHETER 16FR GEA V3,BOX@10,3,191080.01,573240.03
13/09/2025,Siloam Surabaya,PT Medika Nusantara,MED000208,FOLEY CATHETER 16FR GEA V3,BOX@10,3,192289.06,576867.17
13/09/2025,Siloam Makassar,PT MEDIKA NUSANTARA,MED000226,ECG Electrode Pediatric B. Braun V3,PACK/50,1,76020.72,76020.72
13/09/2025,Siloam Lippo Village,PT Farmasi Sejahtera,OBT000361,AMLODIPINE 10MG TAB DEXA V2,STRIP 10 TAB,8,6750.37,54002.99
13/09/2025,Siloam Surabaya,PT Bio Diagnostik,MED000545,Glucose Reagent 4x50ml Roche,KIT,1,627234.77,627234.77
14/09/2025,Siloam Kebon Jeruk,PT Medika Nusantara,MED000254,URINE BAG 1000ML TERUMO V4,PCS,32,4613.51,147632.45
14/09/2025,Siloam Bali,PT Medika Nusantara,MED000254,URINE BAG 1000ML TERUMO V4,PCS,25,4581.05,114526.16
15/09/2025,Siloam Lippo Village,PT Medika Nusantara,MED000154,Sarung Tangan Nitrile L Terumo V2,BOX@100,16,92806.87,1484909.89
15/09/2025,Siloam Bali,PT Medika Nusantara,MED000192,SPUIT 5CC MEDISAFE V3,1 BOX = 100 PCS,11,133071.56,1463787.14
15/09/2025,Siloam Kebon Jeruk,PT Farmasi Sejahtera,OBT000367,Ringer Laktat 500ml Kalbe V2,CTN 20 BTL,6,198489.09,1190934.52
15/09/2025,Siloam Lippo Village,PT Farmasi Sejahtera,OBT000367,Ringer Laktat 500ml Kalbe V2,CTN 20 BTL,5,206846.63,1034233.16
15/09/2025,Siloam Lippo Village,PT Farmasi Sejahtera,OBT000383,Metformin 850mg Tab Novell V3,STRIP 10 TAB,6,3443.62,20661.7
15/09/2025,Siloam Makassar,PT Sarana Steril,MED000651,Plester Roll 1 inch BD,ROLL,34,14142.36,480840.11
15/09/2025,Siloam Surabaya,PT SARANA STERIL,MED000651,Plester Roll 1 inch BD,ROLL,33,14436.84,476415.72
16/09/2025,Siloam Kebon Jeruk,PT Medika Nusantara,MED000169,PLESTER ROLL 1 INCH B. BRAUN V2,ROLL,44,9152.15,402694.39
16/09/2025,Siloam Surabaya,PT Medika Nusantara,MED000258,NEEDLE HYPODERMIC 23G B. BRAUN V4,BOX@100,4,63265.7,253062.8
16/09/2025,Siloam Surabaya,PT Alkes Prima,MED000467,INFUSION SET MIKRO B. BRAUN,pcs,1,8031.52,8031.52
16/09/2025,Siloam Makassar,PT Alkes Prima,MED000467,INFUSION SET MIKRO B. BRAUN,pcs,2,7964.63,15929.26
16/09/2025,Siloam Kebon Jeruk,PT Bio Diagnostik,MED000552,Blood Tube Serum 5ml Diasys,BOX@100,2,145885.6,291771.19
16/09/2025,Siloam Surabaya,PT Bio Diagnostik,MED000552,Blood Tube Serum 5ml Diasys,BOX@100,3,142124.95,426374.84
16/09/2025,Siloam Makassar,PT Global Infus,MED000738,FOLEY CATHETER 18FR BD,BOX@10,8,137387.02,1099096.14
16/09/2025,Siloam Kebon Jeruk,PT Global Infus,MED000738,FOLEY CATHETER 18FR BD,BOX@10,8,141329.16,1130633.31
17/09/2025,Siloam Surabaya,PT Medika Nusantara,MED000201,Infusion Set Dewasa Terumo V3,PCS,16,8292.28,132676.54
19/09/2025,Siloam Kebon Jeruk,PT Medika Nusantara,MED000122,Foley Catheter 16Fr GEA,BOX@10,3,186005.21,558015.62
19/09/2025,Siloam Kebon Jeruk,PT MEDIKA NUSANTARA,MED000190,SPUIT 1CC TERUMO V3,BOX@100,2,117907.75,235815.49
19/09/2025,Siloam Lippo Village,PT Medika Nusantara,MED000190,SPUIT 1CC TERUMO V3,BOX@100,1,120263.21,120263.21
19/09/2025,Siloam Lippo Village,PT Medika Nusantara,MED000202,Infusion Set Anak OneMed V3,pcs,2,13192.02,26384.04
19/09/2025,Siloam Surabaya,PT Medika Nusantara,MED000222,Suction Catheter 12Fr B. Braun V3,PCS,17,2947.87,50113.77
19/09/2025,Siloam Lippo Village,PT Medika Nusantara,MED000222,Suction Catheter 12Fr B. Braun V3,PCS,9,2801.4,25212.57
19/09/2025,Siloam Lippo Village,PT Alkes Prima,MED000491,Blood Lancet 28G GEA,BOX@200,1,44283.75,44283.75
19/09/2025,Siloam Bali,PT Sarana Steril,MED000645,Foley Catheter 12Fr Medisafe,PCS,5,23274.78,116373.92
19/09/2025,Siloam Kebon Jeruk,PT Sarana Steril,MED000645,Foley Catheter 12Fr Medisafe,PCS,8,22741.85,181934.81
19/09/2025,Siloam Makassar,PT SARANA STERIL,MED000658,Underpad 60x60 GEA,PACK/10,5,48916.66,244583.28
19/09/2025,Siloam Bali,PT SARANA STERIL,MED000658,Underpad 60x60 GEA,PACK/10,3,50693.33,152079.98
19/09/2025,Siloam Lippo Village,PT Sarana Steril,MED000659,Underpad 60x90 BD,PACK/10,1,64239.91,64239.91
19/09/2025,Siloam Surabaya,PT Sarana Steril,MED000659,Underpad 60x90 BD,PACK/10,1,67321.9,67321.9
20/09/2025,Siloam Surabaya,PT MEDIKA NUSANTARA,MED000243,Kasa Steril 16x16 OneMed V4,PACK/10,56,74746.16,4185785.14
20/09/2025,Siloam Bali,PT Medika Nusantara,MED000243,Kasa Steril 16x16 OneMed V4,PACK/10,29,72017.87,2088518.17
21/09/2025,Siloam Lippo Village,PT Medika Nusantara,MED000235,Spuit 5cc Medisafe V4,BOX@100,9,160014.39,1440129.55
21/09/2025,Siloam Makassar,PT Medika Nusantara,MED000235,Spuit 5cc Medisafe V4,BOX@100,10,160187.79,1601877.9
22/09/2025,Siloam Makassar,PT MEDIKA NUSANTARA,MED000123,Foley Catheter 18Fr Medisafe,PCS,11,17019.21,187211.3
22/09/2025,Siloam Bali,PT MEDIKA NUSANTARA,MED000123,Foley Catheter 18Fr Medisafe,PCS,14,16535.19,231492.68
22/09/2025,Siloam Lippo Village,PT Medika Nusantara,MED000162,Masker Bedah 3 Ply Biru BD V2,BOX@50,9,39456.68,355110.08
22/09/2025,Siloam Bali,PT Medika Nusantara,MED000162,Masker Bedah 3 Ply Biru BD V2,BOX@50,11,41347.75,454825.3
22/09/2025,Siloam Lippo Village,PT Farmasi Sejahtera,OBT000387,RINGER LAKTAT 500ML DEXA V3,CTN 20 BTL,4,116818.34,467273.37
22/09/2025,Siloam Lippo Village,PT Global Infus,MED000723,Spuit 20cc Medisafe,1 BOX = 100 PCS,1,104272.4,104272.4
22/09/2025,Siloam Makassar,PT GLOBAL INFUS,MED000723,Spuit 20cc Medisafe,1 BOX = 100 PCS,1,103774.56,103774.56
23/09/2025,Siloam Lippo Village,PT Medika Nusantara,MED000147,SPUIT 1CC ONEMED V2,BOX@100,4,163780.58,655122.34
23/09/2025,Siloam Bali,PT MEDIKA NUSANTARA,MED000147,SPUIT 1CC ONEMED V2,BOX@100,4,167970.17,671880.69
23/09/2025,Siloam Makassar,PT Medika Nusantara,MED000246,Infusion Set Mikro Medisafe V4,pcs,1,7972.82,7972.82
23/09/2025,Siloam Makassar,PT Farmasi Sejahtera,OBT000349,NACL 0.9% 100ML KALBE,BTL,11,5650.4,62154.41
23/09/2025,Siloam Kebon Jeruk,PT Bio Diagnostik,MED000559,Blood Tube EDTA 2ml Biosystems V2,BOX@100,20,125350.39,2507007.81
23/09/2025,Siloam Bali,PT Bio Diagnostik,MED000559,Blood Tube EDTA 2ml Biosystems V2,BOX@100,10,130197.49,1301974.86
23/09/2025,Siloam Bali,PT Sarana Steril,MED000637,Kasa Steril 5x5 Medisafe,PACK/10,18,51305.94,923506.96
23/09/2025,Siloam Surabaya,PT Sarana Steril,MED000637,Kasa Steril 5x5 Medisafe,PACK/10,33,51205.21,1689771.9
24/09/2025,Siloam Lippo Village,PT Medika Nusantara,MED000149,SPUIT 5CC GEA V2,1 BOX = 100 PCS,13,106486.58,1384325.56
24/09/2025,Siloam Surabaya,PT Medika Nusantara,MED000194,Spuit 20cc BD V3,1 BOX = 100 PCS,6,128890.16,773340.98
24/09/2025,Siloam Surabaya,PT FARMASI SEJAHTERA,OBT000362,METFORMIN 500MG TAB SANBE V2,STRIP 10 TAB,27,2947.15,79572.93
24/09/2025,Siloam Makassar,PT Farmasi Sejahtera,OBT000362,METFORMIN 500MG TAB SANBE V2,STRIP 10 TAB,28,2917.01,81676.3
24/09/2025,Siloam Makassar,PT Global Infus,MED000726,Sarung Tangan Nitrile L BD,BOX@100,20,87508.45,1750169.04
24/09/2025,Siloam Kebon Jeruk,PT Global Infus,MED000728,Kasa Steril 10x10 GEA,PAK 10,21,44311.81,930548.1
25/09/2025,Siloam Kebon Jeruk,PT Medika Nusantara,MED000128,Needle Hypodermic 21G GEA,BOX@100,26,66765.23,1735896.1
25/09/2025,Siloam Makassar,PT MEDIKA NUSANTARA,MED000128,Needle Hypodermic 21G GEA,BOX@100,14,66253.04,927542.61
25/09/2025,Siloam Makassar,PT Medika Nusantara,MED000145,IV Catheter 22G B. Braun V2,BOX@50,3,480469.45,1441408.35
25/09/2025,Siloam Kebon Jeruk,PT Medika Nusantara,MED000145,IV Catheter 22G B. Braun V2,BOX@50,3,470655.31,1411965.94
25/09/2025,Siloam Bali,PT FARMASI SEJAHTERA,OBT000354,Paracetamol 1g/100ml Inf Sanbe V2,STRIP 10 TAB,31,3092.79,95876.47
25/09/2025,Siloam Lippo Village,PT Farmasi Sejahtera,OBT000354,Paracetamol 1g/100ml Inf Sanbe V2,STRIP 10 TAB,28,3067.45,85888.55
25/09/2025,Siloam Surabaya,PT Bio Diagnostik,MED000561,GLUCOSE REAGENT 4X50ML SYSMEX V3,KIT,1,525465.64,525465.64
26/09/2025,Siloam Lippo Village,PT MEDIKA NUSANTARA,MED000135,Suction Catheter 10Fr BD,PCS,6,2507.69,15046.14
26/09/2025,Siloam Makassar,PT Medika Nusantara,MED000213,PLESTER ROLL 2 INCH BD V3,ROLL,4,11965.97,47863.87
26/09/2025,Siloam Bali,PT MEDIKA NUSANTARA,MED000213,PLESTER ROLL 2 INCH BD V3,ROLL,4,12394.48,49577.94
26/09/2025,Siloam Lippo Village,PT Medika Nusantara,MED000220,Underpad 60x90 B. Braun V3,PACK/10,15,63471.54,952073.03
26/09/2025,Siloam Bali,PT Medika Nusantara,MED000220,Underpad 60x90 B. Braun V3,PACK/10,7,66551.88,465863.13
26/09/2025,Siloam Bali,PT Medika Nusantara,MED000233,SPUIT 1CC B. BRAUN V4,BOX@100,2,151585.43,303170.87
26/09/2025,Siloam Lippo Village,PT Farmasi Sejahtera,OBT000341,Amlodipine 10mg Tab Kalbe,STRIP 10 TAB,3,4898.85,14696.55
26/09/2025,Siloam Kebon Jeruk,PT Farmasi Sejahtera,OBT000341,Amlodipine 10mg Tab Kalbe,STRIP 10 TAB,4,4878.04,19512.16
26/09/2025,Siloam Kebon Jeruk,PT ALKES PRIMA,MED000482,Three Way Stopcock Extension 10cm Medisafe,PCS,2,4200.29,8400.59
26/09/2025,Siloam Bali,PT Alkes Prima,MED000482,Three Way Stopcock Extension 10cm Medisafe,PCS,4,4403.99,17615.95
26/09/2025,Siloam Surabaya,PT Sarana Steril,MED000630,Spuit 3cc OneMed,BOX@200,9,132145.36,1189308.27
26/09/2025,Siloam Kebon Jeruk,PT Sarana Steril,MED000630,Spuit 3cc OneMed,BOX@200,5,130806.86,654034.31
27/09/2025,Siloam Surabaya,PT MEDIKA NUSANTARA,MED000109,Sarung Tangan Nitrile S OneMed,Box isi 100,1,89948.83,89948.83
27/09/2025,Siloam Kebon Jeruk,PT Medika Nusantara,MED000182,ECG ELECTRODE ADULT TERUMO V2,PACK/50,2,68441.55,136883.11
27/09/2025,Siloam Kebon Jeruk,PT MEDIKA NUSANTARA,MED000183,ECG Electrode Pediatric Terumo V2,PACK/50,4,103183.19,412732.77
27/09/2025,Siloam Kebon Jeruk,PT Medika Nusantara,MED000211,Urine Bag 1000ml BD V3,PCS,4,5195.89,20783.56
27/09/2025,Siloam Lippo Village,PT Medika Nusantara,MED000211,Urine Bag 1000ml BD V3,PCS,2,5066.58,10133.16
27/09/2025,Siloam Lippo Village,PT Sarana Steril,MED000625,IV Catheter 18G BD,BOX@50,2,318141.79,636283.58
27/09/2025,Siloam Makassar,PT Global Infus,MED000734,MASKER BEDAH 3 PLY BIRU B. BRAUN,BOX@50,12,30690.53,368286.38
28/09/2025,Siloam Bali,PT MEDIKA NUSANTARA,MED000111,Sarung Tangan Nitrile L GEA,Box isi 100,20,78956.17,1579123.37
28/09/2025,Siloam Surabaya,PT Medika Nusantara,MED000140,ECG Electrode Pediatric Terumo,PACK/50,14,123791.15,1733076.08
28/09/2025,Siloam Surabaya,PT MEDIKA NUSANTARA,MED000218,Three Way Stopcock Extension 10cm BD V3,PCS,13,5590.69,72678.93
28/09/2025,Siloam Lippo Village,PT Medika Nusantara,MED000218,Three Way Stopcock Extension 10cm BD V3,PCS,13,5635.77,73265.04
28/09/2025,Siloam Kebon Jeruk,PT Farmasi Sejahtera,OBT000381,AMLODIPINE 10MG TAB DEXA V3,BOX 30 TAB,22,22839.08,502459.71
28/09/2025,Siloam Surabaya,PT Farmasi Sejahtera,OBT000381,AMLODIPINE 10MG TAB DEXA V3,BOX 30 TAB,23,23165.7,532811.04
28/09/2025,Siloam Makassar,PT FARMASI SEJAHTERA,OBT000391,Omeprazole 40mg Inj Kalbe V4,VIAL,7,35893.57,251254.96
28/09/2025,Siloam Kebon Jeruk,PT Farmasi Sejahtera,OBT000391,Omeprazole 40mg Inj Kalbe V4,VIAL,12,34026.17,408314.0
28/09/2025,Siloam Bali,PT Alkes Prima,MED000477,PLESTER ROLL 2 INCH BD,ROLL,6,14950.7,89704.19
28/09/2025,Siloam Makassar,PT Alkes Prima,MED000477,PLESTER ROLL 2 INCH BD,ROLL,5,15177.88,75889.4
28/09/2025,Siloam Lippo Village,PT Alkes Prima,MED000481,Three Way Stopcock Standard BD,PCS,23,2649.35,60935.15
28/09/2025,Siloam Bali,PT Sarana Steril,MED000657,Three Way Stopcock Extension 10cm Terumo,BOX@50,16,241741.92,3867870.67
28/09/2025,Siloam Surabaya,PT Sarana Steril,MED000657,Three Way Stopcock Extension 10cm Terumo,BOX@50,24,243597.59,5846342.06
29/09/2025,Siloam Kebon Jeruk,PT Medika Nusantara,MED000165,Foley Catheter 16Fr B. Braun V2,BOX@10,6,236604.68,1419628.11
29/09/2025,Siloam Surabaya,PT MEDIKA NUSANTARA,MED000165,Foley Catheter 16Fr B. Braun V2,BOX@10,4,232796.23,931184.91
29/09/2025,Siloam Kebon Jeruk,PT Medika Nusantara,MED000228,BLOOD LANCET 30G MEDISAFE V3,BOX@200,2,52011.79,104023.57
29/09/2025,Siloam Makassar,PT MEDIKA NUSANTARA,MED000228,BLOOD LANCET 30G MEDISAFE V3,BOX@200,4,53002.57,212010.27
29/09/2025,Siloam Kebon Jeruk,PT Medika Nusantara,MED000236,SPUIT 10CC BD V4,BOX@100,41,109454.7,4487642.81
29/09/2025,Siloam Makassar,PT Medika Nusantara,MED000236,SPUIT 10CC BD V4,BOX@100,33,105376.54,3477425.86
29/09/2025,Siloam Surabaya,PT FARMASI SEJAHTERA,OBT000351,Omeprazole 40mg Inj Hexpharm V2,VIAL,12,24691.7,296300.37
29/09/2025,Siloam Bali,PT Farmasi Sejahtera,OBT000351,Omeprazole 40mg Inj Hexpharm V2,VIAL,28,24708.65,691842.24
29/09/2025,Siloam Makassar,PT Farmasi Sejahtera,OBT000386,FUROSEMIDE 40MG TAB KALBE V3,STRIP 10 TAB,9,23859.04,214731.39
29/09/2025,Siloam Kebon Jeruk,PT Farmasi Sejahtera,OBT000386,FUROSEMIDE 40MG TAB KALBE V3,STRIP 10 TAB,4,22827.08,91308.31
29/09/2025,Siloam Surabaya,PT Alkes Prima,MED000484,UNDERPAD 60X90 ONEMED,PACK/10,9,60940.78,548467.06
30/09/2025,Siloam Surabaya,PT Medika Nusantara,MED000121,Foley Catheter 14Fr Medisafe,PCS,13,11289.14,146758.88
30/09/2025,Siloam Bali,PT Medika Nusantara,MED000121,Foley Catheter 14Fr Medisafe,PCS,5,11334.2,56670.99
30/09/2025,Siloam Surabaya,PT Medika Nusantara,MED000148,Spuit 3cc OneMed V2,1 BOX = 100 PCS,6,175039.84,1050239.06
30/09/2025,Siloam Lippo Village,PT Medika Nusantara,MED000148,Spuit 3cc OneMed V2,1 BOX = 100 PCS,6,170057.15,1020342.91
30/09/2025,Siloam Kebon Jeruk,PT Medika Nusantara,MED000196,Sarung Tangan Nitrile M BD V3,BOX@100,1,89657.67,89657.67
30/09/2025,Siloam Lippo Village,PT Alkes Prima,MED000465,Infusion Set Dewasa OneMed,PCS,4,8220.69,32882.74
30/09/2025,Siloam Bali,PT ALKES PRIMA,MED000470,Foley Catheter 12Fr GEA,BOX@10,5,141809.73,709048.66
30/09/2025,Siloam Surabaya,PT Alkes Prima,MED000471,Foley Catheter 14Fr Terumo,PCS,5,17255.43,86277.14
30/09/2025,Siloam Kebon Jeruk,PT Alkes Prima,MED000471,Foley Catheter 14Fr Terumo,PCS,11,17810.07,195910.82
30/09/2025,Siloam Makassar,PT ALKES PRIMA,MED000479,Needle Hypodermic 23G Medisafe,BOX@100,26,62770.55,1632034.42
01/10/2025,Siloam Makassar,PT Medika Nusantara,MED000124,Urine Bag 2000ml BD,PCS,5,6647.8,33239.01
01/10/2025,Siloam Lippo Village,PT Medika Nusantara,MED000124,Urine Bag 2000ml BD,PCS,7,6889.03,48223.2
01/10/2025,Siloam Kebon Jeruk,PT Sarana Steril,MED000632,Spuit 10cc BD,BOX@100,6,93691.38,562148.26
02/10/2025,Siloam Lippo Village,PT MEDIKA NUSANTARA,MED000150,SPUIT 10CC TERUMO V2,1 BOX = 100 PCS,15,211008.99,3165134.85
02/10/2025,Siloam Surabaya,PT Medika Nusantara,MED000278,Spuit 5cc Terumo V5,BOX@100,12,111688.34,1340260.13
02/10/2025,Siloam Lippo Village,PT Farmasi Sejahtera,OBT000337,RANITIDINE 50MG/2ML AMP NOVELL,BOX 10 AMP,6,43044.44,258266.66
02/10/2025,Siloam Kebon Jeruk,PT Alkes Prima,MED000463,Kasa Steril 10x10 BD,PACK/10,78,72084.47,5622588.64
02/10/2025,Siloam Lippo Village,PT Alkes Prima,MED000463,Kasa Steril 10x10 BD,PACK/10,63,68115.4,4291270.47
03/10/2025,Siloam Surabaya,PT Medika Nusantara,MED000176,Underpad 60x60 GEA V2,PACK/10,12,75070.38,900844.53
03/10/2025,Siloam Makassar,PT Medika Nusantara,MED000176,Underpad 60x60 GEA V2,PACK/10,5,75034.97,375174.87
03/10/2025,Siloam Kebon Jeruk,PT Medika Nusantara,MED000204,MASKER BEDAH 3 PLY HIJAU TERUMO V3,BOX@50,1,30494.25,30494.25
03/10/2025,Siloam Surabaya,PT Medika Nusantara,MED000204,MASKER BEDAH 3 PLY HIJAU TERUMO V3,BOX@50,1,31427.88,31427.88
04/10/2025,Siloam Surabaya,PT Farmasi Sejahtera,OBT000343,METFORMIN 850MG TAB HEXPHARM,STRIP 10 TAB,1,3544.01,3544.01
04/10/2025,Siloam Bali,PT Farmasi Sejahtera,OBT000372,Omeprazole 20mg Cap Hexpharm V3,VIAL,32,17153.03,548896.9
04/10/2025,Siloam Makassar,PT Farmasi Sejahtera,OBT000372,Omeprazole 20mg Cap Hexpharm V3,VIAL,28,16937.45,474248.6
04/10/2025,Siloam Kebon Jeruk,PT FARMASI SEJAHTERA,OBT000397,Ranitidine 50mg/2ml Amp Kalbe V4,BOX 10 AMP,16,58566.51,937064.15
04/10/2025,Siloam Bali,PT Farmasi Sejahtera,OBT000397,Ranitidine 50mg/2ml Amp Kalbe V4,BOX 10 AMP,15,61714.61,925719.17
04/10/2025,Siloam Surabaya,PT Alkes Prima,MED000460,Sarung Tangan Nitrile M B. Braun,BOX@100,1,64017.69,64017.69
04/10/2025,Siloam Lippo Village,PT Alkes Prima,MED000460,Sarung Tangan Nitrile M B. Braun,BOX@100,1,61766.78,61766.78
05/10/2025,Siloam Lippo Village,PT Medika Nusantara,MED000127,Plester Roll 2 inch B. Braun,ROLL,20,17551.89,351037.8
05/10/2025,Siloam Surabaya,PT Medika Nusantara,MED000127,Plester Roll 2 inch B. Braun,ROLL,18,17666.34,317994.08
05/10/2025,Siloam Makassar,PT Medika Nusantara,MED000230,IV Catheter 20G OneMed V4,Box isi 50,31,308558.66,9565318.44
05/10/2025,Siloam Kebon Jeruk,PT Medika Nusantara,MED000230,IV Catheter 20G OneMed V4,Box isi 50,38,297569.53,11307642.18
05/10/2025,Siloam Lippo Village,PT Medika Nusantara,MED000234,Spuit 3cc Terumo V4,BOX@100,29,176263.3,5111635.67
05/10/2025,Siloam Makassar,PT FARMASI SEJAHTERA,OBT000375,ONDANSETRON 4MG/2ML AMP NOVELL V3,AMP,35,15588.44,545595.32
05/10/2025,Siloam Bali,PT Farmasi Sejahtera,OBT000375,ONDANSETRON 4MG/2ML AMP NOVELL V3,AMP,31,15709.93,487007.82
05/10/2025,Siloam Makassar,PT Alkes Prima,MED000483,Underpad 60x60 Medisafe,PACK/10,8,54159.63,433277.05
05/10/2025,Siloam Kebon Jeruk,PT Alkes Prima,MED000483,Underpad 60x60 Medisafe,PACK/10,13,54263.68,705427.87
05/10/2025,Siloam Bali,PT Sarana Steril,MED000641,Infusion Set Anak GEA,pcs,2,11206.58,22413.15
05/10/2025,Siloam Kebon Jeruk,PT GLOBAL INFUS,MED000735,FOLEY CATHETER 12FR B. BRAUN,BOX@10,29,139227.17,4037588.07
10/10/2025,Siloam Lippo Village,PT Medika Nusantara,MED000167,URINE BAG 2000ML TERUMO V2,PCS,1,5986.84,5986.84
10/10/2025,Siloam Bali,PT Medika Nusantara,MED000167,URINE BAG 2000ML TERUMO V2,PCS,2,5912.7,11825.4
10/10/2025,Siloam Bali,PT MEDIKA NUSANTARA,MED000191,SPUIT 3CC MEDISAFE V3,BOX@100,57,124383.43,7089855.35
10/10/2025,Siloam Bali,PT Medika Nusantara,MED000194,Spuit 20cc BD V3,1 BOX = 100 PCS,4,126541.02,506164.07
10/10/2025,Siloam Bali,PT Medika Nusantara,MED000209,FOLEY CATHETER 18FR MEDISAFE V3,PCS,8,11237.23,89897.87
10/10/2025,Siloam Lippo Village,PT Medika Nusantara,MED000209,FOLEY CATHETER 18FR MEDISAFE V3,PCS,6,11339.54,68037.25
10/10/2025,Siloam Bali,PT Medika Nusantara,MED000253,Urine Bag 2000ml B. Braun V4,PCS,15,6961.92,104428.87
10/10/2025,Siloam Lippo Village,PT Alkes Prima,MED000457,Spuit 10cc B. Braun,1 BOX = 100 PCS,20,164901.92,3298038.44
11/10/2025,Siloam Lippo Village,PT Medika Nusantara,MED000165,Foley Catheter 16Fr B. Braun V2,BOX@10,7,241078.86,1687552.0
11/10/2025,Siloam Surabaya,PT MEDIKA NUSANTARA,MED000165,Foley Catheter 16Fr B. Braun V2,BOX@10,7,237887.2,1665210.39
11/10/2025,Siloam Lippo Village,PT Medika Nusantara,MED000198,Kasa Steril 5x5 Terumo V3,PACK/10,1,81652.93,81652.93
11/10/2025,Siloam Surabaya,PT Farmasi Sejahtera,OBT000375,ONDANSETRON 4MG/2ML AMP NOVELL V3,AMP,35,15675.08,548627.66
11/10/2025,Siloam Bali,PT FARMASI SEJAHTERA,OBT000375,ONDANSETRON 4MG/2ML AMP NOVELL V3,AMP,18,15729.72,283134.94
11/10/2025,Siloam Lippo Village,PT Alkes Prima,MED000479,Needle Hypodermic 23G Medisafe,BOX@100,41,61242.49,2510942.08
11/10/2025,Siloam Bali,PT Sarana Steril,MED000645,Foley Catheter 12Fr Medisafe,PCS,6,23760.15,142560.92
11/10/2025,Siloam Makassar,PT Sarana Steril,MED000645,Foley Catheter 12Fr Medisafe,PCS,8,23795.22,190361.75
11/10/2025,Siloam Lippo Village,PT Global Infus,MED000737,Foley Catheter 16Fr Terumo,PCS,21,20248.3,425214.34
12/10/2025,Siloam Makassar,PT MEDIKA NUSANTARA,MED000196,Sarung Tangan Nitrile M BD V3,BOX@100,1,89660.8,89660.8
12/10/2025,Siloam Kebon Jeruk,PT MEDIKA NUSANTARA,MED000196,Sarung Tangan Nitrile M BD V3,BOX@100,1,87518.55,87518.55
12/10/2025,Siloam Bali,PT Medika Nusantara,MED000203,Infusion Set Mikro BD V3,pcs,10,8437.48,84374.81
12/10/2025,Siloam Lippo Village,PT MEDIKA NUSANTARA,MED000203,Infusion Set Mikro BD V3,pcs,7,8074.24,56519.66
12/10/2025,Siloam Bali,PT Alkes Prima,MED000454,SPUIT 1CC B. BRAUN,BOX@100,63,133579.52,8415509.51
13/10/2025,Siloam Bali,PT Medika Nusantara,MED000102,IV Catheter 22G Terumo,Box isi 50,6,505616.67,3033700.0
13/10/2025,Siloam Makassar,PT Medika Nusantara,MED000141,Blood Lancet 28G B. Braun,BOX@200,1,59767.85,59767.85
13/10/2025,Siloam Makassar,PT Medika Nusantara,MED000190,SPUIT 1CC TERUMO V3,BOX@100,2,114984.09,229968.18
13/10/2025,Siloam Bali,PT Medika Nusantara,MED000197,SARUNG TANGAN NITRILE L BD V3,BOX@100,3,76913.6,230740.79
13/10/2025,Siloam Surabaya,PT MEDIKA NUSANTARA,MED000228,BLOOD LANCET 30G MEDISAFE V3,BOX@200,5,51461.51,257307.55
13/10/2025,Siloam Surabaya,PT Farmasi Sejahtera,OBT000332,Omeprazole 20mg Cap Sanbe,VIAL,6,26747.51,160485.03
14/10/2025,Siloam Surabaya,PT Medika Nusantara,MED000173,NEEDLE HYPODERMIC 25G B. BRAUN V2,BOX@100,9,54055.98,486503.79
14/10/2025,Siloam Lippo Village,PT MEDIKA NUSANTARA,MED000173,NEEDLE HYPODERMIC 25G B. BRAUN V2,BOX@100,9,53324.77,479922.9
14/10/2025,Siloam Lippo Village,PT Medika Nusantara,MED000179,SUCTION CATHETER 12FR BD V2,PCS,2,3690.68,7381.37
14/10/2025,Siloam Kebon Jeruk,PT Medika Nusantara,MED000272,IV Catheter 18G OneMed V5,Box isi 50,9,363080.68,3267726.12
14/10/2025,Siloam Makassar,PT Medika Nusantara,MED000272,IV Catheter 18G OneMed V5,Box isi 50,6,370275.36,2221652.18
14/10/2025,Siloam Kebon Jeruk,PT Farmasi Sejahtera,OBT000360,Amlodipine 5mg Tab Hexpharm V2,STRIP 10 TAB,5,5544.51,27722.53
14/10/2025,Siloam Makassar,PT FARMASI SEJAHTERA,OBT000360,Amlodipine 5mg Tab Hexpharm V2,STRIP 10 TAB,6,5607.13,33642.76
14/10/2025,Siloam Makassar,PT Farmasi Sejahtera,OBT000365,FUROSEMIDE 20MG/2ML AMP HEXPHARM V2,STRIP 10 TAB,13,35006.73,455087.46
14/10/2025,Siloam Bali,PT FARMASI SEJAHTERA,OBT000365,FUROSEMIDE 20MG/2ML AMP HEXPHARM V2,STRIP 10 TAB,6,36622.2,219733.21
15/10/2025,Siloam Makassar,PT MEDIKA NUSANTARA,MED000137,Suction Catheter 14Fr B. Braun,PCS,20,2931.55,58630.99
15/10/2025,Siloam Makassar,PT Medika Nusantara,MED000163,Foley Catheter 12Fr B. Braun V2,PCS,1,14074.54,14074.54
15/10/2025,Siloam Kebon Jeruk,PT Farmasi Sejahtera,OBT000370,Ceftriaxone 1g Inj Sanbe V3,VIAL,6,11349.29,68095.75
15/10/2025,Siloam Lippo Village,PT Farmasi Sejahtera,OBT000370,Ceftriaxone 1g Inj Sanbe V3,VIAL,7,11685.24,81796.67
15/10/2025,Siloam Bali,PT Bio Diagnostik,MED000555,HbA1c Test Cartridge Diasys V2,BOX 10 TEST,8,728442.4,5827539.18
16/10/2025,Siloam Surabaya,PT Medika Nusantara,MED000258,NEEDLE HYPODERMIC 23G B. BRAUN V4,BOX@100,3,61914.05,185742.14
16/10/2025,Siloam Makassar,PT Farmasi Sejahtera,OBT000377,Ranitidine 50mg/2ml Amp Dexa V3,BOX 10 AMP,12,78852.59,946231.11
16/10/2025,Siloam Bali,PT Farmasi Sejahtera,OBT000377,Ranitidine 50mg/2ml Amp Dexa V3,BOX 10 AMP,21,76400.22,1604404.58
17/10/2025,Siloam Lippo Village,PT Medika Nusantara,MED000115,Infusion Set Dewasa B. Braun,PCS,11,10174.14,111915.5
17/10/2025,Siloam Makassar,PT Medika Nusantara,MED000155,KASA STERIL 5X5 BD V2,PACK/10,5,53496.62,267483.09
17/10/2025,Siloam Kebon Jeruk,PT Medika Nusantara,MED000176,Underpad 60x60 GEA V2,PACK/10,12,75356.04,904272.43
17/10/2025,Siloam Bali,PT Medika Nusantara,MED000176,Underpad 60x60 GEA V2,PACK/10,6,76875.05,461250.28
17/10/2025,Siloam Surabaya,PT Medika Nusantara,MED000214,Needle Hypodermic 21G GEA V3,BOX@100,2,62198.14,124396.27
17/10/2025,Siloam Kebon Jeruk,PT Medika Nusantara,MED000214,Needle Hypodermic 21G GEA V3,BOX@100,1,63174.5,63174.5
17/10/2025,Siloam Makassar,PT Farmasi Sejahtera,OBT000385,Furosemide 20mg/2ml Amp Hexpharm V3,BOX 5 AMP,2,10313.85,20627.69
17/10/2025,Siloam Surabaya,PT Farmasi Sejahtera,OBT000389,NaCl 0.9% 100ml Novell V3,BTL,10,10546.45,105464.54
18/10/2025,Siloam Bali,PT Medika Nusantara,MED000244,Infusion Set Dewasa BD V4,PCS,5,7769.48,38847.42
18/10/2025,Siloam Kebon Jeruk,PT MEDIKA NUSANTARA,MED000263,UNDERPAD 60X90 ONEMED V4,PACK/10,4,45762.68,183050.71
18/10/2025,Siloam Surabaya,PT Medika Nusantara,MED000263,UNDERPAD 60X90 ONEMED V4,PACK/10,7,47282.53,330977.73
18/10/2025,Siloam Kebon Jeruk,PT Farmasi Sejahtera,OBT000336,ONDANSETRON 8MG/4ML AMP KALBE,BOX 5 AMP,5,61653.2,308266.0
19/10/2025,Siloam Kebon Jeruk,PT MEDIKA NUSANTARA,MED000204,MASKER BEDAH 3 PLY HIJAU TERUMO V3,BOX@50,1,30052.63,30052.63
19/10/2025,Siloam Kebon Jeruk,PT MEDIKA NUSANTARA,MED000217,Three Way Stopcock Standard Terumo V3,PCS,2,3657.13,7314.27
19/10/2025,Siloam Surabaya,PT Medika Nusantara,MED000248,Masker Bedah 3 Ply Biru GEA V4,BOX@50,44,40256.07,1771266.97
19/10/2025,Siloam Bali,PT Medika Nusantara,MED000248,Masker Bedah 3 Ply Biru GEA V4,BOX@50,56,39045.32,2186538.08
19/10/2025,Siloam Lippo Village,PT Medika Nusantara,MED000250,FOLEY CATHETER 14FR BD V4,PCS,26,9976.75,259395.47
19/10/2025,Siloam Lippo Village,PT Farmasi Sejahtera,OBT000386,FUROSEMIDE 40MG TAB KALBE V3,STRIP 10 TAB,8,23337.23,186697.81
19/10/2025,Siloam Bali,PT Farmasi Sejahtera,OBT000386,FUROSEMIDE 40MG TAB KALBE V3,STRIP 10 TAB,8,23537.77,188302.19
19/10/2025,Siloam Lippo Village,PT FARMASI SEJAHTERA,OBT000399,Meropenem 1g Inj Kalbe V4,VIAL,6,100451.17,602707.01
19/10/2025,Siloam Bali,PT Farmasi Sejahtera,OBT000399,Meropenem 1g Inj Kalbe V4,VIAL,12,105337.29,1264047.52
19/10/2025,Siloam Bali,PT Alkes Prima,MED000493,IV CATHETER 18G GEA V2,Box isi 50,3,323906.13,971718.4
19/10/2025,Siloam Surabaya,PT Alkes Prima,MED000493,IV CATHETER 18G GEA V2,Box isi 50,2,329588.75,659177.51
20/10/2025,Siloam Kebon Jeruk,PT MEDIKA NUSANTARA,MED000103,IV CATHETER 24G TERUMO,BOX@50,7,9854.4,68980.78
20/10/2025,Siloam Lippo Village,PT Medika Nusantara,MED000123,Foley Catheter 18Fr Medisafe,PCS,25,16827.96,420698.9
20/10/2025,Siloam Bali,PT Medika Nusantara,MED000262,Underpad 60x60 GEA V4,PACK/10,5,31447.98,157239.92
20/10/2025,Siloam Lippo Village,PT Medika Nusantara,MED000262,Underpad 60x60 GEA V4,PACK/10,4,31373.81,125495.22
20/10/2025,Siloam Kebon Jeruk,PT Alkes Prima,MED000491,Blood Lancet 28G GEA,BOX@200,1,43954.29,43954.29
20/10/2025,Siloam Makassar,PT Alkes Prima,MED000491,Blood Lancet 28G GEA,BOX@200,1,45556.53,45556.53
20/10/2025,Siloam Kebon Jeruk,PT Bio Diagnostik,MED000554,GLUCOSE REAGENT 2X100ML BIOSYSTEMS V2,KIT,16,473672.46,7578759.35
20/10/2025,Siloam Lippo Village,PT Global Infus,MED000731,INFUSION SET ANAK B. BRAUN,pcs,16,7860.62,125769.98
20/10/2025,Siloam Bali,PT Global Infus,MED000731,INFUSION SET ANAK B. BRAUN,pcs,9,8107.57,72968.1
21/10/2025,Siloam Surabaya,PT Medika Nusantara,MED000128,Needle Hypodermic 21G GEA,BOX@100,19,65007.91,1235150.25
21/10/2025,Siloam Lippo Village,PT Medika Nusantara,MED000128,Needle Hypodermic 21G GEA,BOX@100,26,66754.05,1735605.25
21/10/2025,Siloam Lippo Village,PT Medika Nusantara,MED000143,IV Catheter 18G OneMed V2,Box isi 50,1,269613.75,269613.75
21/10/2025,Siloam Bali,PT Medika Nusantara,MED000143,IV Catheter 18G OneMed V2,Box isi 50,2,277674.44,555348.89
21/10/2025,Siloam Surabaya,PT Farmasi Sejahtera,OBT000340,Amlodipine 5mg Tab Kalbe,STRIP 10 TAB,26,5808.06,151009.59
21/10/2025,Siloam Makassar,PT Farmasi Sejahtera,OBT000340,Amlodipine 5mg Tab Kalbe,STRIP 10 TAB,21,5789.27,121574.65
21/10/2025,Siloam Lippo Village,PT Farmasi Sejahtera,OBT000342,Metformin 500mg Tab Hexpharm,STRIP 10 TAB,3,3635.52,10906.56
21/10/2025,Siloam Kebon Jeruk,PT Farmasi Sejahtera,OBT000342,Metformin 500mg Tab Hexpharm,STRIP 10 TAB,5,3628.06,18140.3
21/10/2025,Siloam Makassar,PT Farmasi Sejahtera,OBT000378,Ketorolac 30mg/ml Amp Dexa V3,BOX 10 AMP,4,77028.59,308114.36
21/10/2025,Siloam Lippo Village,PT Farmasi Sejahtera,OBT000378,Ketorolac 30mg/ml Amp Dexa V3,BOX 10 AMP,2,75203.51,150407.01
22/10/2025,Siloam Surabaya,PT Medika Nusantara,MED000160,INFUSION SET MIKRO GEA V2,pcs,13,11098.64,144282.26
22/10/2025,Siloam Kebon Jeruk,PT Medika Nusantara,MED000170,PLESTER ROLL 2 INCH B. BRAUN V2,BOX@12,2,146601.91,293203.83
22/10/2025,Siloam Lippo Village,PT Medika Nusantara,MED000222,Suction Catheter 12Fr B. Braun V3,PCS,11,2898.8,31886.82
22/10/2025,Siloam Surabaya,PT Medika Nusantara,MED000222,Suction Catheter 12Fr B. Braun V3,PCS,16,2908.73,46539.68
22/10/2025,Siloam Lippo Village,PT Medika Nusantara,MED000252,Foley Catheter 18Fr Medisafe V4,PCS,42,15442.5,648585.19
22/10/2025,Siloam Kebon Jeruk,PT MEDIKA NUSANTARA,MED000252,Foley Catheter 18Fr Medisafe V4,PCS,65,15385.64,1000066.64
22/10/2025,Siloam Bali,PT BIO DIAGNOSTIK,MED000550,Blood Tube EDTA 3ml Biosystems,BOX@200,9,132718.15,1194463.37
22/10/2025,Siloam Makassar,PT Bio Diagnostik,MED000550,Blood Tube EDTA 3ml Biosystems,BOX@200,9,125582.11,1130238.97
22/10/2025,Siloam Lippo Village,PT Bio Diagnostik,MED000553,Glucose Reagent 4x50ml Diasys V2,KIT,7,320405.06,2242835.44
22/10/2025,Siloam Makassar,PT BIO DIAGNOSTIK,MED000553,Glucose Reagent 4x50ml Diasys V2,KIT,6,326977.87,1961867.19
22/10/2025,Siloam Kebon Jeruk,PT Bio Diagnostik,MED000568,BLOOD TUBE SERUM 5ML DIASYS V3,BOX@100,7,256267.03,1793869.23
22/10/2025,Siloam Lippo Village,PT Bio Diagnostik,MED000568,BLOOD TUBE SERUM 5ML DIASYS V3,BOX@100,6,259345.24,1556071.42
22/10/2025,Siloam Kebon Jeruk,PT SARANA STERIL,MED000653,NEEDLE HYPODERMIC 21G GEA,BOX@100,1,48692.34,48692.34
23/10/2025,Siloam Lippo Village,PT Medika Nusantara,MED000200,Kasa Steril 16x16 Terumo V3,PAK 10,36,44440.53,1599859.15
23/10/2025,Siloam Kebon Jeruk,PT Medika Nusantara,MED000200,Kasa Steril 16x16 Terumo V3,PAK 10,22,44212.78,972681.23
23/10/2025,Siloam Makassar,PT Farmasi Sejahtera,OBT000337,RANITIDINE 50MG/2ML AMP NOVELL,BOX 10 AMP,10,43632.48,436324.82
23/10/2025,Siloam Lippo Village,PT FARMASI SEJAHTERA,OBT000337,RANITIDINE 50MG/2ML AMP NOVELL,BOX 10 AMP,7,42824.17,299769.19
23/10/2025,Siloam Kebon Jeruk,PT Bio Diagnostik,MED000562,GLUCOSE REAGENT 2X100ML SYSMEX V3,KIT,4,314899.46,1259597.85
23/10/2025,Siloam Surabaya,PT Bio Diagnostik,MED000562,GLUCOSE REAGENT 2X100ML SYSMEX V3,KIT,3,309739.42,929218.26
23/10/2025,Siloam Lippo Village,PT Bio Diagnostik,MED000569,Glucose Reagent 4x50ml Biosystems V4,KIT,6,629004.12,3774024.71
23/10/2025,Siloam Bali,PT BIO DIAGNOSTIK,MED000572,Urinalysis Strip 10 Param Diasys V4,BOTTLE 100 TEST,10,322189.76,3221897.56
23/10/2025,Siloam Surabaya,PT Sarana Steril,MED000638,Kasa Steril 10x10 Terumo,PAK 10,2,53098.2,106196.4
24/10/2025,Siloam Kebon Jeruk,PT Medika Nusantara,MED000127,Plester Roll 2 inch B. Braun,ROLL,19,17555.93,333562.69
24/10/2025,Siloam Lippo Village,PT Medika Nusantara,MED000127,Plester Roll 2 inch B. Braun,ROLL,16,17924.29,286788.69
24/10/2025,Siloam Makassar,PT Medika Nusantara,MED000129,Needle Hypodermic 23G B. Braun,BOX@100,7,58865.94,412061.56
24/10/2025,Siloam Bali,PT Medika Nusantara,MED000238,SARUNG TANGAN NITRILE S BD V4,Box isi 100,13,73140.92,950832.01
24/10/2025,Siloam Bali,PT SARANA STERIL,MED000626,IV Catheter 20G Terumo,BOX@50,1,493805.62,493805.62
24/10/2025,Siloam Bali,PT Sarana Steril,MED000636,SARUNG TANGAN NITRILE L TERUMO,Box isi 100,22,92825.43,2042159.46
24/10/2025,Siloam Kebon Jeruk,PT Sarana Steril,MED000636,SARUNG TANGAN NITRILE L TERUMO,Box isi 100,23,94564.32,2174979.31
24/10/2025,Siloam Bali,PT Sarana Steril,MED000642,INFUSION SET MIKRO B. BRAUN,pcs,6,10937.92,65627.49
24/10/2025,Siloam Surabaya,PT Sarana Steril,MED000642,INFUSION SET MIKRO B. BRAUN,pcs,4,10855.15,43420.61
25/10/2025,Siloam Surabaya,PT Medika Nusantara,MED000138,Alcohol Swab Standard Medisafe,BOX@100,4,27469.72,109878.87
25/10/2025,Siloam Bali,PT Medika Nusantara,MED000138,Alcohol Swab Standard Medisafe,BOX@100,3,27435.07,82305.21
25/10/2025,Siloam Lippo Village,PT Medika Nusantara,MED000171,Needle Hypodermic 21G BD V2,BOX@100,19,55330.07,1051271.39
25/10/2025,Siloam Makassar,PT Medika Nusantara,MED000213,PLESTER ROLL 2 INCH BD V3,ROLL,5,12336.41,61682.05
25/10/2025,Siloam Kebon Jeruk,PT Farmasi Sejahtera,OBT000335,ONDANSETRON 4MG/2ML AMP DEXA,AMP,6,10990.86,65945.14
25/10/2025,Siloam Surabaya,PT FARMASI SEJAHTERA,OBT000387,RINGER LAKTAT 500ML DEXA V3,CTN 20 BTL,6,119734.03,718404.18
25/10/2025,Siloam Makassar,PT Farmasi Sejahtera,OBT000387,RINGER LAKTAT 500ML DEXA V3,CTN 20 BTL,7,122105.76,854740.31
25/10/2025,Siloam Makassar,PT Alkes Prima,MED000451,IV CATHETER 20G BD,BOX@50,22,567381.98,12482403.6
25/10/2025,Siloam Surabaya,PT ALKES PRIMA,MED000451,IV CATHETER 20G BD,BOX@50,12,570803.97,6849647.61
25/10/2025,Siloam Bali,PT Sarana Steril,MED000643,MASKER BEDAH 3 PLY HIJAU B. BRAUN,BOX@50,7,34717.88,243025.19
25/10/2025,Siloam Lippo Village,PT Sarana Steril,MED000660,SUCTION CATHETER 10FR TERUMO,PCS,7,3262.3,22836.12
26/10/2025,Siloam Bali,PT Medika Nusantara,MED000215,Needle Hypodermic 23G B. Braun V3,BOX@100,5,82590.91,412954.53
26/10/2025,Siloam Surabaya,PT Medika Nusantara,MED000251,Foley Catheter 16Fr B. Braun V4,PCS,39,13259.78,517131.45
26/10/2025,Siloam Kebon Jeruk,PT MEDIKA NUSANTARA,MED000251,Foley Catheter 16Fr B. Braun V4,PCS,20,12612.58,252251.59
26/10/2025,Siloam Kebon Jeruk,PT Alkes Prima,MED000490,ECG ELECTRODE PEDIATRIC ONEMED,PACK/50,2,66659.48,133318.96
26/10/2025,Siloam Surabaya,PT Alkes Prima,MED000490,ECG ELECTRODE PEDIATRIC ONEMED,PACK/50,3,68303.55,204910.66
26/10/2025,Siloam Kebon Jeruk,PT Global Infus,MED000734,MASKER BEDAH 3 PLY BIRU B. BRAUN,BOX@50,17,30037.19,510632.15
27/10/2025,Siloam Surabaya,PT Medika Nusantara,MED000240,SARUNG TANGAN NITRILE L ONEMED V4,BOX@100,54,59491.13,3212521.03
27/10/2025,Siloam Makassar,PT Medika Nusantara,MED000240,SARUNG TANGAN NITRILE L ONEMED V4,BOX@100,45,60485.62,2721853.12
27/10/2025,Siloam Kebon Jeruk,PT Bio Diagnostik,MED000570,GLUCOSE REAGENT 2X100ML BIOSYSTEMS V4,KIT,15,328509.56,4927643.35
27/10/2025,Siloam Surabaya,PT Sarana Steril,MED000641,Infusion Set Anak GEA,pcs,1,11422.32,11422.32
28/10/2025,Siloam Bali,PT Alkes Prima,MED000478,Needle Hypodermic 21G OneMed,BOX@100,5,52984.18,264920.92
28/10/2025,Siloam Surabaya,PT Sarana Steril,MED000644,Masker Bedah 3 Ply Biru Medisafe,BOX@50,1,27369.2,27369.2
28/10/2025,Siloam Bali,PT SARANA STERIL,MED000644,Masker Bedah 3 Ply Biru Medisafe,BOX@50,1,27747.13,27747.13
28/10/2025,Siloam Surabaya,PT Sarana Steril,MED000650,Urine Bag 1000ml OneMed,PCS,5,8360.69,41803.46
28/10/2025,Siloam Makassar,PT Sarana Steril,MED000650,Urine Bag 1000ml OneMed,PCS,9,8233.94,74105.42
29/10/2025,Siloam Kebon Jeruk,PT MEDIKA NUSANTARA,MED000260,Three Way Stopcock Standard Terumo V4,PCS,33,2392.9,78965.82
29/10/2025,Siloam Kebon Jeruk,PT Medika Nusantara,MED000275,IV Catheter 24G BD V5,Box isi 50,6,508330.93,3049985.58
29/10/2025,Siloam Makassar,PT MEDIKA NUSANTARA,MED000275,IV Catheter 24G BD V5,Box isi 50,3,510602.37,1531807.1
29/10/2025,Siloam Surabaya,PT Farmasi Sejahtera,OBT000341,Amlodipine 10mg Tab Kalbe,STRIP 10 TAB,3,4874.7,14624.09
29/10/2025,Siloam Lippo Village,PT FARMASI SEJAHTERA,OBT000341,Amlodipine 10mg Tab Kalbe,STRIP 10 TAB,3,4993.62,14980.85
29/10/2025,Siloam Kebon Jeruk,PT Farmasi Sejahtera,OBT000383,Metformin 850mg Tab Novell V3,STRIP 10 TAB,6,3473.77,20842.64
29/10/2025,Siloam Lippo Village,PT FARMASI SEJAHTERA,OBT000383,Metformin 850mg Tab Novell V3,STRIP 10 TAB,2,3377.06,6754.12
29/10/2025,Siloam Kebon Jeruk,PT GLOBAL INFUS,MED000723,Spuit 20cc Medisafe,1 BOX = 100 PCS,1,101242.9,101242.9
29/10/2025,Siloam Makassar,PT Global Infus,MED000723,Spuit 20cc Medisafe,1 BOX = 100 PCS,1,103657.4,103657.4
30/10/2025,Siloam Kebon Jeruk,PT Medika Nusantara,MED000169,PLESTER ROLL 1 INCH B. BRAUN V2,ROLL,53,8821.22,467524.75
30/10/2025,Siloam Makassar,PT Medika Nusantara,MED000169,PLESTER ROLL 1 INCH B. BRAUN V2,ROLL,40,9263.53,370541.22
30/10/2025,Siloam Makassar,PT Medika Nusantara,MED000241,Kasa Steril 5x5 OneMed V4,PACK/10,25,66602.06,1665051.6
30/10/2025,Siloam Surabaya,PT Medika Nusantara,MED000241,Kasa Steril 5x5 OneMed V4,PACK/10,21,66567.04,1397907.75
31/10/2025,Siloam Bali,PT MEDIKA NUSANTARA,MED000101,IV Catheter 20G BD,Box isi 50,2,291939.09,583878.18
31/10/2025,Siloam Kebon Jeruk,PT Medika Nusantara,MED000101,IV Catheter 20G BD,Box isi 50,1,298970.64,298970.64
31/10/2025,Siloam Makassar,PT Medika Nusantara,MED000268,ECG ELECTRODE ADULT ONEMED V4,PACK/50,1,100204.58,100204.58
31/10/2025,Siloam Lippo Village,PT Medika Nusantara,MED000268,ECG ELECTRODE ADULT ONEMED V4,PACK/50,1,95891.51,95891.51
31/10/2025,Siloam Makassar,PT Farmasi Sejahtera,OBT000351,Omeprazole 40mg Inj Hexpharm V2,VIAL,10,23459.27,234592.66
31/10/2025,Siloam Makassar,PT Bio Diagnostik,MED000564,URINALYSIS STRIP 10 PARAM BIOSYSTEMS V3,BOTTLE 100 TEST,4,304536.83,1218147.33
31/10/2025,Siloam Kebon Jeruk,PT Bio Diagnostik,MED000564,URINALYSIS STRIP 10 PARAM BIOSYSTEMS V3,BOTTLE 100 TEST,3,300470.37,901411.11
01/11/2025,Siloam Makassar,PT MEDIKA NUSANTARA,MED000224,ALCOHOL SWAB STANDARD BD V3,BOX@100,1,15477.26,15477.26
01/11/2025,Siloam Makassar,PT Medika Nusantara,MED000242,Kasa Steril 10x10 Medisafe V4,PAK 10,1,45377.32,45377.32
01/11/2025,Siloam Bali,PT Medika Nusantara,MED000261,Three Way Stopcock Extension 10cm Medisafe V4,PCS,4,4894.86,19579.45
01/11/2025,Siloam Kebon Jeruk,PT Medika Nusantara,MED000261,Three Way Stopcock Extension 10cm Medisafe V4,PCS,3,4920.28,14760.83
01/11/2025,Siloam Kebon Jeruk,PT Alkes Prima,MED000460,Sarung Tangan Nitrile M B. Braun,BOX@100,2,62690.62,125381.23
02/11/2025,Siloam Bali,PT MEDIKA NUSANTARA,MED000172,Needle Hypodermic 23G B. Braun V2,BOX@100,3,43072.67,129218.02
02/11/2025,Siloam Bali,PT Medika Nusantara,MED000192,SPUIT 5CC MEDISAFE V3,1 BOX = 100 PCS,16,128211.88,2051390.08
02/11/2025,Siloam Bali,PT Bio Diagnostik,MED000566,BLOOD TUBE EDTA 3ML ROCHE V3,BOX@100,3,196294.1,588882.3
03/11/2025,Siloam Makassar,PT Sarana Steril,MED000659,Underpad 60x90 BD,PACK/10,1,65948.91,65948.91
03/11/2025,Siloam Bali,PT SARANA STERIL,MED000659,Underpad 60x90 BD,PACK/10,1,66336.65,66336.65
04/11/2025,Siloam Kebon Jeruk,PT Medika Nusantara,MED000105,Spuit 3cc Medisafe,BOX@200,4,99993.77,399975.08
04/11/2025,Siloam Bali,PT MEDIKA NUSANTARA,MED000105,Spuit 3cc Medisafe,BOX@200,2,104538.48,209076.95
04/11/2025,Siloam Kebon Jeruk,PT MEDIKA NUSANTARA,MED000199,Kasa Steril 10x10 GEA V3,PAK 10,1,48372.2,48372.2
04/11/2025,Siloam Lippo Village,PT FARMASI SEJAHTERA,OBT000346,Furosemide 40mg Tab Hexpharm,BOX 5 AMP,3,18850.58,56551.75
04/11/2025,Siloam Kebon Jeruk,PT Farmasi Sejahtera,OBT000357,Ranitidine 50mg/2ml Amp Kalbe V2,BOX 10 AMP,5,56270.87,281354.34
04/11/2025,Siloam Surabaya,PT Farmasi Sejahtera,OBT000357,Ranitidine 50mg/2ml Amp Kalbe V2,BOX 10 AMP,7,57594.84,403163.91
04/11/2025,Siloam Surabaya,PT FARMASI SEJAHTERA,OBT000388,NACL 0.9% 500ML HEXPHARM V3,BTL,36,5867.55,211231.88
04/11/2025,Siloam Makassar,PT Alkes Prima,MED000461,Sarung Tangan Nitrile L Medisafe,Box isi 100,9,73476.92,661292.3
09/11/2025,Siloam Lippo Village,PT Farmasi Sejahtera,OBT000334,PARACETAMOL 1G/100ML INF NOVELL,BTL,25,603.65,15091.35
09/11/2025,Siloam Surabaya,PT Farmasi Sejahtera,OBT000334,PARACETAMOL 1G/100ML INF NOVELL,BTL,29,623.36,18077.42
09/11/2025,Siloam Lippo Village,PT Alkes Prima,MED000476,Plester Roll 1 inch Medisafe,ROLL,1,8125.66,8125.66
09/11/2025,Siloam Kebon Jeruk,PT Bio Diagnostik,MED000549,CRP LATEX 100 TEST ROCHE,KIT,1,750865.27,750865.27
09/11/2025,Siloam Kebon Jeruk,PT Global Infus,MED000726,Sarung Tangan Nitrile L BD,BOX@100,15,84721.89,1270828.37
09/11/2025,Siloam Makassar,PT Global Infus,MED000726,Sarung Tangan Nitrile L BD,BOX@100,19,85097.79,1616858.06
10/11/2025,Siloam Bali,PT MEDIKA NUSANTARA,MED000136,SUCTION CATHETER 12FR MEDISAFE,PCS,6,2821.85,16931.09
10/11/2025,Siloam Makassar,PT Medika Nusantara,MED000136,SUCTION CATHETER 12FR MEDISAFE,PCS,12,2838.78,34065.3
10/11/2025,Siloam Kebon Jeruk,PT FARMASI SEJAHTERA,OBT000350,Ceftriaxone 1g Inj Hexpharm V2,VIAL,16,10555.42,168886.75
10/11/2025,Siloam Surabaya,PT Alkes Prima,MED000478,Needle Hypodermic 21G OneMed,BOX@100,4,53105.06,212420.25
10/11/2025,Siloam Kebon Jeruk,PT Alkes Prima,MED000478,Needle Hypodermic 21G OneMed,BOX@100,6,54715.95,328295.68
10/11/2025,Siloam Lippo Village,PT SARANA STERIL,MED000629,Spuit 1cc B. Braun,BOX@100,1,108193.47,108193.47
11/11/2025,Siloam Makassar,PT MEDIKA NUSANTARA,MED000149,SPUIT 5CC GEA V2,1 BOX = 100 PCS,7,103169.47,722186.28
11/11/2025,Siloam Lippo Village,PT MEDIKA NUSANTARA,MED000251,Foley Catheter 16Fr B. Braun V4,PCS,48,12648.71,607137.84
11/11/2025,Siloam Kebon Jeruk,PT Medika Nusantara,MED000251,Foley Catheter 16Fr B. Braun V4,PCS,26,12962.86,337034.44
11/11/2025,Siloam Bali,PT FARMASI SEJAHTERA,OBT000330,Ceftriaxone 1g Inj Dexa,VIAL,1,11051.84,11051.84
11/11/2025,Siloam Kebon Jeruk,PT Alkes Prima,MED000450,IV CATHETER 18G ONEMED,BOX@50,6,555345.11,3332070.69
11/11/2025,Siloam Makassar,PT Alkes Prima,MED000487,SUCTION CATHETER 14FR BD,PCS,6,3542.08,21252.49
11/11/2025,Siloam Bali,PT Alkes Prima,MED000487,SUCTION CATHETER 14FR BD,PCS,4,3516.23,14064.92
12/11/2025,Siloam Kebon Jeruk,PT FARMASI SEJAHTERA,OBT000356,Ondansetron 8mg/4ml Amp Sanbe V2,BOX 5 AMP,4,36466.19,145864.76
13/11/2025,Siloam Surabaya,PT Medika Nusantara,MED000151,Spuit 20cc BD V2,1 BOX = 100 PCS,4,210511.67,842046.7
13/11/2025,Siloam Kebon Jeruk,PT Farmasi Sejahtera,OBT000337,RANITIDINE 50MG/2ML AMP NOVELL,BOX 10 AMP,9,42808.54,385276.86
13/11/2025,Siloam Kebon Jeruk,PT Bio Diagnostik,MED000555,HbA1c Test Cartridge Diasys V2,BOX 10 TEST,20,720344.38,14406887.67
14/11/2025,Siloam Bali,PT MEDIKA NUSANTARA,MED000122,Foley Catheter 16Fr GEA,BOX@10,4,190865.07,763460.29
14/11/2025,Siloam Bali,PT Medika Nusantara,MED000182,ECG ELECTRODE ADULT TERUMO V2,PACK/50,2,67864.97,135729.93
14/11/2025,Siloam Lippo Village,PT Medika Nusantara,MED000182,ECG ELECTRODE ADULT TERUMO V2,PACK/50,1,68109.12,68109.12
14/11/2025,Siloam Lippo Village,PT Medika Nusantara,MED000252,Foley Catheter 18Fr Medisafe V4,PCS,51,15390.35,784908.02
14/11/2025,Siloam Kebon Jeruk,PT Medika Nusantara,MED000252,Foley Catheter 18Fr Medisafe V4,PCS,49,15489.24,758972.95
14/11/2025,Siloam Lippo Village,PT Farmasi Sejahtera,OBT000354,Paracetamol 1g/100ml Inf Sanbe V2,STRIP 10 TAB,18,3004.03,54072.52
14/11/2025,Siloam Kebon Jeruk,PT Alkes Prima,MED000458,Spuit 20cc OneMed,BOX@100,8,155268.84,1242150.7
14/11/2025,Siloam Surabaya,PT Global Infus,MED000729,KASA STERIL 16X16 ONEMED,PACK/10,9,50378.03,453402.27
14/11/2025,Siloam Makassar,PT Global Infus,MED000729,KASA STERIL 16X16 ONEMED,PACK/10,13,48474.95,630174.34
14/11/2025,Siloam Bali,PT Global Infus,MED000735,FOLEY CATHETER 12FR B. BRAUN,BOX@10,25,141792.97,3544824.18
14/11/2025,Siloam Makassar,PT Global Infus,MED000735,FOLEY CATHETER 12FR B. BRAUN,BOX@10,38,136323.91,5180308.43
15/11/2025,Siloam Bali,PT Medika Nusantara,MED000106,Spuit 5cc OneMed,1 BOX = 100 PCS,3,133206.55,399619.64
15/11/2025,Siloam Kebon Jeruk,PT Medika Nusantara,MED000106,Spuit 5cc OneMed,1 BOX = 100 PCS,2,135463.98,270927.97
15/11/2025,Siloam Bali,PT Farmasi Sejahtera,OBT000382,Metformin 500mg Tab Hexpharm V3,STRIP 10 TAB,4,2839.76,11359.06
16/11/2025,Siloam Kebon Jeruk,PT Medika Nusantara,MED000179,SUCTION CATHETER 12FR BD V2,PCS,1,3668.14,3668.14
16/11/2025,Siloam Lippo Village,PT Medika Nusantara,MED000179,SUCTION CATHETER 12FR BD V2,PCS,1,3721.81,3721.81
16/11/2025,Siloam Makassar,PT Medika Nusantara,MED000202,Infusion Set Anak OneMed V3,pcs,1,13090.41,13090.41
16/11/2025,Siloam Makassar,PT Medika Nusantara,MED000255,Plester Roll 1 inch OneMed V4,ROLL,14,13186.51,184611.21
16/11/2025,Siloam Surabaya,PT Medika Nusantara,MED000255,Plester Roll 1 inch OneMed V4,ROLL,22,12973.28,285412.23
17/11/2025,Siloam Kebon Jeruk,PT MEDIKA NUSANTARA,MED000105,Spuit 3cc Medisafe,BOX@200,4,100544.36,402177.46
17/11/2025,Siloam Kebon Jeruk,PT Medika Nusantara,MED000226,ECG Electrode Pediatric B. Braun V3,PACK/50,1,75975.84,75975.84
17/11/2025,Siloam Surabaya,PT Farmasi Sejahtera,OBT000366,Furosemide 40mg Tab Kalbe V2,STRIP 10 TAB,4,22337.31,89349.24
17/11/2025,Siloam Lippo Village,PT Farmasi Sejahtera,OBT000393,Paracetamol 500mg Tab Hexpharm V4,STRIP 10 TAB,38,4585.56,174251.1
17/11/2025,Siloam Makassar,PT Farmasi Sejahtera,OBT000393,Paracetamol 500mg Tab Hexpharm V4,STRIP 10 TAB,54,4592.28,247983.33
17/11/2025,Siloam Lippo Village,PT Sarana Steril,MED000635,Sarung Tangan Nitrile M BD,Box isi 100,2,101389.04,202778.07
17/11/2025,Siloam Lippo Village,PT Sarana Steril,MED000653,NEEDLE HYPODERMIC 21G GEA,BOX@100,2,48920.29,97840.58
18/11/2025,Siloam Bali,PT Medika Nusantara,MED000141,Blood Lancet 28G B. Braun,BOX@200,1,61566.09,61566.09
18/11/2025,Siloam Makassar,PT MEDIKA NUSANTARA,MED000141,Blood Lancet 28G B. Braun,BOX@200,1,60831.55,60831.55
18/11/2025,Siloam Surabaya,PT Medika Nusantara,MED000241,Kasa Steril 5x5 OneMed V4,PACK/10,16,68123.86,1089981.72
18/11/2025,Siloam Surabaya,PT MEDIKA NUSANTARA,MED000254,URINE BAG 1000ML TERUMO V4,PCS,23,4506.55,103650.63
18/11/2025,Siloam Bali,PT Medika Nusantara,MED000254,URINE BAG 1000ML TERUMO V4,PCS,34,4640.73,157784.94
18/11/2025,Siloam Bali,PT FARMASI SEJAHTERA,OBT000391,Omeprazole 40mg Inj Kalbe V4,VIAL,10,33910.84,339108.41
18/11/2025,Siloam Kebon Jeruk,PT FARMASI SEJAHTERA,OBT000391,Omeprazole 40mg Inj Kalbe V4,VIAL,11,35709.78,392807.58
18/11/2025,Siloam Lippo Village,PT Global Infus,MED000728,Kasa Steril 10x10 GEA,PAK 10,16,44245.37,707925.89
19/11/2025,Siloam Lippo Village,PT Medika Nusantara,MED000170,PLESTER ROLL 2 INCH B. BRAUN V2,BOX@12,1,139825.83,139825.83
19/11/2025,Siloam Kebon Jeruk,PT Medika Nusantara,MED000170,PLESTER ROLL 2 INCH B. BRAUN V2,BOX@12,2,141280.13,282560.25
19/11/2025,Siloam Surabaya,PT Sarana Steril,MED000652,PLESTER ROLL 2 INCH ONEMED,ROLL,9,9925.72,89331.52
20/11/2025,Siloam Surabaya,PT Medika Nusantara,MED000143,IV Catheter 18G OneMed V2,Box isi 50,1,283802.65,283802.65
20/11/2025,Siloam Bali,PT Farmasi Sejahtera,OBT000362,METFORMIN 500MG TAB SANBE V2,STRIP 10 TAB,29,2951.8,85602.3
20/11/2025,Siloam Makassar,PT Farmasi Sejahtera,OBT000362,METFORMIN 500MG TAB SANBE V2,STRIP 10 TAB,27,2889.31,78011.36
20/11/2025,Siloam Lippo Village,PT Sarana Steril,MED000654,Needle Hypodermic 23G GEA,BOX@100,1,52944.97,52944.97
21/11/2025,Siloam Makassar,PT Medika Nusantara,MED000116,Infusion Set Anak B. Braun,PCS,16,10827.34,173237.37
21/11/2025,Siloam Kebon Jeruk,PT Medika Nusantara,MED000116,Infusion Set Anak B. Braun,PCS,17,11302.92,192149.58
21/11/2025,Siloam Lippo Village,PT Medika Nusantara,MED000186,IV Catheter 18G BD V3,BOX@50,28,266897.55,7473131.48
21/11/2025,Siloam Lippo Village,PT Farmasi Sejahtera,OBT000341,Amlodipine 10mg Tab Kalbe,STRIP 10 TAB,2,4833.55,9667.1
21/11/2025,Siloam Surabaya,PT Farmasi Sejahtera,OBT000389,NaCl 0.9% 100ml Novell V3,BTL,9,10906.77,98160.89
21/11/2025,Siloam Bali,PT BIO DIAGNOSTIK,MED000548,Urinalysis Strip 10 Param Diasys,BOTTLE 100 TEST,1,3884.4,3884.4
22/11/2025,Siloam Bali,PT Medika Nusantara,MED000118,MASKER BEDAH 3 PLY HIJAU TERUMO,BOX@50,8,33051.02,264408.15
22/11/2025,Siloam Makassar,PT BIO DIAGNOSTIK,MED000561,GLUCOSE REAGENT 4X50ML SYSMEX V3,KIT,2,512497.66,1024995.32
23/11/2025,Siloam Lippo Village,PT MEDIKA NUSANTARA,MED000159,Infusion Set Anak BD V2,pcs,64,8689.7,556140.55
23/11/2025,Siloam Surabaya,PT Medika Nusantara,MED000209,FOLEY CATHETER 18FR MEDISAFE V3,PCS,14,11314.79,158407.11
23/11/2025,Siloam Bali,PT Farmasi Sejahtera,OBT000399,Meropenem 1g Inj Kalbe V4,VIAL,9,102318.51,920866.6
23/11/2025,Siloam Makassar,PT Farmasi Sejahtera,OBT000399,Meropenem 1g Inj Kalbe V4,VIAL,5,100960.2,504801.01
23/11/2025,Siloam Bali,PT Alkes Prima,MED000485,SUCTION CATHETER 10FR TERUMO,PCS,6,3202.65,19215.88
23/11/2025,Siloam Surabaya,PT ALKES PRIMA,MED000486,Suction Catheter 12Fr OneMed,PCS,2,4475.51,8951.02
23/11/2025,Siloam Lippo Village,PT Alkes Prima,MED000486,Suction Catheter 12Fr OneMed,PCS,2,4664.07,9328.13
23/11/2025,Siloam Makassar,PT BIO DIAGNOSTIK,MED000572,Urinalysis Strip 10 Param Diasys V4,BOTTLE 100 TEST,11,323013.65,3553150.19
23/11/2025,Siloam Surabaya,PT Bio Diagnostik,MED000572,Urinalysis Strip 10 Param Diasys V4,BOTTLE 100 TEST,20,339089.77,6781795.35
23/11/2025,Siloam Kebon Jeruk,PT Sarana Steril,MED000660,SUCTION CATHETER 10FR TERUMO,PCS,15,3244.47,48666.99
23/11/2025,Siloam Makassar,PT Global Infus,MED000739,Urine Bag 2000ml GEA,PCS,66,7251.71,478612.74
24/11/2025,Siloam Makassar,PT Medika Nusantara,MED000123,Foley Catheter 18Fr Medisafe,PCS,17,16756.37,284858.21
24/11/2025,Siloam Bali,PT Medika Nusantara,MED000198,Kasa Steril 5x5 Terumo V3,PACK/10,1,85508.06,85508.06
24/11/2025,Siloam Surabaya,PT MEDIKA NUSANTARA,MED000198,Kasa Steril 5x5 Terumo V3,PACK/10,1,85832.48,85832.48
24/11/2025,Siloam Lippo Village,PT Medika Nusantara,MED000235,Spuit 5cc Medisafe V4,BOX@100,18,160177.11,2883187.93
24/11/2025,Siloam Bali,PT Farmasi Sejahtera,OBT000380,Amlodipine 5mg Tab Dexa V3,STRIP 10 TAB,17,7867.61,133749.41
24/11/2025,Siloam Kebon Jeruk,PT Farmasi Sejahtera,OBT000380,Amlodipine 5mg Tab Dexa V3,STRIP 10 TAB,18,7964.48,143360.58
24/11/2025,Siloam Lippo Village,PT Alkes Prima,MED000454,SPUIT 1CC B. BRAUN,BOX@100,73,135599.72,9898779.78
24/11/2025,Siloam Bali,PT Global Infus,MED000716,IV Catheter 20G Medisafe,BX 50 PCS,1,456150.08,456150.08
24/11/2025,Siloam Kebon Jeruk,PT GLOBAL INFUS,MED000716,IV Catheter 20G Medisafe,BX 50 PCS,1,447710.08,447710.08
25/11/2025,Siloam Bali,PT MEDIKA NUSANTARA,MED000223,Suction Catheter 14Fr BD V3,PCS,6,4791.7,28750.21
25/11/2025,Siloam Lippo Village,PT Medika Nusantara,MED000223,Suction Catheter 14Fr BD V3,PCS,15,4593.46,68901.96
25/11/2025,Siloam Bali,PT Medika Nusantara,MED000227,Blood Lancet 28G B. Braun V3,BOX@200,177,54262.41,9604446.21
25/11/2025,Siloam Makassar,PT Medika Nusantara,MED000227,Blood Lancet 28G B. Braun V3,BOX@200,256,56198.56,14386831.05
25/11/2025,Siloam Bali,PT Farmasi Sejahtera,OBT000370,Ceftriaxone 1g Inj Sanbe V3,VIAL,6,11143.03,66858.18
25/11/2025,Siloam Bali,PT Alkes Prima,MED000477,PLESTER ROLL 2 INCH BD,ROLL,3,15331.26,45993.77
25/11/2025,Siloam Kebon Jeruk,PT Global Infus,MED000737,Foley Catheter 16Fr Terumo,PCS,17,20162.72,342766.31
26/11/2025,Siloam Surabaya,PT Medika Nusantara,MED000138,Alcohol Swab Standard Medisafe,BOX@100,3,27050.67,81152.0
26/11/2025,Siloam Lippo Village,PT Medika Nusantara,MED000173,NEEDLE HYPODERMIC 25G B. BRAUN V2,BOX@100,9,52796.08,475164.71
26/11/2025,Siloam Kebon Jeruk,PT Medika Nusantara,MED000175,THREE WAY STOPCOCK EXTENSION 10CM ONEMED V2,PCS,3,4060.71,12182.13
26/11/2025,Siloam Kebon Jeruk,PT Medika Nusantara,MED000257,Needle Hypodermic 21G GEA V4,BOX@100,15,82835.61,1242534.08
26/11/2025,Siloam Makassar,PT Medika Nusantara,MED000257,Needle Hypodermic 21G GEA V4,BOX@100,10,80279.75,802797.55
26/11/2025,Siloam Lippo Village,PT Alkes Prima,MED000452,IV Catheter 22G GEA,BX 50 PCS,45,512772.32,23074754.46
26/11/2025,Siloam Bali,PT Alkes Prima,MED000452,IV Catheter 22G GEA,BX 50 PCS,19,498537.19,9472206.52
27/11/2025,Siloam Lippo Village,PT Medika Nusantara,MED000135,Suction Catheter 10Fr BD,PCS,4,2567.53,10270.13
27/11/2025,Siloam Makassar,PT Medika Nusantara,MED000262,Underpad 60x60 GEA V4,PACK/10,9,32680.53,294124.76
27/11/2025,Siloam Surabaya,PT FARMASI SEJAHTERA,OBT000396,ONDANSETRON 8MG/4ML AMP HEXPHARM V4,AMP,1,10000.71,10000.71
27/11/2025,Siloam Makassar,PT FARMASI SEJAHTERA,OBT000396,ONDANSETRON 8MG/4ML AMP HEXPHARM V4,AMP,1,10332.5,10332.5
27/11/2025,Siloam Makassar,PT Alkes Prima,MED000453,IV Catheter 24G OneMed,BX 50 PCS,27,8703.49,234994.23
27/11/2025,Siloam Kebon Jeruk,PT Alkes Prima,MED000453,IV Catheter 24G OneMed,BX 50 PCS,24,8531.29,204751.06
27/11/2025,Siloam Surabaya,PT Alkes Prima,MED000460,Sarung Tangan Nitrile M B. Braun,BOX@100,1,62853.57,62853.57
27/11/2025,Siloam Kebon Jeruk,PT GLOBAL INFUS,MED000730,Infusion Set Dewasa Medisafe,pcs,8,10543.19,84345.54
28/11/2025,Siloam Surabaya,PT Medika Nusantara,MED000128,Needle Hypodermic 21G GEA,BOX@100,17,65275.45,1109682.66
28/11/2025,Siloam Bali,PT Farmasi Sejahtera,OBT000339,MEROPENEM 1G INJ NOVELL,VIAL,3,83918.9,251756.69
28/11/2025,Siloam Lippo Village,PT Farmasi Sejahtera,OBT000339,MEROPENEM 1G INJ NOVELL,VIAL,6,82478.38,494870.27
28/11/2025,Siloam Bali,PT Sarana Steril,MED000632,Spuit 10cc BD,BOX@100,8,97953.24,783625.91
28/11/2025,Siloam Surabaya,PT Sarana Steril,MED000632,Spuit 10cc BD,BOX@100,9,95448.63,859037.67
30/11/2025,Siloam Kebon Jeruk,PT Medika Nusantara,MED000169,PLESTER ROLL 1 INCH B. BRAUN V2,ROLL,47,8876.06,417174.85
30/11/2025,Siloam Makassar,PT Medika Nusantara,MED000169,PLESTER ROLL 1 INCH B. BRAUN V2,ROLL,45,8920.95,401442.58
30/11/2025,Siloam Lippo Village,PT Medika Nusantara,MED000177,Underpad 60x90 B. Braun V2,PACK/10,15,56372.45,845586.73
30/11/2025,Siloam Makassar,PT Medika Nusantara,MED000177,Underpad 60x90 B. Braun V2,PACK/10,16,54487.21,871795.36
30/11/2025,Siloam Lippo Village,PT MEDIKA NUSANTARA,MED000206,Foley Catheter 12Fr OneMed V3,BOX@10,17,98535.08,1675096.41
30/11/2025,Siloam Surabaya,PT Medika Nusantara,MED000244,Infusion Set Dewasa BD V4,PCS,4,7816.37,31265.49
30/11/2025,Siloam Bali,PT Medika Nusantara,MED000244,Infusion Set Dewasa BD V4,PCS,6,7808.15,46848.89
30/11/2025,Siloam Surabaya,PT Farmasi Sejahtera,OBT000375,ONDANSETRON 4MG/2ML AMP NOVELL V3,AMP,32,15946.08,510274.65
30/11/2025,Siloam Makassar,PT Farmasi Sejahtera,OBT000375,ONDANSETRON 4MG/2ML AMP NOVELL V3,AMP,35,15545.61,544096.41
30/11/2025,Siloam Kebon Jeruk,PT Farmasi Sejahtera,OBT000378,Ketorolac 30mg/ml Amp Dexa V3,BOX 10 AMP,5,74520.65,372603.24
30/11/2025,Siloam Bali,PT Farmasi Sejahtera,OBT000386,FUROSEMIDE 40MG TAB KALBE V3,STRIP 10 TAB,8,22816.6,182532.81
30/11/2025,Siloam Lippo Village,PT Farmasi Sejahtera,OBT000386,FUROSEMIDE 40MG TAB KALBE V3,STRIP 10 TAB,4,23829.28,95317.11
30/11/2025,Siloam Makassar,PT Bio Diagnostik,MED000551,Blood Tube EDTA 2ml Biosystems,BOX@100,12,107586.72,1291040.68
30/11/2025,Siloam Bali,PT Sarana Steril,MED000651,Plester Roll 1 inch BD,ROLL,32,14408.15,461060.9
01/12/2025,Siloam Makassar,PT Medika Nusantara,MED000152,Sarung Tangan Nitrile S Medisafe V2,Box isi 100,18,84219.76,1515955.76
01/12/2025,Siloam Surabaya,PT MEDIKA NUSANTARA,MED000189,IV CATHETER 24G ONEMED V3,Box isi 50,6,511465.27,3068791.62
01/12/2025,Siloam Surabaya,PT Sarana Steril,MED000656,Three Way Stopcock Standard Medisafe,BOX@50,14,140346.19,1964846.7
02/12/2025,Siloam Kebon Jeruk,PT Medika Nusantara,MED000130,Needle Hypodermic 25G Medisafe,BOX@100,1,69733.27,69733.27
02/12/2025,Siloam Makassar,PT Medika Nusantara,MED000130,Needle Hypodermic 25G Medisafe,BOX@100,2,71576.2,143152.39
02/12/2025,Siloam Lippo Village,PT ALKES PRIMA,MED000462,Kasa Steril 5x5 OneMed,PAK 10,2,52238.36,104476.72
02/12/2025,Siloam Makassar,PT Alkes Prima,MED000462,Kasa Steril 5x5 OneMed,PAK 10,1,50464.56,50464.56
02/12/2025,Siloam Bali,PT Sarana Steril,MED000640,Infusion Set Dewasa B. Braun,pcs,15,10093.52,151402.79
02/12/2025,Siloam Surabaya,PT Sarana Steril,MED000640,Infusion Set Dewasa B. Braun,pcs,13,9958.1,129455.27
02/12/2025,Siloam Kebon Jeruk,PT Global Infus,MED000738,FOLEY CATHETER 18FR BD,BOX@10,16,138369.69,2213914.98
03/12/2025,Siloam Makassar,PT Medika Nusantara,MED000263,UNDERPAD 60X90 ONEMED V4,PACK/10,4,45538.31,182153.23
03/12/2025,Siloam Bali,PT Alkes Prima,MED000492,Blood Lancet 30G Medisafe,BOX@200,57,50196.82,2861218.88
03/12/2025,Siloam Lippo Village,PT Alkes Prima,MED000492,Blood Lancet 30G Medisafe,BOX@200,55,47973.65,2638550.6
03/12/2025,Siloam Lippo Village,PT Bio Diagnostik,MED000565,CRP Latex 100 test Roche V3,KIT,5,543280.09,2716400.45
03/12/2025,Siloam Makassar,PT Bio Diagnostik,MED000565,CRP Latex 100 test Roche V3,KIT,4,540716.65,2162866.61
03/12/2025,Siloam Kebon Jeruk,PT Sarana Steril,MED000663,ALCOHOL SWAB STANDARD GEA,BOX@100,2,28989.28,57978.57
04/12/2025,Siloam Surabaya,PT MEDIKA NUSANTARA,MED000184,Blood Lancet 28G Terumo V2,BOX@200,22,64144.39,1411176.47
04/12/2025,Siloam Surabaya,PT Medika Nusantara,MED000185,Blood Lancet 30G Terumo V2,BOX@200,1,62948.41,62948.41
04/12/2025,Siloam Bali,PT Medika Nusantara,MED000231,IV Catheter 22G Medisafe V4,BX 50 PCS,8,363361.27,2906890.14
04/12/2025,Siloam Bali,PT Alkes Prima,MED000483,Underpad 60x60 Medisafe,PACK/10,7,55961.99,391733.9
04/12/2025,Siloam Surabaya,PT Alkes Prima,MED000483,Underpad 60x60 Medisafe,PACK/10,11,55156.07,606716.74
04/12/2025,Siloam Lippo Village,PT Bio Diagnostik,MED000552,Blood Tube Serum 5ml Diasys,BOX@100,4,145613.93,582455.74
09/12/2025,Siloam Bali,PT MEDIKA NUSANTARA,MED000102,IV Catheter 22G Terumo,Box isi 50,14,505602.65,7078437.03
09/12/2025,Siloam Lippo Village,PT Alkes Prima,MED000475,Urine Bag 1000ml OneMed,PCS,1,8224.35,8224.35
09/12/2025,Siloam Surabaya,PT Alkes Prima,MED000475,Urine Bag 1000ml OneMed,PCS,1,8161.83,8161.83
09/12/2025,Siloam Surabaya,PT Global Infus,MED000718,IV Catheter 24G Medisafe,BOX@50,14,8157.78,114208.86
09/12/2025,Siloam Kebon Jeruk,PT GLOBAL INFUS,MED000718,IV Catheter 24G Medisafe,BOX@50,12,8094.13,97129.53
09/12/2025,Siloam Lippo Village,PT Global Infus,MED000724,Sarung Tangan Nitrile S BD,BOX@100,3,63074.75,189224.26
10/12/2025,Siloam Bali,PT Medika Nusantara,MED000221,Suction Catheter 10Fr B. Braun V3,PCS,3,4371.44,13114.33
10/12/2025,Siloam Kebon Jeruk,PT Farmasi Sejahtera,OBT000363,Metformin 850mg Tab Sanbe V2,STRIP 10 TAB,6,2016.81,12100.84
10/12/2025,Siloam Lippo Village,PT Farmasi Sejahtera,OBT000382,Metformin 500mg Tab Hexpharm V3,STRIP 10 TAB,7,2823.62,19765.36
10/12/2025,Siloam Makassar,PT FARMASI SEJAHTERA,OBT000382,Metformin 500mg Tab Hexpharm V3,STRIP 10 TAB,3,2852.06,8556.17
10/12/2025,Siloam Lippo Village,PT Global Infus,MED000729,KASA STERIL 16X16 ONEMED,PACK/10,12,50722.69,608672.33
10/12/2025,Siloam Surabaya,PT GLOBAL INFUS,MED000729,KASA STERIL 16X16 ONEMED,PACK/10,7,50621.49,354350.45
11/12/2025,Siloam Makassar,PT Medika Nusantara,MED000129,Needle Hypodermic 23G B. Braun,BOX@100,9,59288.11,533593.01
11/12/2025,Siloam Lippo Village,PT Medika Nusantara,MED000232,IV CATHETER 24G MEDISAFE V4,BOX@50,23,556570.26,12801116.07
11/12/2025,Siloam Surabaya,PT Medika Nusantara,MED000232,IV CATHETER 24G MEDISAFE V4,BOX@50,27,555190.87,14990153.44
11/12/2025,Siloam Makassar,PT Alkes Prima,MED000468,Masker Bedah 3 Ply Hijau OneMed,BOX@50,9,31464.2,283177.82
11/12/2025,Siloam Bali,PT Alkes Prima,MED000468,Masker Bedah 3 Ply Hijau OneMed,BOX@50,6,30414.5,182486.99
11/12/2025,Siloam Makassar,PT ALKES PRIMA,MED000469,MASKER BEDAH 3 PLY BIRU MEDISAFE,BOX@50,21,27354.51,574444.61
11/12/2025,Siloam Lippo Village,PT Alkes Prima,MED000469,MASKER BEDAH 3 PLY BIRU MEDISAFE,BOX@50,25,26684.69,667117.3
12/12/2025,Siloam Lippo Village,PT MEDIKA NUSANTARA,MED000125,URINE BAG 1000ML TERUMO,PCS,9,7419.25,66773.24
12/12/2025,Siloam Makassar,PT Medika Nusantara,MED000125,URINE BAG 1000ML TERUMO,PCS,6,7543.41,45260.45
12/12/2025,Siloam Surabaya,PT Medika Nusantara,MED000236,SPUIT 10CC BD V4,BOX@100,37,110038.75,4071433.7
12/12/2025,Siloam Kebon Jeruk,PT BIO DIAGNOSTIK,MED000550,Blood Tube EDTA 3ml Biosystems,BOX@200,7,127155.39,890087.74
13/12/2025,Siloam Kebon Jeruk,PT Medika Nusantara,MED000199,Kasa Steril 10x10 GEA V3,PAK 10,1,48254.52,48254.52
13/12/2025,Siloam Lippo Village,PT Medika Nusantara,MED000199,Kasa Steril 10x10 GEA V3,PAK 10,1,47285.92,47285.92
13/12/2025,Siloam Lippo Village,PT Medika Nusantara,MED000211,Urine Bag 1000ml BD V3,PCS,2,4972.03,9944.06
13/12/2025,Siloam Surabaya,PT Medika Nusantara,MED000211,Urine Bag 1000ml BD V3,PCS,3,5086.67,15260.01
13/12/2025,Siloam Makassar,PT Bio Diagnostik,MED000547,HbA1c Test Cartridge Roche,BOX 10 TEST,17,959558.63,16312496.75
13/12/2025,Siloam Kebon Jeruk,PT Bio Diagnostik,MED000547,HbA1c Test Cartridge Roche,BOX 10 TEST,25,1007469.4,25186734.97
13/12/2025,Siloam Surabaya,PT Bio Diagnostik,MED000559,Blood Tube EDTA 2ml Biosystems V2,BOX@100,9,129029.14,1161262.28
13/12/2025,Siloam Bali,PT Sarana Steril,MED000642,INFUSION SET MIKRO B. BRAUN,pcs,6,11443.86,68663.17
13/12/2025,Siloam Kebon Jeruk,PT SARANA STERIL,MED000642,INFUSION SET MIKRO B. BRAUN,pcs,9,11460.75,103146.72
14/12/2025,Siloam Kebon Jeruk,PT Medika Nusantara,MED000110,Sarung Tangan Nitrile M Terumo,BOX@100,14,105082.41,1471153.71
14/12/2025,Siloam Bali,PT Medika Nusantara,MED000110,Sarung Tangan Nitrile M Terumo,BOX@100,27,105736.9,2854896.22
14/12/2025,Siloam Bali,PT MEDIKA NUSANTARA,MED000127,Plester Roll 2 inch B. Braun,ROLL,12,18436.81,221241.7
14/12/2025,Siloam Makassar,PT Medika Nusantara,MED000156,KASA STERIL 10X10 ONEMED V2,PACK/10,3,51732.62,155197.86
14/12/2025,Siloam Bali,PT Farmasi Sejahtera,OBT000351,Omeprazole 40mg Inj Hexpharm V2,VIAL,20,23823.33,476466.63
14/12/2025,Siloam Lippo Village,PT Farmasi Sejahtera,OBT000351,Omeprazole 40mg Inj Hexpharm V2,VIAL,28,23444.38,656442.52
15/12/2025,Siloam Surabaya,PT Farmasi Sejahtera,OBT000390,Ceftriaxone 1g Inj Hexpharm V4,BOX 10 VIAL,36,106700.93,3841233.55
15/12/2025,Siloam Bali,PT Farmasi Sejahtera,OBT000390,Ceftriaxone 1g Inj Hexpharm V4,BOX 10 VIAL,47,110802.24,5207705.31
15/12/2025,Siloam Lippo Village,PT Alkes Prima,MED000470,Foley Catheter 12Fr GEA,BOX@10,4,135975.62,543902.49
15/12/2025,Siloam Kebon Jeruk,PT Alkes Prima,MED000470,Foley Catheter 12Fr GEA,BOX@10,10,137439.37,1374393.66
16/12/2025,Siloam Surabaya,PT Medika Nusantara,MED000118,MASKER BEDAH 3 PLY HIJAU TERUMO,BOX@50,8,33601.11,268808.91
16/12/2025,Siloam Lippo Village,PT Medika Nusantara,MED000118,MASKER BEDAH 3 PLY HIJAU TERUMO,BOX@50,6,33511.43,201068.61
16/12/2025,Siloam Lippo Village,PT MEDIKA NUSANTARA,MED000139,ECG ELECTRODE ADULT TERUMO,PACK/50,9,89849.7,808647.28
17/12/2025,Siloam Lippo Village,PT MEDIKA NUSANTARA,MED000248,Masker Bedah 3 Ply Biru GEA V4,BOX@50,64,39807.8,2547698.91
17/12/2025,Siloam Bali,PT Farmasi Sejahtera,OBT000372,Omeprazole 20mg Cap Hexpharm V3,VIAL,24,16622.6,398942.42
17/12/2025,Siloam Lippo Village,PT Farmasi Sejahtera,OBT000372,Omeprazole 20mg Cap Hexpharm V3,VIAL,25,17033.61,425840.34
17/12/2025,Siloam Makassar,PT Alkes Prima,MED000491,Blood Lancet 28G GEA,BOX@200,1,43381.12,43381.12
17/12/2025,Siloam Kebon Jeruk,PT Alkes Prima,MED000491,Blood Lancet 28G GEA,BOX@200,2,45281.03,90562.06
17/12/2025,Siloam Bali,PT Sarana Steril,MED000658,Underpad 60x60 GEA,PACK/10,6,50298.83,301793.01
18/12/2025,Siloam Makassar,PT Medika Nusantara,MED000130,Needle Hypodermic 25G Medisafe,BOX@100,2,68587.74,137175.49
18/12/2025,Siloam Lippo Village,PT Medika Nusantara,MED000130,Needle Hypodermic 25G Medisafe,BOX@100,1,69774.91,69774.91
18/12/2025,Siloam Surabaya,PT Medika Nusantara,MED000134,Underpad 60x90 Medisafe,PACK/10,27,44497.95,1201444.69
18/12/2025,Siloam Kebon Jeruk,PT Medika Nusantara,MED000186,IV Catheter 18G BD V3,BOX@50,35,267733.8,9370682.88
18/12/2025,Siloam Surabaya,PT Medika Nusantara,MED000217,Three Way Stopcock Standard Terumo V3,PCS,2,3621.9,7243.81
18/12/2025,Siloam Kebon Jeruk,PT Farmasi Sejahtera,OBT000333,PARACETAMOL 500MG TAB HEXPHARM,BTL,3,413.23,1239.69
18/12/2025,Siloam Lippo Village,PT Farmasi Sejahtera,OBT000333,PARACETAMOL 500MG TAB HEXPHARM,BTL,3,412.64,1237.93
18/12/2025,Siloam Surabaya,PT Farmasi Sejahtera,OBT000384,DEXAMETHASONE 5MG/ML AMP HEXPHARM V3,BOX 10 AMP,2,20523.39,41046.77
18/12/2025,Siloam Kebon Jeruk,PT Global Infus,MED000715,IV Catheter 18G OneMed,BOX@50,18,588798.79,10598378.23
19/12/2025,Siloam Bali,PT Medika Nusantara,MED000168,Urine Bag 1000ml OneMed V2,PCS,6,7483.2,44899.19
19/12/2025,Siloam Lippo Village,PT Medika Nusantara,MED000168,Urine Bag 1000ml OneMed V2,PCS,11,7617.47,83792.18
19/12/2025,Siloam Lippo Village,PT Medika Nusantara,MED000179,SUCTION CATHETER 12FR BD V2,PCS,1,3657.7,3657.7
19/12/2025,Siloam Surabaya,PT Medika Nusantara,MED000179,SUCTION CATHETER 12FR BD V2,PCS,1,3661.37,3661.37
19/12/2025,Siloam Makassar,PT Medika Nusantara,MED000247,MASKER BEDAH 3 PLY HIJAU BD V4,BOX@50,5,21431.63,107158.14
19/12/2025,Siloam Kebon Jeruk,PT Medika Nusantara,MED000247,MASKER BEDAH 3 PLY HIJAU BD V4,BOX@50,10,20576.08,205760.75
19/12/2025,Siloam Bali,PT Farmasi Sejahtera,OBT000381,AMLODIPINE 10MG TAB DEXA V3,BOX 30 TAB,18,23258.94,418660.97
19/12/2025,Siloam Makassar,PT Farmasi Sejahtera,OBT000391,Omeprazole 40mg Inj Kalbe V4,VIAL,4,34826.35,139305.4
19/12/2025,Siloam Surabaya,PT FARMASI SEJAHTERA,OBT000391,Omeprazole 40mg Inj Kalbe V4,VIAL,4,35232.63,140930.53
19/12/2025,Siloam Lippo Village,PT Alkes Prima,MED000452,IV Catheter 22G GEA,BX 50 PCS,31,509983.7,15809494.77
19/12/2025,Siloam Makassar,PT Alkes Prima,MED000452,IV Catheter 22G GEA,BX 50 PCS,18,492369.36,8862648.44
20/12/2025,Siloam Makassar,PT Medika Nusantara,MED000213,PLESTER ROLL 2 INCH BD V3,ROLL,2,12123.07,24246.15
20/12/2025,Siloam Surabaya,PT Medika Nusantara,MED000213,PLESTER ROLL 2 INCH BD V3,ROLL,4,12434.64,49738.56
20/12/2025,Siloam Kebon Jeruk,PT MEDIKA NUSANTARA,MED000254,URINE BAG 1000ML TERUMO V4,PCS,20,4662.78,93255.64
20/12/2025,Siloam Surabaya,PT Medika Nusantara,MED000254,URINE BAG 1000ML TERUMO V4,PCS,20,4484.01,89680.26
20/12/2025,Siloam Kebon Jeruk,PT Medika Nusantara,MED000261,Three Way Stopcock Extension 10cm Medisafe V4,PCS,5,4869.49,24347.43
20/12/2025,Siloam Makassar,PT Bio Diagnostik,MED000572,Urinalysis Strip 10 Param Diasys V4,BOTTLE 100 TEST,8,322843.68,2582749.41
20/12/2025,Siloam Kebon Jeruk,PT Bio Diagnostik,MED000572,Urinalysis Strip 10 Param Diasys V4,BOTTLE 100 TEST,22,334665.19,7362634.22
21/12/2025,Siloam Makassar,PT Farmasi Sejahtera,OBT000374,Paracetamol 1g/100ml Inf Novell V3,STRIP 10 TAB,7,3783.39,26483.75
21/12/2025,Siloam Bali,PT Farmasi Sejahtera,OBT000374,Paracetamol 1g/100ml Inf Novell V3,STRIP 10 TAB,9,3877.85,34900.68
22/12/2025,Siloam Kebon Jeruk,PT Medika Nusantara,MED000105,Spuit 3cc Medisafe,BOX@200,4,102863.19,411452.74
22/12/2025,Siloam Bali,PT Medika Nusantara,MED000105,Spuit 3cc Medisafe,BOX@200,4,100198.1,400792.41
22/12/2025,Siloam Lippo Village,PT Medika Nusantara,MED000178,Suction Catheter 10Fr GEA V2,PCS,15,3349.2,50237.99
22/12/2025,Siloam Surabaya,PT Farmasi Sejahtera,OBT000386,FUROSEMIDE 40MG TAB KALBE V3,STRIP 10 TAB,8,22997.45,183979.6
22/12/2025,Siloam Lippo Village,PT Alkes Prima,MED000476,Plester Roll 1 inch Medisafe,ROLL,1,8088.97,8088.97
22/12/2025,Siloam Surabaya,PT Alkes Prima,MED000483,Underpad 60x60 Medisafe,PACK/10,16,56608.0,905727.93
22/12/2025,Siloam Lippo Village,PT Alkes Prima,MED000484,UNDERPAD 60X90 ONEMED,PACK/10,8,60236.45,481891.59
22/12/2025,Siloam Kebon Jeruk,PT Alkes Prima,MED000484,UNDERPAD 60X90 ONEMED,PACK/10,7,60900.66,426304.63
22/12/2025,Siloam Kebon Jeruk,PT Global Infus,MED000734,MASKER BEDAH 3 PLY BIRU B. BRAUN,BOX@50,12,29787.5,357450.02
22/12/2025,Siloam Surabaya,PT GLOBAL INFUS,MED000734,MASKER BEDAH 3 PLY BIRU B. BRAUN,BOX@50,12,29616.52,355398.28
23/12/2025,Siloam Makassar,PT Medika Nusantara,MED000219,UNDERPAD 60X60 BD V3,PACK/10,7,63373.19,443612.36
23/12/2025,Siloam Makassar,PT Medika Nusantara,MED000252,Foley Catheter 18Fr Medisafe V4,PCS,41,15614.6,640198.79
23/12/2025,Siloam Kebon Jeruk,PT MEDIKA NUSANTARA,MED000271,Blood Lancet 30G B. Braun V4,BOX@200,5,48597.53,242987.64
23/12/2025,Siloam Lippo Village,PT Medika Nusantara,MED000271,Blood Lancet 30G B. Braun V4,BOX@200,11,47599.13,523590.41
23/12/2025,Siloam Surabaya,PT Sarana Steril,MED000625,IV Catheter 18G BD,BOX@50,3,315758.43,947275.28
23/12/2025,Siloam Lippo Village,PT Global Infus,MED000739,Urine Bag 2000ml GEA,PCS,115,7192.52,827139.68
23/12/2025,Siloam Kebon Jeruk,PT Global Infus,MED000739,Urine Bag 2000ml GEA,PCS,71,7203.65,511459.29
24/12/2025,Siloam Bali,PT Medika Nusantara,MED000142,Blood Lancet 30G BD,BOX@200,4,73578.14,294312.57
24/12/2025,Siloam Lippo Village,PT Medika Nusantara,MED000185,Blood Lancet 30G Terumo V2,BOX@200,1,63406.84,63406.84
24/12/2025,Siloam Kebon Jeruk,PT Global Infus,MED000722,Spuit 10cc Medisafe,1 BOX = 100 PCS,29,97818.58,2836738.75
24/12/2025,Siloam Surabaya,PT Global Infus,MED000722,Spuit 10cc Medisafe,1 BOX = 100 PCS,21,101834.61,2138526.81
25/12/2025,Siloam Surabaya,PT Medika Nusantara,MED000113,Kasa Steril 10x10 B. Braun,PACK/10,13,76967.56,1000578.33
25/12/2025,Siloam Surabaya,PT MEDIKA NUSANTARA,MED000240,SARUNG TANGAN NITRILE L ONEMED V4,BOX@100,47,59005.47,2773256.87
25/12/2025,Siloam Lippo Village,PT Bio Diagnostik,MED000549,CRP LATEX 100 TEST ROCHE,KIT,2,722948.7,1445897.4
25/12/2025,Siloam Kebon Jeruk,PT Bio Diagnostik,MED000549,CRP LATEX 100 TEST ROCHE,KIT,2,723596.73,1447193.46
26/12/2025,Siloam Makassar,PT Medika Nusantara,MED000100,IV Catheter 18G B. Braun,BOX@50,3,522659.77,1567979.32
26/12/2025,Siloam Kebon Jeruk,PT Medika Nusantara,MED000100,IV Catheter 18G B. Braun,BOX@50,8,520586.3,4164690.4
26/12/2025,Siloam Kebon Jeruk,PT Medika Nusantara,MED000157,KASA STERIL 16X16 TERUMO V2,PACK/10,4,55089.69,220358.77
26/12/2025,Siloam Surabaya,PT Medika Nusantara,MED000157,KASA STERIL 16X16 TERUMO V2,PACK/10,5,54051.31,270256.55
26/12/2025,Siloam Lippo Village,PT Sarana Steril,MED000653,NEEDLE HYPODERMIC 21G GEA,BOX@100,2,49843.21,99686.43
27/12/2025,Siloam Lippo Village,PT Farmasi Sejahtera,OBT000344,Dexamethasone 5mg/ml Amp Dexa,BOX 10 AMP,181,43580.94,7888149.29
27/12/2025,Siloam Surabaya,PT FARMASI SEJAHTERA,OBT000344,Dexamethasone 5mg/ml Amp Dexa,BOX 10 AMP,116,43836.39,5085021.18
27/12/2025,Siloam Surabaya,PT Farmasi Sejahtera,OBT000396,ONDANSETRON 8MG/4ML AMP HEXPHARM V4,AMP,1,10156.4,10156.4
27/12/2025,Siloam Kebon Jeruk,PT FARMASI SEJAHTERA,OBT000396,ONDANSETRON 8MG/4ML AMP HEXPHARM V4,AMP,1,10045.43,10045.43
27/12/2025,Siloam Bali,PT Sarana Steril,MED000663,ALCOHOL SWAB STANDARD GEA,BOX@100,3,28522.88,85568.63
27/12/2025,Siloam Makassar,PT SARANA STERIL,MED000663,ALCOHOL SWAB STANDARD GEA,BOX@100,3,29472.0,88415.99
28/12/2025,Siloam Makassar,PT Medika Nusantara,MED000121,Foley Catheter 14Fr Medisafe,PCS,8,11156.63,89253.02
28/12/2025,Siloam Bali,PT Medika Nusantara,MED000121,Foley Catheter 14Fr Medisafe,PCS,7,11094.48,77661.35
28/12/2025,Siloam Surabaya,PT Medika Nusantara,MED000202,Infusion Set Anak OneMed V3,pcs,1,13211.81,13211.81
28/12/2025,Siloam Surabaya,PT Alkes Prima,MED000454,SPUIT 1CC B. BRAUN,BOX@100,63,137616.82,8669859.56
28/12/2025,Siloam Lippo Village,PT Alkes Prima,MED000454,SPUIT 1CC B. BRAUN,BOX@100,47,132388.19,6222244.92
28/12/2025,Siloam Surabaya,PT Bio Diagnostik,MED000546,Glucose Reagent 2x100ml Biosystems,KIT,1,413713.2,413713.2
28/12/2025,Siloam Kebon Jeruk,PT BIO DIAGNOSTIK,MED000546,Glucose Reagent 2x100ml Biosystems,KIT,2,423927.25,847854.51
28/12/2025,Siloam Makassar,PT Bio Diagnostik,MED000573,CRP Latex 100 test Roche V4,KIT,1,661500.65,661500.65
28/12/2025,Siloam Lippo Village,PT Bio Diagnostik,MED000573,CRP Latex 100 test Roche V4,KIT,1,650487.62,650487.62
29/12/2025,Siloam Makassar,PT Medika Nusantara,MED000106,Spuit 5cc OneMed,1 BOX = 100 PCS,3,132039.38,396118.13
29/12/2025,Siloam Bali,PT Medika Nusantara,MED000106,Spuit 5cc OneMed,1 BOX = 100 PCS,3,131104.34,393313.03
29/12/2025,Siloam Surabaya,PT Medika Nusantara,MED000153,SARUNG TANGAN NITRILE M TERUMO V2,Box isi 100,40,116245.89,4649835.77
29/12/2025,Siloam Kebon Jeruk,PT Farmasi Sejahtera,OBT000358,Ketorolac 30mg/ml Amp Hexpharm V2,BOX 10 AMP,11,98943.1,1088374.13
29/12/2025,Siloam Kebon Jeruk,PT Alkes Prima,MED000460,Sarung Tangan Nitrile M B. Braun,BOX@100,2,60626.9,121253.8
29/12/2025,Siloam Lippo Village,PT Alkes Prima,MED000460,Sarung Tangan Nitrile M B. Braun,BOX@100,1,63155.33,63155.33
29/12/2025,Siloam Makassar,PT Alkes Prima,MED000467,INFUSION SET MIKRO B. BRAUN,pcs,2,8234.98,16469.97
29/12/2025,Siloam Lippo Village,PT Alkes Prima,MED000467,INFUSION SET MIKRO B. BRAUN,pcs,1,8255.29,8255.29
29/12/2025,Siloam Surabaya,PT GLOBAL INFUS,MED000726,Sarung Tangan Nitrile L BD,BOX@100,12,85196.47,1022357.59
30/12/2025,Siloam Bali,PT MEDIKA NUSANTARA,MED000133,Underpad 60x60 BD,PACK/10,54,33554.81,1811959.73
30/12/2025,Siloam Makassar,PT Medika Nusantara,MED000133,Underpad 60x60 BD,PACK/10,27,33589.75,906923.38
30/12/2025,Siloam Lippo Village,PT Medika Nusantara,MED000276,Spuit 1cc OneMed V5,BOX@100,30,164686.99,4940609.77
30/12/2025,Siloam Makassar,PT Medika Nusantara,MED000276,Spuit 1cc OneMed V5,BOX@100,50,165441.96,8272097.85
30/12/2025,Siloam Surabaya,PT Farmasi Sejahtera,OBT000361,AMLODIPINE 10MG TAB DEXA V2,STRIP 10 TAB,10,6493.95,64939.47
30/12/2025,Siloam Kebon Jeruk,PT Farmasi Sejahtera,OBT000380,Amlodipine 5mg Tab Dexa V3,STRIP 10 TAB,10,7898.51,78985.11
30/12/2025,Siloam Kebon Jeruk,PT Sarana Steril,MED000630,Spuit 3cc OneMed,BOX@200,9,130608.62,1175477.56
30/12/2025,Siloam Lippo Village,PT Sarana Steril,MED000630,Spuit 3cc OneMed,BOX@200,7,132927.79,930494.55
30/12/2025,Siloam Surabaya,PT Sarana Steril,MED000643,MASKER BEDAH 3 PLY HIJAU B. BRAUN,BOX@50,5,34849.19,174245.97
31/12/2025,Siloam Bali,PT Medika Nusantara,MED000192,SPUIT 5CC MEDISAFE V3,1 BOX = 100 PCS,10,133630.06,1336300.59
31/12/2025,Siloam Lippo Village,PT Medika Nusantara,MED000192,SPUIT 5CC MEDISAFE V3,1 BOX = 100 PCS,7,134453.2,941172.38
31/12/2025,Siloam Surabaya,PT Medika Nusantara,MED000229,IV CATHETER 18G MEDISAFE V4,BX 50 PCS,40,354605.25,14184209.99
31/12/2025,Siloam Bali,PT Medika Nusantara,MED000244,Infusion Set Dewasa BD V4,PCS,6,7826.24,46957.45
31/12/2025,Siloam Kebon Jeruk,PT Medika Nusantara,MED000244,Infusion Set Dewasa BD V4,PCS,4,8131.08,32524.33
31/12/2025,Siloam Bali,PT Farmasi Sejahtera,OBT000346,Furosemide 40mg Tab Hexpharm,BOX 5 AMP,5,18640.16,93200.8
31/12/2025,Siloam Surabaya,PT Farmasi Sejahtera,OBT000346,Furosemide 40mg Tab Hexpharm,BOX 5 AMP,4,18053.98,72215.92
31/12/2025,Siloam Kebon Jeruk,PT Sarana Steril,MED000660,SUCTION CATHETER 10FR TERUMO,PCS,10,3214.14,32141.41
31/12/2025,Siloam Kebon Jeruk,PT GLOBAL INFUS,MED000717,IV Catheter 22G GEA,BOX@50,3,414534.54,1243603.62
01/01/2026,Siloam Bali,PT Medika Nusantara,MED000259,NEEDLE HYPODERMIC 25G BD V4,BOX@100,3,50302.54,150907.63
01/01/2026,Siloam Surabaya,PT Medika Nusantara,MED000259,NEEDLE HYPODERMIC 25G BD V4,BOX@100,5,50361.79,251808.94
01/01/2026,Siloam Makassar,PT Medika Nusantara,MED000272,IV Catheter 18G OneMed V5,Box isi 50,12,367919.07,4415028.83
01/01/2026,Siloam Bali,PT Medika Nusantara,MED000272,IV Catheter 18G OneMed V5,Box isi 50,14,369539.06,5173546.77
01/01/2026,Siloam Lippo Village,PT Farmasi Sejahtera,OBT000356,Ondansetron 8mg/4ml Amp Sanbe V2,BOX 5 AMP,4,37756.66,151026.64
01/01/2026,Siloam Makassar,PT Farmasi Sejahtera,OBT000356,Ondansetron 8mg/4ml Amp Sanbe V2,BOX 5 AMP,2,36183.2,72366.41
01/01/2026,Siloam Makassar,PT Farmasi Sejahtera,OBT000366,Furosemide 40mg Tab Kalbe V2,STRIP 10 TAB,4,23065.74,92262.94
02/01/2026,Siloam Kebon Jeruk,PT Medika Nusantara,MED000115,Infusion Set Dewasa B. Braun,PCS,16,10130.75,162092.07
02/01/2026,Siloam Makassar,PT MEDIKA NUSANTARA,MED000115,Infusion Set Dewasa B. Braun,PCS,10,10073.52,100735.2
02/01/2026,Siloam Kebon Jeruk,PT MEDIKA NUSANTARA,MED000191,SPUIT 3CC MEDISAFE V3,BOX@100,99,127236.9,12596453.25
02/01/2026,Siloam Bali,PT Sarana Steril,MED000657,Three Way Stopcock Extension 10cm Terumo,BOX@50,18,236358.33,4254449.9
02/01/2026,Siloam Kebon Jeruk,PT Sarana Steril,MED000657,Three Way Stopcock Extension 10cm Terumo,BOX@50,28,240972.75,6747236.86
03/01/2026,Siloam Kebon Jeruk,PT Medika Nusantara,MED000108,SPUIT 20CC BD,1 BOX = 100 PCS,1,188591.39,188591.39
03/01/2026,Siloam Kebon Jeruk,PT MEDIKA NUSANTARA,MED000163,Foley Catheter 12Fr B. Braun V2,PCS,2,14302.97,28605.93
03/01/2026,Siloam Kebon Jeruk,PT Medika Nusantara,MED000278,Spuit 5cc Terumo V5,BOX@100,13,109704.55,1426159.16
03/01/2026,Siloam Kebon Jeruk,PT FARMASI SEJAHTERA,OBT000353,Paracetamol 500mg Tab Sanbe V2,STRIP 10 TAB,1,4649.13,4649.13
03/01/2026,Siloam Makassar,PT Farmasi Sejahtera,OBT000353,Paracetamol 500mg Tab Sanbe V2,STRIP 10 TAB,1,4547.21,4547.21
03/01/2026,Siloam Makassar,PT Farmasi Sejahtera,OBT000354,Paracetamol 1g/100ml Inf Sanbe V2,STRIP 10 TAB,19,3016.66,57316.55
03/01/2026,Siloam Kebon Jeruk,PT Farmasi Sejahtera,OBT000354,Paracetamol 1g/100ml Inf Sanbe V2,STRIP 10 TAB,20,2991.82,59836.47
03/01/2026,Siloam Makassar,PT ALKES PRIMA,MED000459,SARUNG TANGAN NITRILE S GEA,BOX@100,34,64436.01,2190824.48
03/01/2026,Siloam Bali,PT Alkes Prima,MED000459,SARUNG TANGAN NITRILE S GEA,BOX@100,37,64041.82,2369547.18
08/01/2026,Siloam Kebon Jeruk,PT Medika Nusantara,MED000173,NEEDLE HYPODERMIC 25G B. BRAUN V2,BOX@100,23,55089.47,1267057.85
08/01/2026,Siloam Bali,PT FARMASI SEJAHTERA,OBT000344,Dexamethasone 5mg/ml Amp Dexa,BOX 10 AMP,106,42678.87,4523959.9
08/01/2026,Siloam Surabaya,PT FARMASI SEJAHTERA,OBT000378,Ketorolac 30mg/ml Amp Dexa V3,BOX 10 AMP,4,75698.82,302795.29
08/01/2026,Siloam Surabaya,PT Farmasi Sejahtera,OBT000399,Meropenem 1g Inj Kalbe V4,VIAL,7,102358.82,716511.73
08/01/2026,Siloam Makassar,PT SARANA STERIL,MED000654,Needle Hypodermic 23G GEA,BOX@100,1,54501.39,54501.39
08/01/2026,Siloam Bali,PT Sarana Steril,MED000654,Needle Hypodermic 23G GEA,BOX@100,1,54387.81,54387.81
09/01/2026,Siloam Kebon Jeruk,PT Medika Nusantara,MED000135,Suction Catheter 10Fr BD,PCS,7,2525.81,17680.67
09/01/2026,Siloam Makassar,PT Medika Nusantara,MED000135,Suction Catheter 10Fr BD,PCS,9,2615.05,23535.44
09/01/2026,Siloam Kebon Jeruk,PT Medika Nusantara,MED000188,IV Catheter 22G GEA V3,Box isi 50,14,268179.55,3754513.7
09/01/2026,Siloam Lippo Village,PT ALKES PRIMA,MED000469,MASKER BEDAH 3 PLY BIRU MEDISAFE,BOX@50,23,26430.4,607899.12
09/01/2026,Siloam Kebon Jeruk,PT Alkes Prima,MED000469,MASKER BEDAH 3 PLY BIRU MEDISAFE,BOX@50,25,27198.05,679951.31
10/01/2026,Siloam Makassar,PT Medika Nusantara,MED000145,IV Catheter 22G B. Braun V2,BOX@50,6,482647.61,2895885.67
10/01/2026,Siloam Bali,PT FARMASI SEJAHTERA,OBT000331,Omeprazole 40mg Inj Sanbe,STRIP 10 CAP,2,255231.13,510462.27
10/01/2026,Siloam Kebon Jeruk,PT FARMASI SEJAHTERA,OBT000331,Omeprazole 40mg Inj Sanbe,STRIP 10 CAP,2,254110.15,508220.29
11/01/2026,Siloam Lippo Village,PT Bio Diagnostik,MED000564,URINALYSIS STRIP 10 PARAM BIOSYSTEMS V3,BOTTLE 100 TEST,3,294625.42,883876.27
11/01/2026,Siloam Lippo Village,PT Bio Diagnostik,MED000569,Glucose Reagent 4x50ml Biosystems V4,KIT,13,626343.6,8142466.75
11/01/2026,Siloam Bali,PT Bio Diagnostik,MED000569,Glucose Reagent 4x50ml Biosystems V4,KIT,8,642390.8,5139126.4
12/01/2026,Siloam Bali,PT Medika Nusantara,MED000218,Three Way Stopcock Extension 10cm BD V3,PCS,19,5670.38,107737.28
12/01/2026,Siloam Lippo Village,PT Medika Nusantara,MED000218,Three Way Stopcock Extension 10cm BD V3,PCS,28,5766.72,161468.14
12/01/2026,Siloam Kebon Jeruk,PT Medika Nusantara,MED000235,Spuit 5cc Medisafe V4,BOX@100,12,162354.66,1948255.88
12/01/2026,Siloam Lippo Village,PT MEDIKA NUSANTARA,MED000235,Spuit 5cc Medisafe V4,BOX@100,15,160310.46,2404656.95
13/01/2026,Siloam Kebon Jeruk,PT Medika Nusantara,MED000117,Infusion Set Mikro B. Braun,pcs,1,6925.76,6925.76
13/01/2026,Siloam Kebon Jeruk,PT Medika Nusantara,MED000172,Needle Hypodermic 23G B. Braun V2,BOX@100,7,43932.88,307530.19
13/01/2026,Siloam Surabaya,PT Medika Nusantara,MED000219,UNDERPAD 60X60 BD V3,PACK/10,9,64524.67,580722.01
14/01/2026,Siloam Surabaya,PT Medika Nusantara,MED000114,KASA STERIL 16X16 BD,PACK/10,2,46261.94,92523.89
14/01/2026,Siloam Lippo Village,PT Medika Nusantara,MED000114,KASA STERIL 16X16 BD,PACK/10,5,46181.41,230907.04
14/01/2026,Siloam Kebon Jeruk,PT Medika Nusantara,MED000118,MASKER BEDAH 3 PLY HIJAU TERUMO,BOX@50,7,33978.03,237846.21
14/01/2026,Siloam Makassar,PT Medika Nusantara,MED000118,MASKER BEDAH 3 PLY HIJAU TERUMO,BOX@50,7,33886.05,237202.38
14/01/2026,Siloam Makassar,PT FARMASI SEJAHTERA,OBT000370,Ceftriaxone 1g Inj Sanbe V3,VIAL,6,11423.26,68539.57
14/01/2026,Siloam Bali,PT Farmasi Sejahtera,OBT000370,Ceftriaxone 1g Inj Sanbe V3,VIAL,7,11701.6,81911.2
14/01/2026,Siloam Makassar,PT Bio Diagnostik,MED000552,Blood Tube Serum 5ml Diasys,BOX@100,5,143072.69,715363.45
15/01/2026,Siloam Kebon Jeruk,PT Medika Nusantara,MED000147,SPUIT 1CC ONEMED V2,BOX@100,5,163833.2,819166.01
15/01/2026,Siloam Surabaya,PT Medika Nusantara,MED000147,SPUIT 1CC ONEMED V2,BOX@100,5,169049.75,845248.77
15/01/2026,Siloam Kebon Jeruk,PT Medika Nusantara,MED000168,Urine Bag 1000ml OneMed V2,PCS,13,7336.93,95380.03
15/01/2026,Siloam Bali,PT Medika Nusantara,MED000168,Urine Bag 1000ml OneMed V2,PCS,13,7701.92,100124.97
15/01/2026,Siloam Kebon Jeruk,PT ALKES PRIMA,MED000491,Blood Lancet 28G GEA,BOX@200,2,45668.22,91336.44
16/01/2026,Siloam Lippo Village,PT Medika Nusantara,MED000184,Blood Lancet 28G Terumo V2,BOX@200,22,62724.98,1379949.53
16/01/2026,Siloam Surabaya,PT Medika Nusantara,MED000189,IV CATHETER 24G ONEMED V3,Box isi 50,6,507880.57,3047283.43
16/01/2026,Siloam Makassar,PT Medika Nusantara,MED000189,IV CATHETER 24G ONEMED V3,Box isi 50,3,494770.85,1484312.56
16/01/2026,Siloam Surabaya,PT Medika Nusantara,MED000262,Underpad 60x60 GEA V4,PACK/10,6,31920.41,191522.47
16/01/2026,Siloam Bali,PT Farmasi Sejahtera,OBT000368,NaCl 0.9% 500ml Kalbe V2,BTL,12,11316.94,135803.23
16/01/2026,Siloam Surabaya,PT Farmasi Sejahtera,OBT000368,NaCl 0.9% 500ml Kalbe V2,BTL,11,11108.0,122188.02
16/01/2026,Siloam Lippo Village,PT Farmasi Sejahtera,OBT000380,Amlodipine 5mg Tab Dexa V3,STRIP 10 TAB,17,7807.71,132731.03
16/01/2026,Siloam Kebon Jeruk,PT GLOBAL INFUS,MED000722,Spuit 10cc Medisafe,1 BOX = 100 PCS,25,97889.97,2447249.3
16/01/2026,Siloam Makassar,PT Global Infus,MED000722,Spuit 10cc Medisafe,1 BOX = 100 PCS,12,101337.2,1216046.38
17/01/2026,Siloam Makassar,PT Medika Nusantara,MED000165,Foley Catheter 16Fr B. Braun V2,BOX@10,7,238873.82,1672116.72
17/01/2026,Siloam Kebon Jeruk,PT Sarana Steril,MED000657,Three Way Stopcock Extension 10cm Terumo,BOX@50,27,240228.01,6486156.28
17/01/2026,Siloam Lippo Village,PT Sarana Steril,MED000657,Three Way Stopcock Extension 10cm Terumo,BOX@50,24,242117.02,5810808.56
17/01/2026,Siloam Lippo Village,PT Global Infus,MED000731,INFUSION SET ANAK B. BRAUN,pcs,8,8030.8,64246.37
18/01/2026,Siloam Lippo Village,PT MEDIKA NUSANTARA,MED000204,MASKER BEDAH 3 PLY HIJAU TERUMO V3,BOX@50,1,31529.68,31529.68
18/01/2026,Siloam Lippo Village,PT Medika Nusantara,MED000222,Suction Catheter 12Fr B. Braun V3,PCS,9,2799.27,25193.43
19/01/2026,Siloam Bali,PT MEDIKA NUSANTARA,MED000236,SPUIT 10CC BD V4,BOX@100,31,108766.82,3371771.37
19/01/2026,Siloam Makassar,PT MEDIKA NUSANTARA,MED000236,SPUIT 10CC BD V4,BOX@100,21,107991.01,2267811.18
19/01/2026,Siloam Makassar,PT Farmasi Sejahtera,OBT000384,DEXAMETHASONE 5MG/ML AMP HEXPHARM V3,BOX 10 AMP,2,21393.06,42786.12
19/01/2026,Siloam Surabaya,PT Farmasi Sejahtera,OBT000385,Furosemide 20mg/2ml Amp Hexpharm V3,BOX 5 AMP,3,10188.96,30566.89
19/01/2026,Siloam Bali,PT Sarana Steril,MED000646,Foley Catheter 14Fr B. Braun,PCS,6,15816.49,94898.97
19/01/2026,Siloam Makassar,PT Sarana Steril,MED000664,ECG ELECTRODE ADULT BD,PACK/50,1,86792.35,86792.35
19/01/2026,Siloam Bali,PT SARANA STERIL,MED000664,ECG ELECTRODE ADULT BD,PACK/50,1,84485.21,84485.21
20/01/2026,Siloam Lippo Village,PT MEDIKA NUSANTARA,MED000100,IV Catheter 18G B. Braun,BOX@50,6,533396.29,3200377.75
20/01/2026,Siloam Bali,PT MEDIKA NUSANTARA,MED000100,IV Catheter 18G B. Braun,BOX@50,10,520690.76,5206907.58
20/01/2026,Siloam Surabaya,PT Medika Nusantara,MED000161,Masker Bedah 3 Ply Hijau GEA V2,BOX@50,7,30747.76,215234.33
20/01/2026,Siloam Surabaya,PT Medika Nusantara,MED000211,Urine Bag 1000ml BD V3,PCS,2,4957.61,9915.21
20/01/2026,Siloam Kebon Jeruk,PT Medika Nusantara,MED000211,Urine Bag 1000ml BD V3,PCS,1,5230.1,5230.1
20/01/2026,Siloam Surabaya,PT Medika Nusantara,MED000239,SARUNG TANGAN NITRILE M TERUMO V4,Box isi 100,125,69462.5,8682812.97
20/01/2026,Siloam Makassar,PT Medika Nusantara,MED000239,SARUNG TANGAN NITRILE M TERUMO V4,Box isi 100,209,68017.91,14215742.38
20/01/2026,Siloam Surabaya,PT Farmasi Sejahtera,OBT000356,Ondansetron 8mg/4ml Amp Sanbe V2,BOX 5 AMP,3,37370.89,112112.66
20/01/2026,Siloam Bali,PT Farmasi Sejahtera,OBT000394,Paracetamol 1g/100ml Inf Kalbe V4,BTL,1,472.38,472.38
20/01/2026,Siloam Bali,PT ALKES PRIMA,MED000453,IV Catheter 24G OneMed,BX 50 PCS,18,8436.17,151851.15
20/01/2026,Siloam Surabaya,PT ALKES PRIMA,MED000463,Kasa Steril 10x10 BD,PACK/10,52,71218.73,3703373.83
20/01/2026,Siloam Makassar,PT Alkes Prima,MED000463,Kasa Steril 10x10 BD,PACK/10,35,70203.76,2457131.76
21/01/2026,Siloam Kebon Jeruk,PT Medika Nusantara,MED000101,IV Catheter 20G BD,Box isi 50,2,304222.54,608445.08
21/01/2026,Siloam Lippo Village,PT Medika Nusantara,MED000125,URINE BAG 1000ML TERUMO,PCS,7,7304.54,51131.8
21/01/2026,Siloam Surabaya,PT MEDIKA NUSANTARA,MED000125,URINE BAG 1000ML TERUMO,PCS,13,7536.52,97974.8
21/01/2026,Siloam Kebon Jeruk,PT Medika Nusantara,MED000138,Alcohol Swab Standard Medisafe,BOX@100,3,27325.0,81975.0
21/01/2026,Siloam Lippo Village,PT Medika Nusantara,MED000138,Alcohol Swab Standard Medisafe,BOX@100,4,27679.46,110717.86
21/01/2026,Siloam Kebon Jeruk,PT Medika Nusantara,MED000144,IV CATHETER 20G ONEMED V2,Box isi 50,24,479190.76,11500578.31
21/01/2026,Siloam Surabaya,PT Medika Nusantara,MED000144,IV CATHETER 20G ONEMED V2,Box isi 50,12,473692.88,5684314.59
21/01/2026,Siloam Kebon Jeruk,PT Medika Nusantara,MED000186,IV Catheter 18G BD V3,BOX@50,22,269158.65,5921490.39
21/01/2026,Siloam Bali,PT Medika Nusantara,MED000253,Urine Bag 2000ml B. Braun V4,PCS,15,6682.42,100236.26
21/01/2026,Siloam Surabaya,PT Farmasi Sejahtera,OBT000340,Amlodipine 5mg Tab Kalbe,STRIP 10 TAB,25,5828.69,145717.3
21/01/2026,Siloam Makassar,PT Farmasi Sejahtera,OBT000396,ONDANSETRON 8MG/4ML AMP HEXPHARM V4,AMP,1,10150.34,10150.34
21/01/2026,Siloam Bali,PT Alkes Prima,MED000459,SARUNG TANGAN NITRILE S GEA,BOX@100,18,66719.56,1200952.12
21/01/2026,Siloam Lippo Village,PT Alkes Prima,MED000459,SARUNG TANGAN NITRILE S GEA,BOX@100,23,66144.36,1521320.21
21/01/2026,Siloam Lippo Village,PT Global Infus,MED000716,IV Catheter 20G Medisafe,BX 50 PCS,1,443581.59,443581.59
21/01/2026,Siloam Bali,PT GLOBAL INFUS,MED000716,IV Catheter 20G Medisafe,BX 50 PCS,1,452438.08,452438.08
22/01/2026,Siloam Surabaya,PT Alkes Prima,MED000493,IV CATHETER 18G GEA V2,Box isi 50,5,316282.65,1581413.26
22/01/2026,Siloam Lippo Village,PT Alkes Prima,MED000493,IV CATHETER 18G GEA V2,Box isi 50,3,318375.28,955125.85
23/01/2026,Siloam Lippo Village,PT Medika Nusantara,MED000164,FOLEY CATHETER 14FR ONEMED V2,BOX@10,15,175998.07,2639971.09
23/01/2026,Siloam Makassar,PT Medika Nusantara,MED000230,IV Catheter 20G OneMed V4,Box isi 50,39,296413.76,11560136.5
23/01/2026,Siloam Kebon Jeruk,PT Medika Nusantara,MED000230,IV Catheter 20G OneMed V4,Box isi 50,23,294664.19,6777276.37
23/01/2026,Siloam Bali,PT Alkes Prima,MED000486,Suction Catheter 12Fr OneMed,PCS,2,4724.16,9448.33
24/01/2026,Siloam Surabaya,PT Bio Diagnostik,MED000550,Blood Tube EDTA 3ml Biosystems,BOX@200,11,131007.31,1441080.37
24/01/2026,Siloam Bali,PT Global Infus,MED000724,Sarung Tangan Nitrile S BD,BOX@100,3,62565.89,187697.66
24/01/2026,Siloam Makassar,PT GLOBAL INFUS,MED000724,Sarung Tangan Nitrile S BD,BOX@100,6,62428.66,374571.98
24/01/2026,Siloam Surabaya,PT Global Infus,MED000733,Masker Bedah 3 Ply Hijau Medisafe,BOX@50,17,26945.27,458069.61
24/01/2026,Siloam Lippo Village,PT Global Infus,MED000733,Masker Bedah 3 Ply Hijau Medisafe,BOX@50,14,25524.19,357338.61
24/01/2026,Siloam Kebon Jeruk,PT Global Infus,MED000736,Foley Catheter 14Fr Terumo,BOX@10,1,168625.74,168625.74
25/01/2026,Siloam Kebon Jeruk,PT Medika Nusantara,MED000205,MASKER BEDAH 3 PLY BIRU ONEMED V3,BOX@50,21,25995.28,545900.87
25/01/2026,Siloam Lippo Village,PT MEDIKA NUSANTARA,MED000205,MASKER BEDAH 3 PLY BIRU ONEMED V3,BOX@50,13,26305.27,341968.5
25/01/2026,Siloam Kebon Jeruk,PT MEDIKA NUSANTARA,MED000254,URINE BAG 1000ML TERUMO V4,PCS,31,4543.61,140852.04
25/01/2026,Siloam Lippo Village,PT Medika Nusantara,MED000254,URINE BAG 1000ML TERUMO V4,PCS,21,4647.03,97587.72
25/01/2026,Siloam Lippo Village,PT Sarana Steril,MED000647,Foley Catheter 16Fr Medisafe,PCS,19,18469.09,350912.66
26/01/2026,Siloam Bali,PT Farmasi Sejahtera,OBT000332,Omeprazole 20mg Cap Sanbe,VIAL,7,26408.16,184857.15
26/01/2026,Siloam Surabaya,PT Farmasi Sejahtera,OBT000332,Omeprazole 20mg Cap Sanbe,VIAL,6,26933.88,161603.28
26/01/2026,Siloam Lippo Village,PT Sarana Steril,MED000641,Infusion Set Anak GEA,pcs,1,11191.61,11191.61
26/01/2026,Siloam Bali,PT Sarana Steril,MED000641,Infusion Set Anak GEA,pcs,2,11477.23,22954.45
26/01/2026,Siloam Surabaya,PT SARANA STERIL,MED000651,Plester Roll 1 inch BD,ROLL,32,13898.1,444739.19
26/01/2026,Siloam Surabaya,PT Sarana Steril,MED000653,NEEDLE HYPODERMIC 21G GEA,BOX@100,1,49282.43,49282.43
26/01/2026,Siloam Bali,PT Sarana Steril,MED000653,NEEDLE HYPODERMIC 21G GEA,BOX@100,1,48844.97,48844.97
27/01/2026,Siloam Surabaya,PT Medika Nusantara,MED000153,SARUNG TANGAN NITRILE M TERUMO V2,Box isi 100,23,119012.84,2737295.42
27/01/2026,Siloam Makassar,PT Medika Nusantara,MED000240,SARUNG TANGAN NITRILE L ONEMED V4,BOX@100,19,59539.17,1131244.17
27/01/2026,Siloam Surabaya,PT Medika Nusantara,MED000240,SARUNG TANGAN NITRILE L ONEMED V4,BOX@100,26,59002.0,1534052.02
27/01/2026,Siloam Surabaya,PT Bio Diagnostik,MED000559,Blood Tube EDTA 2ml Biosystems V2,BOX@100,17,132019.5,2244331.45
28/01/2026,Siloam Makassar,PT Medika Nusantara,MED000136,SUCTION CATHETER 12FR MEDISAFE,PCS,11,2758.65,30345.14
28/01/2026,Siloam Makassar,PT Medika Nusantara,MED000258,NEEDLE HYPODERMIC 23G B. BRAUN V4,BOX@100,8,61460.24,491681.92
28/01/2026,Siloam Makassar,PT ALKES PRIMA,MED000451,IV CATHETER 20G BD,BOX@50,17,579594.98,9853114.73
28/01/2026,Siloam Bali,PT Alkes Prima,MED000451,IV CATHETER 20G BD,BOX@50,21,569358.82,11956535.27
29/01/2026,Siloam Makassar,PT MEDIKA NUSANTARA,MED000111,Sarung Tangan Nitrile L GEA,Box isi 100,18,75776.27,1363972.91
29/01/2026,Siloam Lippo Village,PT Medika Nusantara,MED000124,Urine Bag 2000ml BD,PCS,5,6614.64,33073.18
29/01/2026,Siloam Surabaya,PT Medika Nusantara,MED000203,Infusion Set Mikro BD V3,pcs,17,8483.43,144218.36
29/01/2026,Siloam Kebon Jeruk,PT MEDIKA NUSANTARA,MED000203,Infusion Set Mikro BD V3,pcs,13,8316.72,108117.4
29/01/2026,Siloam Lippo Village,PT Farmasi Sejahtera,OBT000366,Furosemide 40mg Tab Kalbe V2,STRIP 10 TAB,3,21909.6,65728.81
29/01/2026,Siloam Makassar,PT Farmasi Sejahtera,OBT000366,Furosemide 40mg Tab Kalbe V2,STRIP 10 TAB,4,22585.78,90343.12
29/01/2026,Siloam Bali,PT Farmasi Sejahtera,OBT000389,NaCl 0.9% 100ml Novell V3,BTL,10,10539.51,105395.14
29/01/2026,Siloam Surabaya,PT Farmasi Sejahtera,OBT000389,NaCl 0.9% 100ml Novell V3,BTL,8,10782.03,86256.21
29/01/2026,Siloam Makassar,PT Alkes Prima,MED000468,Masker Bedah 3 Ply Hijau OneMed,BOX@50,5,30316.91,151584.56
29/01/2026,Siloam Lippo Village,PT SARANA STERIL,MED000639,Kasa Steril 16x16 GEA,PACK/10,1,54606.99,54606.99
29/01/2026,Siloam Surabaya,PT Sarana Steril,MED000662,Suction Catheter 14Fr BD,PCS,11,3193.57,35129.22
30/01/2026,Siloam Surabaya,PT GLOBAL INFUS,MED000732,INFUSION SET MIKRO TERUMO,pcs,20,8315.58,166311.53
31/01/2026,Siloam Surabaya,PT Medika Nusantara,MED000108,SPUIT 20CC BD,1 BOX = 100 PCS,1,182827.03,182827.03
31/01/2026,Siloam Bali,PT Medika Nusantara,MED000231,IV Catheter 22G Medisafe V4,BX 50 PCS,5,349148.51,1745742.54
31/01/2026,Siloam Makassar,PT Medika Nusantara,MED000231,IV Catheter 22G Medisafe V4,BX 50 PCS,8,356251.81,2850014.5
31/01/2026,Siloam Lippo Village,PT Bio Diagnostik,MED000556,Urinalysis Strip 10 Param Roche V2,BOTTLE 100 TEST,1,263549.88,263549.88
31/01/2026,Siloam Surabaya,PT Bio Diagnostik,MED000556,Urinalysis Strip 10 Param Roche V2,BOTTLE 100 TEST,2,262341.17,524682.33
01/02/2026,Siloam Lippo Village,PT Medika Nusantara,MED000148,Spuit 3cc OneMed V2,1 BOX = 100 PCS,6,171414.51,1028487.05
01/02/2026,Siloam Surabaya,PT MEDIKA NUSANTARA,MED000148,Spuit 3cc OneMed V2,1 BOX = 100 PCS,6,176333.96,1058003.74
01/02/2026,Siloam Kebon Jeruk,PT MEDIKA NUSANTARA,MED000242,Kasa Steril 10x10 Medisafe V4,PAK 10,1,45103.87,45103.87
01/02/2026,Siloam Bali,PT Medika Nusantara,MED000242,Kasa Steril 10x10 Medisafe V4,PAK 10,2,45259.39,90518.78
01/02/2026,Siloam Makassar,PT Bio Diagnostik,MED000558,Blood Tube EDTA 3ml Biosystems V2,BOX@100,4,198967.22,795868.86
01/02/2026,Siloam Bali,PT Bio Diagnostik,MED000560,BLOOD TUBE SERUM 5ML ROCHE V2,BOX@100,12,210792.1,2529505.21
02/02/2026,Siloam Lippo Village,PT Medika Nusantara,MED000122,Foley Catheter 16Fr GEA,BOX@10,5,190318.55,951592.73
02/02/2026,Siloam Surabaya,PT FARMASI SEJAHTERA,OBT000334,PARACETAMOL 1G/100ML INF NOVELL,BTL,17,604.83,10282.09
02/02/2026,Siloam Makassar,PT FARMASI SEJAHTERA,OBT000334,PARACETAMOL 1G/100ML INF NOVELL,BTL,18,617.67,11118.01
02/02/2026,Siloam Bali,PT Sarana Steril,MED000642,INFUSION SET MIKRO B. BRAUN,pcs,7,11148.92,78042.44
02/02/2026,Siloam Lippo Village,PT Global Infus,MED000719,Spuit 1cc Terumo,1 BOX = 100 PCS,1,131164.0,131164.0
02/02/2026,Siloam Bali,PT Global Infus,MED000719,Spuit 1cc Terumo,1 BOX = 100 PCS,3,137147.47,411442.42
07/02/2026,Siloam Kebon Jeruk,PT Medika Nusantara,MED000134,Underpad 60x90 Medisafe,PACK/10,16,44622.3,713956.75
07/02/2026,Siloam Kebon Jeruk,PT Medika Nusantara,MED000232,IV CATHETER 24G MEDISAFE V4,BOX@50,29,557343.94,16162974.2
08/02/2026,Siloam Makassar,PT Medika Nusantara,MED000107,Spuit 10cc OneMed,1 BOX = 100 PCS,1,169977.41,169977.41
08/02/2026,Siloam Surabaya,PT Medika Nusantara,MED000182,ECG ELECTRODE ADULT TERUMO V2,PACK/50,2,67818.06,135636.12
08/02/2026,Siloam Lippo Village,PT MEDIKA NUSANTARA,MED000182,ECG ELECTRODE ADULT TERUMO V2,PACK/50,2,66626.76,133253.51
08/02/2026,Siloam Bali,PT Medika Nusantara,MED000246,Infusion Set Mikro Medisafe V4,pcs,1,8034.36,8034.36
08/02/2026,Siloam Kebon Jeruk,PT Medika Nusantara,MED000246,Infusion Set Mikro Medisafe V4,pcs,1,8099.14,8099.14
08/02/2026,Siloam Lippo Village,PT MEDIKA NUSANTARA,MED000278,Spuit 5cc Terumo V5,BOX@100,5,109398.71,546993.56
08/02/2026,Siloam Makassar,PT Medika Nusantara,MED000278,Spuit 5cc Terumo V5,BOX@100,9,112097.41,1008876.72
09/02/2026,Siloam Bali,PT Farmasi Sejahtera,OBT000333,PARACETAMOL 500MG TAB HEXPHARM,BTL,4,403.28,1613.13
09/02/2026,Siloam Bali,PT Farmasi Sejahtera,OBT000384,DEXAMETHASONE 5MG/ML AMP HEXPHARM V3,BOX 10 AMP,1,21430.33,21430.33
09/02/2026,Siloam Makassar,PT Farmasi Sejahtera,OBT000384,DEXAMETHASONE 5MG/ML AMP HEXPHARM V3,BOX 10 AMP,2,20687.55,41375.11
09/02/2026,Siloam Bali,PT Farmasi Sejahtera,OBT000385,Furosemide 20mg/2ml Amp Hexpharm V3,BOX 5 AMP,4,10258.73,41034.92
09/02/2026,Siloam Makassar,PT Farmasi Sejahtera,OBT000385,Furosemide 20mg/2ml Amp Hexpharm V3,BOX 5 AMP,2,10005.05,20010.1
10/02/2026,Siloam Makassar,PT Medika Nusantara,MED000142,Blood Lancet 30G BD,BOX@200,5,70774.66,353873.32
10/02/2026,Siloam Lippo Village,PT Medika Nusantara,MED000230,IV Catheter 20G OneMed V4,Box isi 50,22,302152.22,6647348.8
10/02/2026,Siloam Bali,PT Farmasi Sejahtera,OBT000338,Ketorolac 30mg/ml Amp Hexpharm,BOX 10 AMP,24,67865.54,1628772.88
10/02/2026,Siloam Kebon Jeruk,PT Alkes Prima,MED000476,Plester Roll 1 inch Medisafe,ROLL,1,8041.8,8041.8
10/02/2026,Siloam Makassar,PT Sarana Steril,MED000656,Three Way Stopcock Standard Medisafe,BOX@50,26,139134.36,3617493.28
10/02/2026,Siloam Bali,PT Sarana Steril,MED000656,Three Way Stopcock Standard Medisafe,BOX@50,19,137243.63,2607628.98
11/02/2026,Siloam Lippo Village,PT Medika Nusantara,MED000106,Spuit 5cc OneMed,1 BOX = 100 PCS,4,129396.0,517584.02
11/02/2026,Siloam Kebon Jeruk,PT MEDIKA NUSANTARA,MED000135,Suction Catheter 10Fr BD,PCS,9,2511.24,22601.2
11/02/2026,Siloam Lippo Village,PT Medika Nusantara,MED000135,Suction Catheter 10Fr BD,PCS,9,2650.08,23850.74
11/02/2026,Siloam Makassar,PT MEDIKA NUSANTARA,MED000159,Infusion Set Anak BD V2,pcs,75,8386.8,629010.0
11/02/2026,Siloam Surabaya,PT Medika Nusantara,MED000159,Infusion Set Anak BD V2,pcs,67,8663.68,580466.85
11/02/2026,Siloam Bali,PT Medika Nusantara,MED000177,Underpad 60x90 B. Braun V2,PACK/10,13,55807.99,725503.86
11/02/2026,Siloam Bali,PT Medika Nusantara,MED000190,SPUIT 1CC TERUMO V3,BOX@100,1,117817.85,117817.85
11/02/2026,Siloam Bali,PT Medika Nusantara,MED000197,SARUNG TANGAN NITRILE L BD V3,BOX@100,4,77492.57,309970.29
11/02/2026,Siloam Lippo Village,PT Medika Nusantara,MED000197,SARUNG TANGAN NITRILE L BD V3,BOX@100,1,74168.85,74168.85
11/02/2026,Siloam Kebon Jeruk,PT Alkes Prima,MED000481,Three Way Stopcock Standard BD,PCS,12,2797.98,33575.71
11/02/2026,Siloam Surabaya,PT ALKES PRIMA,MED000481,Three Way Stopcock Standard BD,PCS,9,2724.29,24518.57
11/02/2026,Siloam Bali,PT Bio Diagnostik,MED000568,BLOOD TUBE SERUM 5ML DIASYS V3,BOX@100,6,252103.18,1512619.09
12/02/2026,Siloam Surabaya,PT MEDIKA NUSANTARA,MED000101,IV Catheter 20G BD,Box isi 50,1,299238.23,299238.23
12/02/2026,Siloam Makassar,PT Medika Nusantara,MED000101,IV Catheter 20G BD,Box isi 50,2,290933.27,581866.53
12/02/2026,Siloam Kebon Jeruk,PT Medika Nusantara,MED000103,IV CATHETER 24G TERUMO,BOX@50,11,10011.49,110126.36
12/02/2026,Siloam Bali,PT Medika Nusantara,MED000103,IV CATHETER 24G TERUMO,BOX@50,8,10187.48,81499.84
12/02/2026,Siloam Bali,PT Sarana Steril,MED000654,Needle Hypodermic 23G GEA,BOX@100,1,52524.93,52524.93
13/02/2026,Siloam Lippo Village,PT Medika Nusantara,MED000226,ECG Electrode Pediatric B. Braun V3,PACK/50,1,75726.81,75726.81
13/02/2026,Siloam Bali,PT Medika Nusantara,MED000268,ECG ELECTRODE ADULT ONEMED V4,PACK/50,1,96915.79,96915.79
13/02/2026,Siloam Kebon Jeruk,PT Medika Nusantara,MED000277,Spuit 3cc OneMed V5,1 BOX = 100 PCS,3,101023.89,303071.66
13/02/2026,Siloam Bali,PT Medika Nusantara,MED000277,Spuit 3cc OneMed V5,1 BOX = 100 PCS,2,103760.5,207520.99
13/02/2026,Siloam Kebon Jeruk,PT Sarana Steril,MED000627,IV Catheter 22G B. Braun,BX 50 PCS,6,266135.16,1596810.93
13/02/2026,Siloam Bali,PT SARANA STERIL,MED000627,IV Catheter 22G B. Braun,BX 50 PCS,3,269103.53,807310.59
14/02/2026,Siloam Kebon Jeruk,PT Medika Nusantara,MED000105,Spuit 3cc Medisafe,BOX@200,5,101813.17,509065.84
14/02/2026,Siloam Makassar,PT Medika Nusantara,MED000108,SPUIT 20CC BD,1 BOX = 100 PCS,1,189159.74,189159.74
14/02/2026,Siloam Lippo Village,PT Medika Nusantara,MED000108,SPUIT 20CC BD,1 BOX = 100 PCS,1,183120.23,183120.23
14/02/2026,Siloam Makassar,PT MEDIKA NUSANTARA,MED000228,BLOOD LANCET 30G MEDISAFE V3,BOX@200,3,50885.26,152655.78
14/02/2026,Siloam Surabaya,PT ALKES PRIMA,MED000457,Spuit 10cc B. Braun,1 BOX = 100 PCS,16,159893.9,2558302.42
14/02/2026,Siloam Lippo Village,PT Alkes Prima,MED000457,Spuit 10cc B. Braun,1 BOX = 100 PCS,20,162574.64,3251492.75
14/02/2026,Siloam Lippo Village,PT Bio Diagnostik,MED000553,Glucose Reagent 4x50ml Diasys V2,KIT,15,332884.4,4993266.0
14/02/2026,Siloam Surabaya,PT Bio Diagnostik,MED000553,Glucose Reagent 4x50ml Diasys V2,KIT,16,329506.28,5272100.4
14/02/2026,Siloam Surabaya,PT Bio Diagnostik,MED000561,GLUCOSE REAGENT 4X50ML SYSMEX V3,KIT,1,512402.05,512402.05
14/02/2026,Siloam Kebon Jeruk,PT Bio Diagnostik,MED000561,GLUCOSE REAGENT 4X50ML SYSMEX V3,KIT,1,540607.0,540607.0
14/02/2026,Siloam Kebon Jeruk,PT Sarana Steril,MED000631,Spuit 5cc GEA,1 BOX = 100 PCS,8,163429.8,1307438.36
14/02/2026,Siloam Bali,PT Sarana Steril,MED000631,Spuit 5cc GEA,1 BOX = 100 PCS,6,171693.98,1030163.88
14/02/2026,Siloam Surabaya,PT Sarana Steril,MED000663,ALCOHOL SWAB STANDARD GEA,BOX@100,3,28974.06,86922.17
14/02/2026,Siloam Kebon Jeruk,PT SARANA STERIL,MED000663,ALCOHOL SWAB STANDARD GEA,BOX@100,3,29593.38,88780.15
15/02/2026,Siloam Surabaya,PT MEDIKA NUSANTARA,MED000233,SPUIT 1CC B. BRAUN V4,BOX@100,1,145434.09,145434.09
15/02/2026,Siloam Surabaya,PT Bio Diagnostik,MED000573,CRP Latex 100 test Roche V4,KIT,1,682867.59,682867.59
15/02/2026,Siloam Lippo Village,PT Bio Diagnostik,MED000573,CRP Latex 100 test Roche V4,KIT,1,653978.82,653978.82
15/02/2026,Siloam Bali,PT Sarana Steril,MED000629,Spuit 1cc B. Braun,BOX@100,1,110939.91,110939.91
16/02/2026,Siloam Surabaya,PT Alkes Prima,MED000454,SPUIT 1CC B. BRAUN,BOX@100,27,132962.51,3589987.66
16/02/2026,Siloam Bali,PT Alkes Prima,MED000454,SPUIT 1CC B. BRAUN,BOX@100,68,131990.43,8975349.18
17/02/2026,Siloam Bali,PT Medika Nusantara,MED000104,SPUIT 1CC TERUMO,BOX@100,12,135099.68,1621196.18
17/02/2026,Siloam Surabaya,PT Medika Nusantara,MED000140,ECG Electrode Pediatric Terumo,PACK/50,17,130136.25,2212316.32
17/02/2026,Siloam Makassar,PT Farmasi Sejahtera,OBT000340,Amlodipine 5mg Tab Kalbe,STRIP 10 TAB,25,5793.13,144828.17
17/02/2026,Siloam Lippo Village,PT Farmasi Sejahtera,OBT000340,Amlodipine 5mg Tab Kalbe,STRIP 10 TAB,29,5719.76,165872.9
17/02/2026,Siloam Surabaya,PT Bio Diagnostik,MED000545,Glucose Reagent 4x50ml Roche,KIT,1,652831.69,652831.69
17/02/2026,Siloam Lippo Village,PT Bio Diagnostik,MED000545,Glucose Reagent 4x50ml Roche,KIT,1,645472.12,645472.12
17/02/2026,Siloam Bali,PT Bio Diagnostik,MED000554,GLUCOSE REAGENT 2X100ML BIOSYSTEMS V2,KIT,5,462490.19,2312450.94
17/02/2026,Siloam Makassar,PT BIO DIAGNOSTIK,MED000554,GLUCOSE REAGENT 2X100ML BIOSYSTEMS V2,KIT,15,461652.75,6924791.28
17/02/2026,Siloam Lippo Village,PT Global Infus,MED000715,IV Catheter 18G OneMed,BOX@50,9,592223.98,5330015.8
17/02/2026,Siloam Surabaya,PT Global Infus,MED000715,IV Catheter 18G OneMed,BOX@50,21,588236.05,12352957.12
18/02/2026,Siloam Lippo Village,PT Medika Nusantara,MED000150,SPUIT 10CC TERUMO V2,1 BOX = 100 PCS,17,207459.16,3526805.78
18/02/2026,Siloam Surabaya,PT Medika Nusantara,MED000150,SPUIT 10CC TERUMO V2,1 BOX = 100 PCS,11,206084.25,2266926.74
18/02/2026,Siloam Makassar,PT MEDIKA NUSANTARA,MED000173,NEEDLE HYPODERMIC 25G B. BRAUN V2,BOX@100,14,55184.03,772576.47
19/02/2026,Siloam Lippo Village,PT Medika Nusantara,MED000141,Blood Lancet 28G B. Braun,BOX@200,1,61767.47,61767.47
19/02/2026,Siloam Makassar,PT Medika Nusantara,MED000141,Blood Lancet 28G B. Braun,BOX@200,1,60882.31,60882.31
19/02/2026,Siloam Makassar,PT Medika Nusantara,MED000145,IV Catheter 22G B. Braun V2,BOX@50,8,469058.37,3752466.97
19/02/2026,Siloam Lippo Village,PT Medika Nusantara,MED000145,IV Catheter 22G B. Braun V2,BOX@50,6,479820.14,2878920.84
19/02/2026,Siloam Makassar,PT Medika Nusantara,MED000219,UNDERPAD 60X60 BD V3,PACK/10,13,61936.81,805178.48
19/02/2026,Siloam Lippo Village,PT Farmasi Sejahtera,OBT000392,Omeprazole 20mg Cap Hexpharm V4,VIAL,1,21766.58,21766.58
19/02/2026,Siloam Lippo Village,PT Alkes Prima,MED000461,Sarung Tangan Nitrile L Medisafe,Box isi 100,16,74188.55,1187016.76
19/02/2026,Siloam Makassar,PT ALKES PRIMA,MED000461,Sarung Tangan Nitrile L Medisafe,Box isi 100,6,74865.74,449194.44
19/02/2026,Siloam Makassar,PT Bio Diagnostik,MED000548,Urinalysis Strip 10 Param Diasys,BOTTLE 100 TEST,1,3844.74,3844.74
19/02/2026,Siloam Bali,PT BIO DIAGNOSTIK,MED000548,Urinalysis Strip 10 Param Diasys,BOTTLE 100 TEST,1,3810.48,3810.48
19/02/2026,Siloam Kebon Jeruk,PT Sarana Steril,MED000659,Underpad 60x90 BD,PACK/10,1,64726.1,64726.1
19/02/2026,Siloam Makassar,PT Sarana Steril,MED000659,Underpad 60x90 BD,PACK/10,1,66667.43,66667.43
20/02/2026,Siloam Lippo Village,PT Medika Nusantara,MED000187,IV Catheter 20G B. Braun V3,BOX@50,4,454779.0,1819116.02
20/02/2026,Siloam Bali,PT MEDIKA NUSANTARA,MED000187,IV Catheter 20G B. Braun V3,BOX@50,4,466962.04,1867848.16
20/02/2026,Siloam Lippo Village,PT Medika Nusantara,MED000201,Infusion Set Dewasa Terumo V3,PCS,12,8274.74,99296.89
20/02/2026,Siloam Makassar,PT Medika Nusantara,MED000263,UNDERPAD 60X90 ONEMED V4,PACK/10,7,47326.7,331286.89
20/02/2026,Siloam Surabaya,PT MEDIKA NUSANTARA,MED000263,UNDERPAD 60X90 ONEMED V4,PACK/10,6,46726.3,280357.8
20/02/2026,Siloam Bali,PT Sarana Steril,MED000664,ECG ELECTRODE ADULT BD,PACK/50,1,85375.04,85375.04
21/02/2026,Siloam Kebon Jeruk,PT Medika Nusantara,MED000167,URINE BAG 2000ML TERUMO V2,PCS,3,6251.41,18754.24
21/02/2026,Siloam Lippo Village,PT Medika Nusantara,MED000167,URINE BAG 2000ML TERUMO V2,PCS,2,6174.39,12348.77
21/02/2026,Siloam Surabaya,PT MEDIKA NUSANTARA,MED000274,IV Catheter 22G BD V5,Box isi 50,38,463677.55,17619747.08
21/02/2026,Siloam Makassar,PT Medika Nusantara,MED000274,IV Catheter 22G BD V5,Box isi 50,24,447712.27,10745094.56
21/02/2026,Siloam Surabaya,PT Farmasi Sejahtera,OBT000332,Omeprazole 20mg Cap Sanbe,VIAL,16,26736.82,427789.05
21/02/2026,Siloam Surabaya,PT Farmasi Sejahtera,OBT000361,AMLODIPINE 10MG TAB DEXA V2,STRIP 10 TAB,4,6697.57,26790.27
21/02/2026,Siloam Bali,PT Farmasi Sejahtera,OBT000365,FUROSEMIDE 20MG/2ML AMP HEXPHARM V2,STRIP 10 TAB,12,34945.7,419348.46
21/02/2026,Siloam Surabaya,PT Alkes Prima,MED000466,Infusion Set Anak GEA,pcs,1,11920.34,11920.34
21/02/2026,Siloam Kebon Jeruk,PT GLOBAL INFUS,MED000724,Sarung Tangan Nitrile S BD,BOX@100,4,60448.35,241793.4
22/02/2026,Siloam Kebon Jeruk,PT Medika Nusantara,MED000179,SUCTION CATHETER 12FR BD V2,PCS,2,3683.9,7367.81
22/02/2026,Siloam Surabaya,PT Medika Nusantara,MED000179,SUCTION CATHETER 12FR BD V2,PCS,1,3811.35,3811.35
22/02/2026,Siloam Kebon Jeruk,PT Medika Nusantara,MED000236,SPUIT 10CC BD V4,BOX@100,39,109016.1,4251627.97
22/02/2026,Siloam Bali,PT Medika Nusantara,MED000236,SPUIT 10CC BD V4,BOX@100,28,106627.69,2985575.25
22/02/2026,Siloam Bali,PT FARMASI SEJAHTERA,OBT000349,NACL 0.9% 100ML KALBE,BTL,15,5560.99,83414.85
22/02/2026,Siloam Surabaya,PT FARMASI SEJAHTERA,OBT000349,NACL 0.9% 100ML KALBE,BTL,12,5400.77,64809.26
22/02/2026,Siloam Lippo Village,PT Bio Diagnostik,MED000547,HbA1c Test Cartridge Roche,BOX 10 TEST,27,966526.13,26096205.52
22/02/2026,Siloam Surabaya,PT Bio Diagnostik,MED000547,HbA1c Test Cartridge Roche,BOX 10 TEST,32,956562.35,30609995.16
22/02/2026,Siloam Kebon Jeruk,PT Global Infus,MED000735,FOLEY CATHETER 12FR B. BRAUN,BOX@10,17,141438.38,2404452.4
23/02/2026,Siloam Kebon Jeruk,PT Medika Nusantara,MED000156,KASA STERIL 10X10 ONEMED V2,PACK/10,2,53942.09,107884.18
23/02/2026,Siloam Surabaya,PT Medika Nusantara,MED000156,KASA STERIL 10X10 ONEMED V2,PACK/10,3,51913.1,155739.3
23/02/2026,Siloam Kebon Jeruk,PT Medika Nusantara,MED000269,ECG Electrode Pediatric B. Braun V4,PACK/50,8,95193.75,761549.97
23/02/2026,Siloam Surabaya,PT Farmasi Sejahtera,OBT000355,Ondansetron 4mg/2ml Amp Novell V2,AMP,60,10309.29,618557.15
23/02/2026,Siloam Kebon Jeruk,PT Farmasi Sejahtera,OBT000355,Ondansetron 4mg/2ml Amp Novell V2,AMP,83,10158.97,843194.5
23/02/2026,Siloam Makassar,PT Farmasi Sejahtera,OBT000379,MEROPENEM 1G INJ HEXPHARM V3,VIAL,5,101557.2,507785.98
23/02/2026,Siloam Kebon Jeruk,PT Farmasi Sejahtera,OBT000379,MEROPENEM 1G INJ HEXPHARM V3,VIAL,6,100176.48,601058.87
24/02/2026,Siloam Surabaya,PT Farmasi Sejahtera,OBT000350,Ceftriaxone 1g Inj Hexpharm V2,VIAL,6,10439.9,62639.39
24/02/2026,Siloam Bali,PT Farmasi Sejahtera,OBT000350,Ceftriaxone 1g Inj Hexpharm V2,VIAL,17,10354.39,176024.56
24/02/2026,Siloam Makassar,PT Alkes Prima,MED000453,IV Catheter 24G OneMed,BX 50 PCS,17,8541.4,145203.82
24/02/2026,Siloam Bali,PT Global Infus,MED000723,Spuit 20cc Medisafe,1 BOX = 100 PCS,1,103293.1,103293.1
24/02/2026,Siloam Surabaya,PT Global Infus,MED000723,Spuit 20cc Medisafe,1 BOX = 100 PCS,1,103603.96,103603.96
25/02/2026,Siloam Surabaya,PT Medika Nusantara,MED000185,Blood Lancet 30G Terumo V2,BOX@200,1,63008.63,63008.63
25/02/2026,Siloam Bali,PT Medika Nusantara,MED000185,Blood Lancet 30G Terumo V2,BOX@200,1,62233.35,62233.35
25/02/2026,Siloam Lippo Village,PT SARANA STERIL,MED000626,IV Catheter 20G Terumo,BOX@50,1,467455.36,467455.36
25/02/2026,Siloam Surabaya,PT SARANA STERIL,MED000635,Sarung Tangan Nitrile M BD,Box isi 100,2,97826.51,195653.01
25/02/2026,Siloam Surabaya,PT Global Infus,MED000731,INFUSION SET ANAK B. BRAUN,pcs,15,8050.56,120758.43
26/02/2026,Siloam Kebon Jeruk,PT Medika Nusantara,MED000100,IV Catheter 18G B. Braun,BOX@50,7,531979.64,3723857.47
26/02/2026,Siloam Makassar,PT Medika Nusantara,MED000100,IV Catheter 18G B. Braun,BOX@50,7,535464.34,3748250.39
26/02/2026,Siloam Makassar,PT Medika Nusantara,MED000214,Needle Hypodermic 21G GEA V3,BOX@100,1,60807.83,60807.83
26/02/2026,Siloam Makassar,PT Alkes Prima,MED000480,NEEDLE HYPODERMIC 25G TERUMO,BOX@100,1,45595.23,45595.23
26/02/2026,Siloam Surabaya,PT ALKES PRIMA,MED000480,NEEDLE HYPODERMIC 25G TERUMO,BOX@100,1,47051.26,47051.26
27/02/2026,Siloam Kebon Jeruk,PT MEDIKA NUSANTARA,MED000235,Spuit 5cc Medisafe V4,BOX@100,14,164420.44,2301886.2
27/02/2026,Siloam Bali,PT MEDIKA NUSANTARA,MED000235,Spuit 5cc Medisafe V4,BOX@100,9,163207.43,1468866.83
27/02/2026,Siloam Makassar,PT Farmasi Sejahtera,OBT000366,Furosemide 40mg Tab Kalbe V2,STRIP 10 TAB,2,21772.28,43544.57
27/02/2026,Siloam Surabaya,PT FARMASI SEJAHTERA,OBT000366,Furosemide 40mg Tab Kalbe V2,STRIP 10 TAB,2,21877.78,43755.55
28/02/2026,Siloam Surabaya,PT Medika Nusantara,MED000178,Suction Catheter 10Fr GEA V2,PCS,37,3278.44,121302.43
01/03/2026,Siloam Bali,PT Medika Nusantara,MED000168,Urine Bag 1000ml OneMed V2,PCS,13,7681.87,99864.28
01/03/2026,Siloam Surabaya,PT ALKES PRIMA,MED000475,Urine Bag 1000ml OneMed,PCS,1,8271.2,8271.2
01/03/2026,Siloam Lippo Village,PT BIO DIAGNOSTIK,MED000567,Blood Tube EDTA 2ml Roche V3,BOX@100,5,147138.9,735694.52
02/03/2026,Siloam Surabaya,PT Medika Nusantara,MED000125,URINE BAG 1000ML TERUMO,PCS,6,7457.68,44746.09
02/03/2026,Siloam Surabaya,PT Medika Nusantara,MED000176,Underpad 60x60 GEA V2,PACK/10,8,77196.55,617572.4
02/03/2026,Siloam Makassar,PT Medika Nusantara,MED000176,Underpad 60x60 GEA V2,PACK/10,5,74004.15,370020.75
02/03/2026,Siloam Bali,PT Medika Nusantara,MED000186,IV Catheter 18G BD V3,BOX@50,34,256026.68,8704907.16
02/03/2026,Siloam Kebon Jeruk,PT MEDIKA NUSANTARA,MED000186,IV Catheter 18G BD V3,BOX@50,54,261783.71,14136320.54
02/03/2026,Siloam Bali,PT Farmasi Sejahtera,OBT000343,METFORMIN 850MG TAB HEXPHARM,STRIP 10 TAB,1,3743.89,3743.89
02/03/2026,Siloam Surabaya,PT Farmasi Sejahtera,OBT000343,METFORMIN 850MG TAB HEXPHARM,STRIP 10 TAB,1,3736.28,3736.28
02/03/2026,Siloam Surabaya,PT Bio Diagnostik,MED000558,Blood Tube EDTA 3ml Biosystems V2,BOX@100,2,199664.9,399329.8
03/03/2026,Siloam Makassar,PT Medika Nusantara,MED000257,Needle Hypodermic 21G GEA V4,BOX@100,6,81541.46,489248.76
03/03/2026,Siloam Lippo Village,PT Alkes Prima,MED000482,Three Way Stopcock Extension 10cm Medisafe,PCS,7,4399.15,30794.08
03/03/2026,Siloam Makassar,PT Bio Diagnostik,MED000552,Blood Tube Serum 5ml Diasys,BOX@100,3,142940.45,428821.35
04/03/2026,Siloam Makassar,PT MEDIKA NUSANTARA,MED000223,Suction Catheter 14Fr BD V3,PCS,11,4651.4,51165.45
04/03/2026,Siloam Surabaya,PT MEDIKA NUSANTARA,MED000223,Suction Catheter 14Fr BD V3,PCS,6,4608.58,27651.49
04/03/2026,Siloam Kebon Jeruk,PT Medika Nusantara,MED000224,ALCOHOL SWAB STANDARD BD V3,BOX@100,1,15429.69,15429.69
04/03/2026,Siloam Bali,PT Medika Nusantara,MED000224,ALCOHOL SWAB STANDARD BD V3,BOX@100,1,15226.69,15226.69
04/03/2026,Siloam Kebon Jeruk,PT Farmasi Sejahtera,OBT000378,Ketorolac 30mg/ml Amp Dexa V3,BOX 10 AMP,6,75367.39,452204.32
04/03/2026,Siloam Kebon Jeruk,PT Sarana Steril,MED000655,Needle Hypodermic 25G Medisafe,BOX@100,45,56072.43,2523259.38
04/03/2026,Siloam Lippo Village,PT Sarana Steril,MED000655,Needle Hypodermic 25G Medisafe,BOX@100,31,55170.68,1710291.2
09/03/2026,Siloam Surabaya,PT Farmasi Sejahtera,OBT000339,MEROPENEM 1G INJ NOVELL,VIAL,7,80728.51,565099.54
09/03/2026,Siloam Lippo Village,PT Alkes Prima,MED000452,IV Catheter 22G GEA,BX 50 PCS,25,515175.49,12879387.17
09/03/2026,Siloam Kebon Jeruk,PT ALKES PRIMA,MED000452,IV Catheter 22G GEA,BX 50 PCS,17,511726.96,8699358.37
10/03/2026,Siloam Bali,PT Medika Nusantara,MED000189,IV CATHETER 24G ONEMED V3,Box isi 50,5,486093.16,2430465.8
10/03/2026,Siloam Makassar,PT Alkes Prima,MED000492,Blood Lancet 30G Medisafe,BOX@200,82,48245.75,3956151.84
10/03/2026,Siloam Surabaya,PT BIO DIAGNOSTIK,MED000571,HBA1C TEST CARTRIDGE SYSMEX V4,BOX 10 TEST,6,874979.6,5249877.58
11/03/2026,Siloam Surabaya,PT Medika Nusantara,MED000211,Urine Bag 1000ml BD V3,PCS,2,4965.27,9930.53
11/03/2026,Siloam Bali,PT Medika Nusantara,MED000211,Urine Bag 1000ml BD V3,PCS,3,5188.99,15566.98
11/03/2026,Siloam Surabaya,PT MEDIKA NUSANTARA,MED000243,Kasa Steril 16x16 OneMed V4,PACK/10,39,74397.76,2901512.61
11/03/2026,Siloam Kebon Jeruk,PT Medika Nusantara,MED000243,Kasa Steril 16x16 OneMed V4,PACK/10,61,72802.59,4440958.08
11/03/2026,Siloam Makassar,PT Farmasi Sejahtera,OBT000379,MEROPENEM 1G INJ HEXPHARM V3,VIAL,8,98933.12,791464.93
11/03/2026,Siloam Surabaya,PT Alkes Prima,MED000462,Kasa Steril 5x5 OneMed,PAK 10,2,51126.44,102252.88
11/03/2026,Siloam Bali,PT Bio Diagnostik,MED000547,HbA1c Test Cartridge Roche,BOX 10 TEST,19,997876.56,18959654.59
12/03/2026,Siloam Bali,PT Medika Nusantara,MED000116,Infusion Set Anak B. Braun,PCS,17,11349.43,192940.29
12/03/2026,Siloam Kebon Jeruk,PT Medika Nusantara,MED000116,Infusion Set Anak B. Braun,PCS,16,10888.93,174222.84
12/03/2026,Siloam Makassar,PT Medika Nusantara,MED000151,Spuit 20cc BD V2,1 BOX = 100 PCS,7,203338.09,1423366.6
12/03/2026,Siloam Makassar,PT Medika Nusantara,MED000245,INFUSION SET ANAK BD V4,pcs,8,12694.46,101555.66
12/03/2026,Siloam Surabaya,PT Alkes Prima,MED000469,MASKER BEDAH 3 PLY BIRU MEDISAFE,BOX@50,16,26017.26,416276.18
12/03/2026,Siloam Makassar,PT Bio Diagnostik,MED000568,BLOOD TUBE SERUM 5ML DIASYS V3,BOX@100,4,255579.27,1022317.09
12/03/2026,Siloam Bali,PT BIO DIAGNOSTIK,MED000568,BLOOD TUBE SERUM 5ML DIASYS V3,BOX@100,9,262805.39,2365248.52
13/03/2026,Siloam Surabaya,PT Medika Nusantara,MED000194,Spuit 20cc BD V3,1 BOX = 100 PCS,5,130042.41,650212.04
13/03/2026,Siloam Lippo Village,PT MEDIKA NUSANTARA,MED000194,Spuit 20cc BD V3,1 BOX = 100 PCS,5,124304.11,621520.55
13/03/2026,Siloam Lippo Village,PT FARMASI SEJAHTERA,OBT000331,Omeprazole 40mg Inj Sanbe,STRIP 10 CAP,1,265640.44,265640.44
13/03/2026,Siloam Makassar,PT Alkes Prima,MED000467,INFUSION SET MIKRO B. BRAUN,pcs,1,7850.58,7850.58
13/03/2026,Siloam Surabaya,PT ALKES PRIMA,MED000467,INFUSION SET MIKRO B. BRAUN,pcs,1,7969.64,7969.64
13/03/2026,Siloam Lippo Village,PT ALKES PRIMA,MED000488,Alcohol Swab Standard B. Braun,BOX@100,22,28448.57,625868.59
13/03/2026,Siloam Makassar,PT Bio Diagnostik,MED000553,Glucose Reagent 4x50ml Diasys V2,KIT,15,317744.26,4766163.85
13/03/2026,Siloam Kebon Jeruk,PT BIO DIAGNOSTIK,MED000553,Glucose Reagent 4x50ml Diasys V2,KIT,8,321456.25,2571650.02
13/03/2026,Siloam Kebon Jeruk,PT Bio Diagnostik,MED000556,Urinalysis Strip 10 Param Roche V2,BOTTLE 100 TEST,1,256614.88,256614.88
13/03/2026,Siloam Bali,PT Bio Diagnostik,MED000556,Urinalysis Strip 10 Param Roche V2,BOTTLE 100 TEST,2,255858.78,511717.57
13/03/2026,Siloam Kebon Jeruk,PT Global Infus,MED000731,INFUSION SET ANAK B. BRAUN,pcs,11,7961.82,87580.01
13/03/2026,Siloam Lippo Village,PT GLOBAL INFUS,MED000731,INFUSION SET ANAK B. BRAUN,pcs,23,7828.8,180062.49
14/03/2026,Siloam Kebon Jeruk,PT Medika Nusantara,MED000145,IV Catheter 22G B. Braun V2,BOX@50,6,469693.27,2818159.65
14/03/2026,Siloam Makassar,PT Medika Nusantara,MED000199,Kasa Steril 10x10 GEA V3,PAK 10,1,48531.6,48531.6
14/03/2026,Siloam Surabaya,PT MEDIKA NUSANTARA,MED000199,Kasa Steril 10x10 GEA V3,PAK 10,1,47967.5,47967.5
14/03/2026,Siloam Lippo Village,PT Farmasi Sejahtera,OBT000359,Meropenem 1g Inj Sanbe V2,VIAL,33,117965.8,3892871.53
14/03/2026,Siloam Makassar,PT Farmasi Sejahtera,OBT000359,Meropenem 1g Inj Sanbe V2,VIAL,14,116191.66,1626683.17
14/03/2026,Siloam Bali,PT Sarana Steril,MED000647,Foley Catheter 16Fr Medisafe,PCS,37,18823.41,696466.11
14/03/2026,Siloam Makassar,PT Sarana Steril,MED000647,Foley Catheter 16Fr Medisafe,PCS,23,18623.23,428334.31
15/03/2026,Siloam Surabaya,PT Medika Nusantara,MED000240,SARUNG TANGAN NITRILE L ONEMED V4,BOX@100,39,60617.06,2364065.48
15/03/2026,Siloam Bali,PT MEDIKA NUSANTARA,MED000248,Masker Bedah 3 Ply Biru GEA V4,BOX@50,39,38623.43,1506313.88
15/03/2026,Siloam Lippo Village,PT Medika Nusantara,MED000252,Foley Catheter 18Fr Medisafe V4,PCS,72,15402.31,1108966.36
15/03/2026,Siloam Kebon Jeruk,PT Alkes Prima,MED000455,Spuit 3cc Medisafe,BOX@200,4,160965.37,643861.46
15/03/2026,Siloam Surabaya,PT Bio Diagnostik,MED000560,BLOOD TUBE SERUM 5ML ROCHE V2,BOX@100,15,206253.61,3093804.14
16/03/2026,Siloam Makassar,PT MEDIKA NUSANTARA,MED000104,SPUIT 1CC TERUMO,BOX@100,7,130271.92,911903.42
16/03/2026,Siloam Bali,PT Alkes Prima,MED000486,Suction Catheter 12Fr OneMed,PCS,2,4530.03,9060.07
16/03/2026,Siloam Makassar,PT BIO DIAGNOSTIK,MED000555,HbA1c Test Cartridge Diasys V2,BOX 10 TEST,12,747632.36,8971588.36
16/03/2026,Siloam Kebon Jeruk,PT Bio Diagnostik,MED000574,BLOOD TUBE EDTA 3ML DIASYS V4,BOX@100,1,181718.04,181718.04
16/03/2026,Siloam Makassar,PT Bio Diagnostik,MED000574,BLOOD TUBE EDTA 3ML DIASYS V4,BOX@100,1,175527.83,175527.83
16/03/2026,Siloam Makassar,PT Sarana Steril,MED000659,Underpad 60x90 BD,PACK/10,1,67200.95,67200.95
16/03/2026,Siloam Kebon Jeruk,PT Sarana Steril,MED000661,Suction Catheter 12Fr BD,PCS,11,3729.4,41023.35
16/03/2026,Siloam Bali,PT Sarana Steril,MED000661,Suction Catheter 12Fr BD,PCS,14,3707.78,51908.98
17/03/2026,Siloam Surabaya,PT Medika Nusantara,MED000120,Foley Catheter 12Fr B. Braun,PCS,7,23289.7,163027.92
17/03/2026,Siloam Kebon Jeruk,PT Medika Nusantara,MED000120,Foley Catheter 12Fr B. Braun,PCS,5,22387.88,111939.4
17/03/2026,Siloam Surabaya,PT MEDIKA NUSANTARA,MED000122,Foley Catheter 16Fr GEA,BOX@10,5,185193.3,925966.51
17/03/2026,Siloam Makassar,PT Medika Nusantara,MED000181,Alcohol Swab Standard Medisafe V2,BOX@100,3,21018.22,63054.67
17/03/2026,Siloam Lippo Village,PT FARMASI SEJAHTERA,OBT000343,METFORMIN 850MG TAB HEXPHARM,STRIP 10 TAB,1,3657.05,3657.05
17/03/2026,Siloam Lippo Village,PT Sarana Steril,MED000645,Foley Catheter 12Fr Medisafe,PCS,4,23071.79,92287.16
17/03/2026,Siloam Surabaya,PT Sarana Steril,MED000645,Foley Catheter 12Fr Medisafe,PCS,6,23426.23,140557.36
17/03/2026,Siloam Makassar,PT Global Infus,MED000732,INFUSION SET MIKRO TERUMO,pcs,27,8284.76,223688.65
17/03/2026,Siloam Bali,PT Global Infus,MED000732,INFUSION SET MIKRO TERUMO,pcs,44,8173.21,359621.42
17/03/2026,Siloam Bali,PT Global Infus,MED000737,Foley Catheter 16Fr Terumo,PCS,17,20448.75,347628.76
17/03/2026,Siloam Lippo Village,PT Global Infus,MED000737,Foley Catheter 16Fr Terumo,PCS,14,19626.34,274768.74
18/03/2026,Siloam Bali,PT Medika Nusantara,MED000205,MASKER BEDAH 3 PLY BIRU ONEMED V3,BOX@50,13,26353.86,342600.23
19/03/2026,Siloam Lippo Village,PT MEDIKA NUSANTARA,MED000271,Blood Lancet 30G B. Braun V4,BOX@200,7,46395.31,324767.19
19/03/2026,Siloam Kebon Jeruk,PT Farmasi Sejahtera,OBT000398,KETOROLAC 30MG/ML AMP KALBE V4,BOX 10 AMP,7,61233.12,428631.83
19/03/2026,Siloam Bali,PT Farmasi Sejahtera,OBT000398,KETOROLAC 30MG/ML AMP KALBE V4,BOX 10 AMP,2,61378.59,122757.18
19/03/2026,Siloam Surabaya,PT Bio Diagnostik,MED000561,GLUCOSE REAGENT 4X50ML SYSMEX V3,KIT,2,526475.52,1052951.04
19/03/2026,Siloam Bali,PT Bio Diagnostik,MED000561,GLUCOSE REAGENT 4X50ML SYSMEX V3,KIT,1,538258.25,538258.25
20/03/2026,Siloam Makassar,PT Medika Nusantara,MED000197,SARUNG TANGAN NITRILE L BD V3,BOX@100,2,73485.79,146971.59
20/03/2026,Siloam Makassar,PT MEDIKA NUSANTARA,MED000230,IV Catheter 20G OneMed V4,Box isi 50,49,305665.82,14977625.42
20/03/2026,Siloam Surabaya,PT Medika Nusantara,MED000230,IV Catheter 20G OneMed V4,Box isi 50,21,306639.68,6439433.27
20/03/2026,Siloam Bali,PT Global Infus,MED000719,Spuit 1cc Terumo,1 BOX = 100 PCS,4,134971.02,539884.07
20/03/2026,Siloam Lippo Village,PT Global Infus,MED000719,Spuit 1cc Terumo,1 BOX = 100 PCS,3,135422.04,406266.13
21/03/2026,Siloam Surabaya,PT Medika Nusantara,MED000227,Blood Lancet 28G B. Braun V3,BOX@200,204,55490.25,11320010.35
21/03/2026,Siloam Kebon Jeruk,PT Medika Nusantara,MED000236,SPUIT 10CC BD V4,BOX@100,27,107234.66,2895335.76
21/03/2026,Siloam Surabaya,PT FARMASI SEJAHTERA,OBT000350,Ceftriaxone 1g Inj Hexpharm V2,VIAL,12,10918.11,131017.33
21/03/2026,Siloam Bali,PT Farmasi Sejahtera,OBT000376,ONDANSETRON 8MG/4ML AMP HEXPHARM V3,AMP,2,16715.68,33431.36
21/03/2026,Siloam Lippo Village,PT Farmasi Sejahtera,OBT000376,ONDANSETRON 8MG/4ML AMP HEXPHARM V3,AMP,2,16754.44,33508.87
21/03/2026,Siloam Lippo Village,PT BIO DIAGNOSTIK,MED000551,Blood Tube EDTA 2ml Biosystems,BOX@100,15,108559.47,1628392.01
21/03/2026,Siloam Lippo Village,PT Sarana Steril,MED000625,IV Catheter 18G BD,BOX@50,2,330939.42,661878.84
21/03/2026,Siloam Makassar,PT Sarana Steril,MED000625,IV Catheter 18G BD,BOX@50,4,322189.24,1288756.96
21/03/2026,Siloam Bali,PT Sarana Steril,MED000637,Kasa Steril 5x5 Medisafe,PACK/10,20,53495.66,1069913.27
21/03/2026,Siloam Bali,PT Sarana Steril,MED000664,ECG ELECTRODE ADULT BD,PACK/50,1,82870.35,82870.35
21/03/2026,Siloam Kebon Jeruk,PT Sarana Steril,MED000664,ECG ELECTRODE ADULT BD,PACK/50,1,86644.54,86644.54
22/03/2026,Siloam Makassar,PT Medika Nusantara,MED000162,Masker Bedah 3 Ply Biru BD V2,BOX@50,10,40108.42,401084.21
22/03/2026,Siloam Bali,PT Medika Nusantara,MED000162,Masker Bedah 3 Ply Biru BD V2,BOX@50,13,39643.07,515359.87
22/03/2026,Siloam Surabaya,PT MEDIKA NUSANTARA,MED000224,ALCOHOL SWAB STANDARD BD V3,BOX@100,1,14982.91,14982.91
22/03/2026,Siloam Lippo Village,PT MEDIKA NUSANTARA,MED000224,ALCOHOL SWAB STANDARD BD V3,BOX@100,1,15588.14,15588.14
22/03/2026,Siloam Makassar,PT Medika Nusantara,MED000237,Spuit 20cc Terumo V4,BOX@100,2,165257.07,330514.14
22/03/2026,Siloam Bali,PT MEDIKA NUSANTARA,MED000237,Spuit 20cc Terumo V4,BOX@100,4,168336.2,673344.79
22/03/2026,Siloam Bali,PT Medika Nusantara,MED000258,NEEDLE HYPODERMIC 23G B. BRAUN V4,BOX@100,5,62324.35,311621.77
22/03/2026,Siloam Lippo Village,PT Medika Nusantara,MED000258,NEEDLE HYPODERMIC 23G B. BRAUN V4,BOX@100,3,62332.26,186996.78
22/03/2026,Siloam Makassar,PT Bio Diagnostik,MED000567,Blood Tube EDTA 2ml Roche V3,BOX@100,3,146518.73,439556.19
22/03/2026,Siloam Lippo Village,PT Bio Diagnostik,MED000567,Blood Tube EDTA 2ml Roche V3,BOX@100,4,149523.73,598094.92
23/03/2026,Siloam Kebon Jeruk,PT Medika Nusantara,MED000121,Foley Catheter 14Fr Medisafe,PCS,9,10810.81,97297.29
23/03/2026,Siloam Bali,PT Medika Nusantara,MED000121,Foley Catheter 14Fr Medisafe,PCS,8,11115.0,88920.04
23/03/2026,Siloam Lippo Village,PT Farmasi Sejahtera,OBT000357,Ranitidine 50mg/2ml Amp Kalbe V2,BOX 10 AMP,8,57011.36,456090.85
23/03/2026,Siloam Kebon Jeruk,PT FARMASI SEJAHTERA,OBT000392,Omeprazole 20mg Cap Hexpharm V4,VIAL,2,22111.18,44222.36
23/03/2026,Siloam Lippo Village,PT Alkes Prima,MED000476,Plester Roll 1 inch Medisafe,ROLL,1,7970.42,7970.42
23/03/2026,Siloam Bali,PT Alkes Prima,MED000484,UNDERPAD 60X90 ONEMED,PACK/10,11,61186.27,673049.0
24/03/2026,Siloam Makassar,PT Medika Nusantara,MED000203,Infusion Set Mikro BD V3,pcs,6,8403.37,50420.22
24/03/2026,Siloam Kebon Jeruk,PT Medika Nusantara,MED000203,Infusion Set Mikro BD V3,pcs,7,8362.16,58535.15
24/03/2026,Siloam Kebon Jeruk,PT Medika Nusantara,MED000261,Three Way Stopcock Extension 10cm Medisafe V4,PCS,4,4871.72,19486.88
24/03/2026,Siloam Kebon Jeruk,PT Medika Nusantara,MED000266,Suction Catheter 14Fr GEA V4,PCS,1,4938.43,4938.43
24/03/2026,Siloam Surabaya,PT Medika Nusantara,MED000266,Suction Catheter 14Fr GEA V4,PCS,1,5110.57,5110.57
24/03/2026,Siloam Surabaya,PT Bio Diagnostik,MED000572,Urinalysis Strip 10 Param Diasys V4,BOTTLE 100 TEST,7,322242.49,2255697.4
24/03/2026,Siloam Lippo Village,PT Sarana Steril,MED000646,Foley Catheter 14Fr B. Braun,PCS,6,15492.15,92952.88
24/03/2026,Siloam Lippo Village,PT Global Infus,MED000726,Sarung Tangan Nitrile L BD,BOX@100,15,85795.21,1286928.17
24/03/2026,Siloam Bali,PT Global Infus,MED000726,Sarung Tangan Nitrile L BD,BOX@100,21,87127.9,1829685.83
25/03/2026,Siloam Makassar,PT MEDIKA NUSANTARA,MED000159,Infusion Set Anak BD V2,pcs,66,8452.48,557863.59
25/03/2026,Siloam Makassar,PT Medika Nusantara,MED000215,Needle Hypodermic 23G B. Braun V3,BOX@100,4,79328.76,317315.03
26/03/2026,Siloam Kebon Jeruk,PT Medika Nusantara,MED000186,IV Catheter 18G BD V3,BOX@50,58,269683.01,15641614.34
26/03/2026,Siloam Bali,PT Medika Nusantara,MED000198,Kasa Steril 5x5 Terumo V3,PACK/10,2,86170.15,172340.3
26/03/2026,Siloam Makassar,PT Medika Nusantara,MED000226,ECG Electrode Pediatric B. Braun V3,PACK/50,1,73985.42,73985.42
26/03/2026,Siloam Makassar,PT Farmasi Sejahtera,OBT000354,Paracetamol 1g/100ml Inf Sanbe V2,STRIP 10 TAB,27,3065.14,82758.76
26/03/2026,Siloam Bali,PT FARMASI SEJAHTERA,OBT000354,Paracetamol 1g/100ml Inf Sanbe V2,STRIP 10 TAB,18,2996.37,53934.69
26/03/2026,Siloam Kebon Jeruk,PT Farmasi Sejahtera,OBT000389,NaCl 0.9% 100ml Novell V3,BTL,11,11045.97,121505.71
26/03/2026,Siloam Kebon Jeruk,PT ALKES PRIMA,MED000450,IV CATHETER 18G ONEMED,BOX@50,6,560622.09,3363732.55
26/03/2026,Siloam Makassar,PT Alkes Prima,MED000470,Foley Catheter 12Fr GEA,BOX@10,8,139685.42,1117483.34
26/03/2026,Siloam Bali,PT ALKES PRIMA,MED000470,Foley Catheter 12Fr GEA,BOX@10,7,141241.94,988693.55
27/03/2026,Siloam Makassar,PT Medika Nusantara,MED000101,IV Catheter 20G BD,Box isi 50,2,300216.85,600433.7
27/03/2026,Siloam Surabaya,PT Medika Nusantara,MED000101,IV Catheter 20G BD,Box isi 50,2,302336.18,604672.35
27/03/2026,Siloam Bali,PT Medika Nusantara,MED000123,Foley Catheter 18Fr Medisafe,PCS,20,16773.8,335476.08
27/03/2026,Siloam Kebon Jeruk,PT Medika Nusantara,MED000123,Foley Catheter 18Fr Medisafe,PCS,11,17081.16,187892.72
27/03/2026,Siloam Lippo Village,PT Medika Nusantara,MED000125,URINE BAG 1000ML TERUMO,PCS,6,7543.92,45263.51
27/03/2026,Siloam Kebon Jeruk,PT Medika Nusantara,MED000125,URINE BAG 1000ML TERUMO,PCS,13,7228.54,93971.04
27/03/2026,Siloam Bali,PT Medika Nusantara,MED000263,UNDERPAD 60X90 ONEMED V4,PACK/10,2,45625.94,91251.87
27/03/2026,Siloam Kebon Jeruk,PT Medika Nusantara,MED000263,UNDERPAD 60X90 ONEMED V4,PACK/10,6,45104.78,270628.69
28/03/2026,Siloam Lippo Village,PT MEDIKA NUSANTARA,MED000130,Needle Hypodermic 25G Medisafe,BOX@100,2,68699.3,137398.61
28/03/2026,Siloam Bali,PT Medika Nusantara,MED000185,Blood Lancet 30G Terumo V2,BOX@200,1,61818.94,61818.94
28/03/2026,Siloam Lippo Village,PT MEDIKA NUSANTARA,MED000185,Blood Lancet 30G Terumo V2,BOX@200,1,62028.82,62028.82
28/03/2026,Siloam Makassar,PT Farmasi Sejahtera,OBT000358,Ketorolac 30mg/ml Amp Hexpharm V2,BOX 10 AMP,16,100154.74,1602475.91
28/03/2026,Siloam Surabaya,PT Farmasi Sejahtera,OBT000358,Ketorolac 30mg/ml Amp Hexpharm V2,BOX 10 AMP,12,96841.19,1162094.33
28/03/2026,Siloam Makassar,PT Farmasi Sejahtera,OBT000365,FUROSEMIDE 20MG/2ML AMP HEXPHARM V2,STRIP 10 TAB,8,35395.46,283163.71
28/03/2026,Siloam Surabaya,PT Farmasi Sejahtera,OBT000365,FUROSEMIDE 20MG/2ML AMP HEXPHARM V2,STRIP 10 TAB,13,36813.79,478579.28
28/03/2026,Siloam Kebon Jeruk,PT Farmasi Sejahtera,OBT000385,Furosemide 20mg/2ml Amp Hexpharm V3,BOX 5 AMP,3,10084.35,30253.05
29/03/2026,Siloam Makassar,PT Medika Nusantara,MED000193,Spuit 10cc BD V3,BOX@100,2,127793.42,255586.85
29/03/2026,Siloam Bali,PT Medika Nusantara,MED000193,Spuit 10cc BD V3,BOX@100,1,127238.16,127238.16
29/03/2026,Siloam Bali,PT Medika Nusantara,MED000260,Three Way Stopcock Standard Terumo V4,PCS,47,2375.25,111636.75
29/03/2026,Siloam Surabaya,PT Medika Nusantara,MED000260,Three Way Stopcock Standard Terumo V4,PCS,42,2330.52,97881.83
29/03/2026,Siloam Bali,PT Farmasi Sejahtera,OBT000380,Amlodipine 5mg Tab Dexa V3,STRIP 10 TAB,10,7968.14,79681.37
29/03/2026,Siloam Makassar,PT Farmasi Sejahtera,OBT000380,Amlodipine 5mg Tab Dexa V3,STRIP 10 TAB,18,7807.82,140540.81
30/03/2026,Siloam Kebon Jeruk,PT Medika Nusantara,MED000129,Needle Hypodermic 23G B. Braun,BOX@100,12,59210.55,710526.59
30/03/2026,Siloam Bali,PT Medika Nusantara,MED000129,Needle Hypodermic 23G B. Braun,BOX@100,11,60076.01,660836.13
30/03/2026,Siloam Kebon Jeruk,PT Medika Nusantara,MED000191,SPUIT 3CC MEDISAFE V3,BOX@100,48,125644.9,6030955.11
30/03/2026,Siloam Makassar,PT Medika Nusantara,MED000191,SPUIT 3CC MEDISAFE V3,BOX@100,55,122167.07,6719188.87
30/03/2026,Siloam Surabaya,PT MEDIKA NUSANTARA,MED000232,IV CATHETER 24G MEDISAFE V4,BOX@50,25,583769.38,14594234.38
30/03/2026,Siloam Kebon Jeruk,PT MEDIKA NUSANTARA,MED000232,IV CATHETER 24G MEDISAFE V4,BOX@50,17,581384.74,9883540.54
30/03/2026,Siloam Surabaya,PT Medika Nusantara,MED000256,PLESTER ROLL 2 INCH TERUMO V4,ROLL,17,18946.28,322086.83
31/03/2026,Siloam Surabaya,PT Medika Nusantara,MED000100,IV Catheter 18G B. Braun,BOX@50,7,514618.29,3602328.03
31/03/2026,Siloam Lippo Village,PT Medika Nusantara,MED000112,Kasa Steril 5x5 B. Braun,PACK/10,5,43073.08,215365.38
31/03/2026,Siloam Surabaya,PT Medika Nusantara,MED000112,Kasa Steril 5x5 B. Braun,PACK/10,7,43304.3,303130.1
31/03/2026,Siloam Makassar,PT Farmasi Sejahtera,OBT000381,AMLODIPINE 10MG TAB DEXA V3,BOX 30 TAB,25,22310.53,557763.22
31/03/2026,Siloam Bali,PT Alkes Prima,MED000481,Three Way Stopcock Standard BD,PCS,16,2731.5,43703.98
31/03/2026,Siloam Kebon Jeruk,PT Global Infus,MED000715,IV Catheter 18G OneMed,BOX@50,13,597183.31,7763382.99
31/03/2026,Siloam Makassar,PT Global Infus,MED000715,IV Catheter 18G OneMed,BOX@50,18,598684.09,10776313.65
01/04/2026,Siloam Lippo Village,PT FARMASI SEJAHTERA,OBT000397,Ranitidine 50mg/2ml Amp Kalbe V4,BOX 10 AMP,18,58612.96,1055033.28
01/04/2026,Siloam Bali,PT BIO DIAGNOSTIK,MED000569,Glucose Reagent 4x50ml Biosystems V4,KIT,6,611433.18,3668599.07
01/04/2026,Siloam Lippo Village,PT Bio Diagnostik,MED000569,Glucose Reagent 4x50ml Biosystems V4,KIT,8,618796.31,4950370.52
01/04/2026,Siloam Lippo Village,PT Global Infus,MED000729,KASA STERIL 16X16 ONEMED,PACK/10,10,48697.79,486977.95
01/04/2026,Siloam Surabaya,PT Global Infus,MED000729,KASA STERIL 16X16 ONEMED,PACK/10,12,49167.76,590013.15
02/04/2026,Siloam Lippo Village,PT Medika Nusantara,MED000126,PLESTER ROLL 1 INCH ONEMED,BOX@12,5,130023.05,650115.26
02/04/2026,Siloam Bali,PT Medika Nusantara,MED000126,PLESTER ROLL 1 INCH ONEMED,BOX@12,4,129776.68,519106.73
02/04/2026,Siloam Lippo Village,PT Medika Nusantara,MED000272,IV Catheter 18G OneMed V5,Box isi 50,6,360875.69,2165254.12
02/04/2026,Siloam Bali,PT Medika Nusantara,MED000272,IV Catheter 18G OneMed V5,Box isi 50,9,362408.98,3261680.83
02/04/2026,Siloam Kebon Jeruk,PT BIO DIAGNOSTIK,MED000545,Glucose Reagent 4x50ml Roche,KIT,1,650968.47,650968.47
02/04/2026,Siloam Makassar,PT BIO DIAGNOSTIK,MED000549,CRP LATEX 100 TEST ROCHE,KIT,1,736369.78,736369.78
03/04/2026,Siloam Lippo Village,PT Medika Nusantara,MED000269,ECG Electrode Pediatric B. Braun V4,PACK/50,13,96757.56,1257848.3
03/04/2026,Siloam Bali,PT Medika Nusantara,MED000269,ECG Electrode Pediatric B. Braun V4,PACK/50,6,93309.74,559858.47
03/04/2026,Siloam Kebon Jeruk,PT Alkes Prima,MED000483,Underpad 60x60 Medisafe,PACK/10,15,54045.9,810688.55
03/04/2026,Siloam Surabaya,PT Sarana Steril,MED000638,Kasa Steril 10x10 Terumo,PAK 10,6,53367.91,320207.48
03/04/2026,Siloam Lippo Village,PT Sarana Steril,MED000638,Kasa Steril 10x10 Terumo,PAK 10,3,51459.44,154378.32
03/04/2026,Siloam Kebon Jeruk,PT Global Infus,MED000734,MASKER BEDAH 3 PLY BIRU B. BRAUN,BOX@50,10,30805.29,308052.93
08/04/2026,Siloam Surabaya,PT Farmasi Sejahtera,OBT000378,Ketorolac 30mg/ml Amp Dexa V3,BOX 10 AMP,5,75270.5,376352.52
08/04/2026,Siloam Lippo Village,PT Alkes Prima,MED000457,Spuit 10cc B. Braun,1 BOX = 100 PCS,25,164140.05,4103501.19
09/04/2026,Siloam Surabaya,PT Farmasi Sejahtera,OBT000347,Ringer Laktat 500ml Novell,BTL,2,8738.17,17476.35
09/04/2026,Siloam Lippo Village,PT Farmasi Sejahtera,OBT000347,Ringer Laktat 500ml Novell,BTL,5,8955.25,44776.26
09/04/2026,Siloam Surabaya,PT Farmasi Sejahtera,OBT000389,NaCl 0.9% 100ml Novell V3,BTL,9,10816.63,97349.69
09/04/2026,Siloam Lippo Village,PT Farmasi Sejahtera,OBT000389,NaCl 0.9% 100ml Novell V3,BTL,5,10753.47,53767.35
09/04/2026,Siloam Kebon Jeruk,PT Sarana Steril,MED000627,IV Catheter 22G B. Braun,BX 50 PCS,3,266061.99,798185.97
09/04/2026,Siloam Bali,PT Sarana Steril,MED000657,Three Way Stopcock Extension 10cm Terumo,BOX@50,13,245295.38,3188839.88
09/04/2026,Siloam Lippo Village,PT Sarana Steril,MED000657,Three Way Stopcock Extension 10cm Terumo,BOX@50,13,236705.62,3077173.07
10/04/2026,Siloam Surabaya,PT Farmasi Sejahtera,OBT000357,Ranitidine 50mg/2ml Amp Kalbe V2,BOX 10 AMP,8,59224.26,473794.11
10/04/2026,Siloam Lippo Village,PT Farmasi Sejahtera,OBT000357,Ranitidine 50mg/2ml Amp Kalbe V2,BOX 10 AMP,5,55982.03,279910.16
10/04/2026,Siloam Makassar,PT Global Infus,MED000726,Sarung Tangan Nitrile L BD,BOX@100,8,87595.2,700761.56
11/04/2026,Siloam Bali,PT Medika Nusantara,MED000191,SPUIT 3CC MEDISAFE V3,BOX@100,73,121709.44,8884789.13
11/04/2026,Siloam Surabaya,PT MEDIKA NUSANTARA,MED000231,IV Catheter 22G Medisafe V4,BX 50 PCS,9,359400.06,3234600.58
11/04/2026,Siloam Kebon Jeruk,PT Medika Nusantara,MED000231,IV Catheter 22G Medisafe V4,BX 50 PCS,7,352626.9,2468388.27
11/04/2026,Siloam Lippo Village,PT Farmasi Sejahtera,OBT000383,Metformin 850mg Tab Novell V3,STRIP 10 TAB,3,3491.44,10474.32
11/04/2026,Siloam Bali,PT Farmasi Sejahtera,OBT000393,Paracetamol 500mg Tab Hexpharm V4,STRIP 10 TAB,32,4661.7,149174.35
11/04/2026,Siloam Lippo Village,PT FARMASI SEJAHTERA,OBT000394,Paracetamol 1g/100ml Inf Kalbe V4,BTL,1,473.61,473.61
11/04/2026,Siloam Bali,PT Bio Diagnostik,MED000554,GLUCOSE REAGENT 2X100ML BIOSYSTEMS V2,KIT,8,454058.83,3632470.61
11/04/2026,Siloam Surabaya,PT Bio Diagnostik,MED000554,GLUCOSE REAGENT 2X100ML BIOSYSTEMS V2,KIT,8,457312.84,3658502.72
12/04/2026,Siloam Bali,PT Medika Nusantara,MED000206,Foley Catheter 12Fr OneMed V3,BOX@10,12,98293.67,1179524.08
12/04/2026,Siloam Makassar,PT Medika Nusantara,MED000206,Foley Catheter 12Fr OneMed V3,BOX@10,15,93781.84,1406727.63
12/04/2026,Siloam Makassar,PT Medika Nusantara,MED000232,IV CATHETER 24G MEDISAFE V4,BOX@50,20,570436.11,11408722.3
12/04/2026,Siloam Kebon Jeruk,PT Medika Nusantara,MED000261,Three Way Stopcock Extension 10cm Medisafe V4,PCS,7,4810.03,33670.18
12/04/2026,Siloam Surabaya,PT Farmasi Sejahtera,OBT000392,Omeprazole 20mg Cap Hexpharm V4,VIAL,1,21102.73,21102.73
12/04/2026,Siloam Kebon Jeruk,PT Farmasi Sejahtera,OBT000392,Omeprazole 20mg Cap Hexpharm V4,VIAL,2,21487.83,42975.65
12/04/2026,Siloam Bali,PT Sarana Steril,MED000654,Needle Hypodermic 23G GEA,BOX@100,1,52520.4,52520.4
12/04/2026,Siloam Surabaya,PT Sarana Steril,MED000654,Needle Hypodermic 23G GEA,BOX@100,1,52779.92,52779.92
13/04/2026,Siloam Surabaya,PT Medika Nusantara,MED000134,Underpad 60x90 Medisafe,PACK/10,25,44699.84,1117496.0
13/04/2026,Siloam Makassar,PT Medika Nusantara,MED000194,Spuit 20cc BD V3,1 BOX = 100 PCS,3,127841.39,383524.18
13/04/2026,Siloam Surabaya,PT Medika Nusantara,MED000194,Spuit 20cc BD V3,1 BOX = 100 PCS,3,128098.02,384294.06
13/04/2026,Siloam Kebon Jeruk,PT MEDIKA NUSANTARA,MED000205,MASKER BEDAH 3 PLY BIRU ONEMED V3,BOX@50,11,26052.65,286579.17
13/04/2026,Siloam Bali,PT Farmasi Sejahtera,OBT000391,Omeprazole 40mg Inj Kalbe V4,VIAL,12,34650.28,415803.31
13/04/2026,Siloam Makassar,PT Farmasi Sejahtera,OBT000391,Omeprazole 40mg Inj Kalbe V4,VIAL,9,34654.28,311888.5
13/04/2026,Siloam Kebon Jeruk,PT ALKES PRIMA,MED000455,Spuit 3cc Medisafe,BOX@200,5,163748.86,818744.31
13/04/2026,Siloam Lippo Village,PT Alkes Prima,MED000485,SUCTION CATHETER 10FR TERUMO,PCS,14,3160.31,44244.36
13/04/2026,Siloam Bali,PT Global Infus,MED000730,Infusion Set Dewasa Medisafe,pcs,11,10113.2,111245.15
13/04/2026,Siloam Surabaya,PT Global Infus,MED000730,Infusion Set Dewasa Medisafe,pcs,7,10367.37,72571.58
14/04/2026,Siloam Makassar,PT Medika Nusantara,MED000132,THREE WAY STOPCOCK EXTENSION 10CM BD,PCS,13,2965.09,38546.2
14/04/2026,Siloam Surabaya,PT MEDIKA NUSANTARA,MED000193,Spuit 10cc BD V3,BOX@100,1,124973.04,124973.04
14/04/2026,Siloam Bali,PT Medika Nusantara,MED000193,Spuit 10cc BD V3,BOX@100,1,125707.54,125707.54
14/04/2026,Siloam Surabaya,PT Medika Nusantara,MED000278,Spuit 5cc Terumo V5,BOX@100,12,108793.78,1305525.41
14/04/2026,Siloam Lippo Village,PT Alkes Prima,MED000450,IV CATHETER 18G ONEMED,BOX@50,5,573707.7,2868538.52
15/04/2026,Siloam Kebon Jeruk,PT Medika Nusantara,MED000104,SPUIT 1CC TERUMO,BOX@100,8,134641.68,1077133.41
15/04/2026,Siloam Kebon Jeruk,PT MEDIKA NUSANTARA,MED000111,Sarung Tangan Nitrile L GEA,Box isi 100,12,76060.09,912721.09
15/04/2026,Siloam Makassar,PT Medika Nusantara,MED000111,Sarung Tangan Nitrile L GEA,Box isi 100,14,75654.66,1059165.22
15/04/2026,Siloam Surabaya,PT MEDIKA NUSANTARA,MED000123,Foley Catheter 18Fr Medisafe,PCS,15,16777.59,251663.83
15/04/2026,Siloam Surabaya,PT Medika Nusantara,MED000157,KASA STERIL 16X16 TERUMO V2,PACK/10,7,54378.34,380648.41
15/04/2026,Siloam Kebon Jeruk,PT Medika Nusantara,MED000157,KASA STERIL 16X16 TERUMO V2,PACK/10,5,52468.21,262341.07
15/04/2026,Siloam Bali,PT Alkes Prima,MED000463,Kasa Steril 10x10 BD,PACK/10,31,71462.15,2215326.5
16/04/2026,Siloam Bali,PT Medika Nusantara,MED000121,Foley Catheter 14Fr Medisafe,PCS,9,11086.01,99774.08
16/04/2026,Siloam Makassar,PT Medika Nusantara,MED000121,Foley Catheter 14Fr Medisafe,PCS,8,10981.04,87848.31
16/04/2026,Siloam Makassar,PT Medika Nusantara,MED000125,URINE BAG 1000ML TERUMO,PCS,12,7392.5,88710.04
16/04/2026,Siloam Kebon Jeruk,PT MEDIKA NUSANTARA,MED000125,URINE BAG 1000ML TERUMO,PCS,9,7181.83,64636.49
16/04/2026,Siloam Surabaya,PT Medika Nusantara,MED000137,Suction Catheter 14Fr B. Braun,PCS,10,2917.11,29171.14
16/04/2026,Siloam Bali,PT Medika Nusantara,MED000137,Suction Catheter 14Fr B. Braun,PCS,18,3053.69,54966.39
16/04/2026,Siloam Kebon Jeruk,PT Medika Nusantara,MED000246,Infusion Set Mikro Medisafe V4,pcs,2,8112.46,16224.93
16/04/2026,Siloam Makassar,PT Sarana Steril,MED000650,Urine Bag 1000ml OneMed,PCS,13,8224.75,106921.71
16/04/2026,Siloam Lippo Village,PT Sarana Steril,MED000650,Urine Bag 1000ml OneMed,PCS,9,8483.37,76350.31
16/04/2026,Siloam Makassar,PT SARANA STERIL,MED000659,Underpad 60x90 BD,PACK/10,1,64220.17,64220.17
16/04/2026,Siloam Kebon Jeruk,PT Sarana Steril,MED000659,Underpad 60x90 BD,PACK/10,1,65289.55,65289.55
16/04/2026,Siloam Kebon Jeruk,PT Global Infus,MED000738,FOLEY CATHETER 18FR BD,BOX@10,13,144468.88,1878095.45
17/04/2026,Siloam Bali,PT Medika Nusantara,MED000215,Needle Hypodermic 23G B. Braun V3,BOX@100,5,81969.36,409846.82
17/04/2026,Siloam Makassar,PT Alkes Prima,MED000459,SARUNG TANGAN NITRILE S GEA,BOX@100,24,66905.52,1605732.59
17/04/2026,Siloam Lippo Village,PT Alkes Prima,MED000459,SARUNG TANGAN NITRILE S GEA,BOX@100,31,64783.22,2008279.89
17/04/2026,Siloam Bali,PT Alkes Prima,MED000490,ECG ELECTRODE PEDIATRIC ONEMED,PACK/50,1,68422.05,68422.05
17/04/2026,Siloam Makassar,PT Alkes Prima,MED000490,ECG ELECTRODE PEDIATRIC ONEMED,PACK/50,2,67852.7,135705.4
17/04/2026,Siloam Kebon Jeruk,PT Global Infus,MED000729,KASA STERIL 16X16 ONEMED,PACK/10,7,48482.08,339374.57
17/04/2026,Siloam Surabaya,PT Global Infus,MED000729,KASA STERIL 16X16 ONEMED,PACK/10,13,50619.75,658056.71
18/04/2026,Siloam Surabaya,PT Medika Nusantara,MED000106,Spuit 5cc OneMed,1 BOX = 100 PCS,2,133000.66,266001.32
18/04/2026,Siloam Kebon Jeruk,PT Medika Nusantara,MED000168,Urine Bag 1000ml OneMed V2,PCS,7,7664.52,53651.62
18/04/2026,Siloam Bali,PT MEDIKA NUSANTARA,MED000202,Infusion Set Anak OneMed V3,pcs,2,13177.03,26354.06
18/04/2026,Siloam Kebon Jeruk,PT Medika Nusantara,MED000269,ECG Electrode Pediatric B. Braun V4,PACK/50,17,95805.88,1628699.91
18/04/2026,Siloam Bali,PT MEDIKA NUSANTARA,MED000274,IV Catheter 22G BD V5,Box isi 50,34,445746.94,15155396.04
18/04/2026,Siloam Surabaya,PT Medika Nusantara,MED000274,IV Catheter 22G BD V5,Box isi 50,41,468392.9,19204108.72
18/04/2026,Siloam Bali,PT Farmasi Sejahtera,OBT000375,ONDANSETRON 4MG/2ML AMP NOVELL V3,AMP,23,16049.56,369139.79
18/04/2026,Siloam Kebon Jeruk,PT FARMASI SEJAHTERA,OBT000375,ONDANSETRON 4MG/2ML AMP NOVELL V3,AMP,25,15508.5,387712.4
18/04/2026,Siloam Bali,PT Sarana Steril,MED000644,Masker Bedah 3 Ply Biru Medisafe,BOX@50,2,27348.22,54696.44
18/04/2026,Siloam Kebon Jeruk,PT Sarana Steril,MED000644,Masker Bedah 3 Ply Biru Medisafe,BOX@50,2,27067.82,54135.64
19/04/2026,Siloam Makassar,PT Medika Nusantara,MED000115,Infusion Set Dewasa B. Braun,PCS,10,10352.68,103526.81
19/04/2026,Siloam Kebon Jeruk,PT Medika Nusantara,MED000119,MASKER BEDAH 3 PLY BIRU MEDISAFE,BOX@50,17,27516.98,467788.69
19/04/2026,Siloam Lippo Village,PT MEDIKA NUSANTARA,MED000119,MASKER BEDAH 3 PLY BIRU MEDISAFE,BOX@50,11,27501.75,302519.25
19/04/2026,Siloam Lippo Village,PT FARMASI SEJAHTERA,OBT000336,ONDANSETRON 8MG/4ML AMP KALBE,BOX 5 AMP,3,64580.14,193740.42
19/04/2026,Siloam Bali,PT Farmasi Sejahtera,OBT000350,Ceftriaxone 1g Inj Hexpharm V2,VIAL,7,10728.98,75102.88
19/04/2026,Siloam Makassar,PT Farmasi Sejahtera,OBT000350,Ceftriaxone 1g Inj Hexpharm V2,VIAL,14,10677.48,149484.66
19/04/2026,Siloam Lippo Village,PT Farmasi Sejahtera,OBT000373,Paracetamol 500mg Tab Dexa V3,STRIP 10 TAB,11,3742.37,41166.05
19/04/2026,Siloam Bali,PT Farmasi Sejahtera,OBT000373,Paracetamol 500mg Tab Dexa V3,STRIP 10 TAB,7,3759.01,26313.06
19/04/2026,Siloam Surabaya,PT Alkes Prima,MED000481,Three Way Stopcock Standard BD,PCS,19,2706.04,51414.67
19/04/2026,Siloam Lippo Village,PT ALKES PRIMA,MED000481,Three Way Stopcock Standard BD,PCS,18,2800.33,50406.0
19/04/2026,Siloam Bali,PT Alkes Prima,MED000491,Blood Lancet 28G GEA,BOX@200,2,43458.51,86917.02
19/04/2026,Siloam Kebon Jeruk,PT ALKES PRIMA,MED000491,Blood Lancet 28G GEA,BOX@200,2,43913.84,87827.68
20/04/2026,Siloam Lippo Village,PT Medika Nusantara,MED000189,IV CATHETER 24G ONEMED V3,Box isi 50,5,494651.26,2473256.31
20/04/2026,Siloam Bali,PT Medika Nusantara,MED000189,IV CATHETER 24G ONEMED V3,Box isi 50,4,509709.27,2038837.07
20/04/2026,Siloam Bali,PT Medika Nusantara,MED000237,Spuit 20cc Terumo V4,BOX@100,4,162707.33,650829.32
20/04/2026,Siloam Makassar,PT Medika Nusantara,MED000237,Spuit 20cc Terumo V4,BOX@100,4,170076.37,680305.47
20/04/2026,Siloam Bali,PT Medika Nusantara,MED000272,IV Catheter 18G OneMed V5,Box isi 50,14,369561.99,5173867.89
20/04/2026,Siloam Lippo Village,PT Farmasi Sejahtera,OBT000358,Ketorolac 30mg/ml Amp Hexpharm V2,BOX 10 AMP,17,100578.54,1709835.18
20/04/2026,Siloam Makassar,PT Bio Diagnostik,MED000549,CRP LATEX 100 TEST ROCHE,KIT,2,739961.14,1479922.28
20/04/2026,Siloam Kebon Jeruk,PT Bio Diagnostik,MED000571,HBA1C TEST CARTRIDGE SYSMEX V4,BOX 10 TEST,7,883685.44,6185798.05
20/04/2026,Siloam Bali,PT Global Infus,MED000718,IV Catheter 24G Medisafe,BOX@50,17,7855.97,133551.42
21/04/2026,Siloam Makassar,PT MEDIKA NUSANTARA,MED000135,Suction Catheter 10Fr BD,PCS,12,2588.78,31065.35
21/04/2026,Siloam Surabaya,PT Medika Nusantara,MED000135,Suction Catheter 10Fr BD,PCS,10,2537.57,25375.74
21/04/2026,Siloam Bali,PT Medika Nusantara,MED000159,Infusion Set Anak BD V2,pcs,71,8388.51,595584.35
21/04/2026,Siloam Bali,PT Medika Nusantara,MED000239,SARUNG TANGAN NITRILE M TERUMO V4,Box isi 100,229,66643.56,15261374.85
21/04/2026,Siloam Kebon Jeruk,PT Farmasi Sejahtera,OBT000353,Paracetamol 500mg Tab Sanbe V2,STRIP 10 TAB,1,4414.95,4414.95
21/04/2026,Siloam Lippo Village,PT Farmasi Sejahtera,OBT000353,Paracetamol 500mg Tab Sanbe V2,STRIP 10 TAB,1,4471.44,4471.44
22/04/2026,Siloam Makassar,PT Medika Nusantara,MED000124,Urine Bag 2000ml BD,PCS,4,6771.85,27087.39
22/04/2026,Siloam Surabaya,PT Medika Nusantara,MED000188,IV Catheter 22G GEA V3,Box isi 50,8,261198.91,2089591.27
22/04/2026,Siloam Bali,PT Medika Nusantara,MED000188,IV Catheter 22G GEA V3,Box isi 50,5,267357.88,1336789.38
22/04/2026,Siloam Lippo Village,PT Farmasi Sejahtera,OBT000380,Amlodipine 5mg Tab Dexa V3,STRIP 10 TAB,10,7761.55,77615.49
22/04/2026,Siloam Makassar,PT Farmasi Sejahtera,OBT000380,Amlodipine 5mg Tab Dexa V3,STRIP 10 TAB,17,7715.65,131166.02
22/04/2026,Siloam Makassar,PT Alkes Prima,MED000478,Needle Hypodermic 21G OneMed,BOX@100,3,53523.15,160569.45
22/04/2026,Siloam Bali,PT Alkes Prima,MED000478,Needle Hypodermic 21G OneMed,BOX@100,3,52553.84,157661.51
22/04/2026,Siloam Lippo Village,PT Sarana Steril,MED000628,IV Catheter 24G Medisafe,BOX@50,4,5518.45,22073.81
23/04/2026,Siloam Kebon Jeruk,PT Medika Nusantara,MED000138,Alcohol Swab Standard Medisafe,BOX@100,3,26681.19,80043.58
23/04/2026,Siloam Surabaya,PT Farmasi Sejahtera,OBT000332,Omeprazole 20mg Cap Sanbe,VIAL,6,26516.48,159098.89
23/04/2026,Siloam Makassar,PT Farmasi Sejahtera,OBT000348,NaCl 0.9% 500ml Sanbe,BTL,40,9668.37,386734.91
23/04/2026,Siloam Lippo Village,PT Farmasi Sejahtera,OBT000348,NaCl 0.9% 500ml Sanbe,BTL,39,9647.32,376245.49
23/04/2026,Siloam Makassar,PT Alkes Prima,MED000471,Foley Catheter 14Fr Terumo,PCS,13,17838.17,231896.19
24/04/2026,Siloam Makassar,PT Medika Nusantara,MED000107,Spuit 10cc OneMed,1 BOX = 100 PCS,1,171208.01,171208.01
24/04/2026,Siloam Lippo Village,PT Medika Nusantara,MED000133,Underpad 60x60 BD,PACK/10,41,33337.56,1366839.78
24/04/2026,Siloam Surabaya,PT Medika Nusantara,MED000133,Underpad 60x60 BD,PACK/10,57,32014.23,1824810.96
24/04/2026,Siloam Lippo Village,PT MEDIKA NUSANTARA,MED000195,SARUNG TANGAN NITRILE S ONEMED V3,BOX@100,15,92376.42,1385646.29
24/04/2026,Siloam Makassar,PT Medika Nusantara,MED000195,SARUNG TANGAN NITRILE S ONEMED V3,BOX@100,37,92117.86,3408360.74
24/04/2026,Siloam Surabaya,PT FARMASI SEJAHTERA,OBT000359,Meropenem 1g Inj Sanbe V2,VIAL,21,118379.9,2485977.93
24/04/2026,Siloam Lippo Village,PT Farmasi Sejahtera,OBT000359,Meropenem 1g Inj Sanbe V2,VIAL,35,117985.59,4129495.71
24/04/2026,Siloam Makassar,PT Farmasi Sejahtera,OBT000381,AMLODIPINE 10MG TAB DEXA V3,BOX 30 TAB,11,22263.8,244901.82
24/04/2026,Siloam Kebon Jeruk,PT FARMASI SEJAHTERA,OBT000381,AMLODIPINE 10MG TAB DEXA V3,BOX 30 TAB,17,22847.24,388403.15
25/04/2026,Siloam Surabaya,PT MEDIKA NUSANTARA,MED000184,Blood Lancet 28G Terumo V2,BOX@200,14,62983.17,881764.41
25/04/2026,Siloam Kebon Jeruk,PT MEDIKA NUSANTARA,MED000218,Three Way Stopcock Extension 10cm BD V3,PCS,27,5564.49,150241.33
25/04/2026,Siloam Lippo Village,PT FARMASI SEJAHTERA,OBT000360,Amlodipine 5mg Tab Hexpharm V2,STRIP 10 TAB,3,5603.55,16810.65
25/04/2026,Siloam Makassar,PT Farmasi Sejahtera,OBT000360,Amlodipine 5mg Tab Hexpharm V2,STRIP 10 TAB,5,5546.92,27734.59
25/04/2026,Siloam Kebon Jeruk,PT Alkes Prima,MED000453,IV Catheter 24G OneMed,BX 50 PCS,14,8349.92,116898.87
26/04/2026,Siloam Bali,PT MEDIKA NUSANTARA,MED000200,Kasa Steril 16x16 Terumo V3,PAK 10,32,45826.12,1466435.77
26/04/2026,Siloam Lippo Village,PT Medika Nusantara,MED000208,FOLEY CATHETER 16FR GEA V3,BOX@10,6,194329.7,1165978.19
26/04/2026,Siloam Surabaya,PT Medika Nusantara,MED000243,Kasa Steril 16x16 OneMed V4,PACK/10,62,71574.15,4437597.0
26/04/2026,Siloam Surabaya,PT FARMASI SEJAHTERA,OBT000397,Ranitidine 50mg/2ml Amp Kalbe V4,BOX 10 AMP,17,61724.79,1049321.51
26/04/2026,Siloam Lippo Village,PT Farmasi Sejahtera,OBT000397,Ranitidine 50mg/2ml Amp Kalbe V4,BOX 10 AMP,9,61236.53,551128.8
26/04/2026,Siloam Bali,PT ALKES PRIMA,MED000492,Blood Lancet 30G Medisafe,BOX@200,46,47971.62,2206694.4
26/04/2026,Siloam Lippo Village,PT Bio Diagnostik,MED000567,Blood Tube EDTA 2ml Roche V3,BOX@100,5,154209.8,771049.0
26/04/2026,Siloam Kebon Jeruk,PT BIO DIAGNOSTIK,MED000567,Blood Tube EDTA 2ml Roche V3,BOX@100,5,148456.52,742282.62
27/04/2026,Siloam Bali,PT Alkes Prima,MED000482,Three Way Stopcock Extension 10cm Medisafe,PCS,2,4242.0,8483.99
27/04/2026,Siloam Lippo Village,PT ALKES PRIMA,MED000482,Three Way Stopcock Extension 10cm Medisafe,PCS,3,4298.35,12895.06
28/04/2026,Siloam Makassar,PT Medika Nusantara,MED000139,ECG ELECTRODE ADULT TERUMO,PACK/50,6,89600.06,537600.35
28/04/2026,Siloam Kebon Jeruk,PT Medika Nusantara,MED000139,ECG ELECTRODE ADULT TERUMO,PACK/50,6,87982.32,527893.9
28/04/2026,Siloam Lippo Village,PT MEDIKA NUSANTARA,MED000250,FOLEY CATHETER 14FR BD V4,PCS,57,10269.81,585379.25
28/04/2026,Siloam Makassar,PT Medika Nusantara,MED000250,FOLEY CATHETER 14FR BD V4,PCS,55,10373.13,570522.05
28/04/2026,Siloam Lippo Village,PT Global Infus,MED000720,Spuit 3cc GEA,BOX@200,6,174053.29,1044319.72
29/04/2026,Siloam Surabaya,PT Medika Nusantara,MED000147,SPUIT 1CC ONEMED V2,BOX@100,7,166449.17,1165144.17
29/04/2026,Siloam Lippo Village,PT MEDIKA NUSANTARA,MED000147,SPUIT 1CC ONEMED V2,BOX@100,9,159627.12,1436644.12
29/04/2026,Siloam Bali,PT Medika Nusantara,MED000182,ECG ELECTRODE ADULT TERUMO V2,PACK/50,2,66927.65,133855.31
29/04/2026,Siloam Makassar,PT Medika Nusantara,MED000182,ECG ELECTRODE ADULT TERUMO V2,PACK/50,1,67219.82,67219.82
29/04/2026,Siloam Lippo Village,PT Medika Nusantara,MED000256,PLESTER ROLL 2 INCH TERUMO V4,ROLL,26,18039.96,469039.04
29/04/2026,Siloam Surabaya,PT Medika Nusantara,MED000256,PLESTER ROLL 2 INCH TERUMO V4,ROLL,21,18572.3,390018.23
29/04/2026,Siloam Lippo Village,PT Global Infus,MED000715,IV Catheter 18G OneMed,BOX@50,9,602235.87,5420122.85
29/04/2026,Siloam Kebon Jeruk,PT Global Infus,MED000735,FOLEY CATHETER 12FR B. BRAUN,BOX@10,39,138347.5,5395552.54
29/04/2026,Siloam Lippo Village,PT GLOBAL INFUS,MED000735,FOLEY CATHETER 12FR B. BRAUN,BOX@10,30,141212.17,4236365.07
30/04/2026,Siloam Kebon Jeruk,PT Medika Nusantara,MED000203,Infusion Set Mikro BD V3,pcs,9,8427.88,75850.96
30/04/2026,Siloam Bali,PT Farmasi Sejahtera,OBT000372,Omeprazole 20mg Cap Hexpharm V3,VIAL,25,16426.43,410660.69
30/04/2026,Siloam Lippo Village,PT Sarana Steril,MED000625,IV Catheter 18G BD,BOX@50,4,315036.5,1260146.02
01/05/2026,Siloam Surabaya,PT Global Infus,MED000731,INFUSION SET ANAK B. BRAUN,pcs,18,7952.02,143136.32
01/05/2026,Siloam Kebon Jeruk,PT Global Infus,MED000733,Masker Bedah 3 Ply Hijau Medisafe,BOX@50,13,26342.44,342451.77
02/05/2026,Siloam Makassar,PT MEDIKA NUSANTARA,MED000129,Needle Hypodermic 23G B. Braun,BOX@100,8,59038.38,472307.02
02/05/2026,Siloam Lippo Village,PT Medika Nusantara,MED000129,Needle Hypodermic 23G B. Braun,BOX@100,13,60667.72,788680.4
02/05/2026,Siloam Bali,PT Medika Nusantara,MED000258,NEEDLE HYPODERMIC 23G B. BRAUN V4,BOX@100,5,64015.03,320075.17
02/05/2026,Siloam Bali,PT Alkes Prima,MED000473,FOLEY CATHETER 18FR ONEMED,BOX@10,3,165217.94,495653.83
02/05/2026,Siloam Lippo Village,PT Alkes Prima,MED000473,FOLEY CATHETER 18FR ONEMED,BOX@10,2,164278.09,328556.18
02/05/2026,Siloam Bali,PT Sarana Steril,MED000632,Spuit 10cc BD,BOX@100,5,98702.76,493513.82
02/05/2026,Siloam Lippo Village,PT Sarana Steril,MED000632,Spuit 10cc BD,BOX@100,5,97526.34,487631.7
03/05/2026,Siloam Makassar,PT FARMASI SEJAHTERA,OBT000343,METFORMIN 850MG TAB HEXPHARM,STRIP 10 TAB,1,3593.69,3593.69
03/05/2026,Siloam Surabaya,PT FARMASI SEJAHTERA,OBT000346,Furosemide 40mg Tab Hexpharm,BOX 5 AMP,3,18439.2,55317.61
03/05/2026,Siloam Makassar,PT FARMASI SEJAHTERA,OBT000346,Furosemide 40mg Tab Hexpharm,BOX 5 AMP,3,18738.04,56214.12
03/05/2026,Siloam Bali,PT ALKES PRIMA,MED000452,IV Catheter 22G GEA,BX 50 PCS,21,498959.72,10478154.05
03/05/2026,Siloam Makassar,PT Alkes Prima,MED000452,IV Catheter 22G GEA,BX 50 PCS,43,494949.22,21282816.64
03/05/2026,Siloam Kebon Jeruk,PT Alkes Prima,MED000486,Suction Catheter 12Fr OneMed,PCS,2,4619.66,9239.32
03/05/2026,Siloam Surabaya,PT ALKES PRIMA,MED000486,Suction Catheter 12Fr OneMed,PCS,1,4587.95,4587.95
03/05/2026,Siloam Surabaya,PT Bio Diagnostik,MED000547,HbA1c Test Cartridge Roche,BOX 10 TEST,32,961656.68,30773013.62
08/05/2026,Siloam Makassar,PT Bio Diagnostik,MED000561,GLUCOSE REAGENT 4X50ML SYSMEX V3,KIT,1,529851.59,529851.59
08/05/2026,Siloam Bali,PT Bio Diagnostik,MED000561,GLUCOSE REAGENT 4X50ML SYSMEX V3,KIT,1,542873.28,542873.28
08/05/2026,Siloam Kebon Jeruk,PT Sarana Steril,MED000646,Foley Catheter 14Fr B. Braun,PCS,9,15429.78,138868.0
09/05/2026,Siloam Surabaya,PT Medika Nusantara,MED000107,Spuit 10cc OneMed,1 BOX = 100 PCS,2,174087.47,348174.95
09/05/2026,Siloam Kebon Jeruk,PT Medika Nusantara,MED000107,Spuit 10cc OneMed,1 BOX = 100 PCS,2,176545.14,353090.28
09/05/2026,Siloam Makassar,PT Farmasi Sejahtera,OBT000367,Ringer Laktat 500ml Kalbe V2,CTN 20 BTL,8,201111.32,1608890.59
09/05/2026,Siloam Bali,PT SARANA STERIL,MED000644,Masker Bedah 3 Ply Biru Medisafe,BOX@50,1,28075.95,28075.95
09/05/2026,Siloam Surabaya,PT Sarana Steril,MED000644,Masker Bedah 3 Ply Biru Medisafe,BOX@50,1,27988.37,27988.37
09/05/2026,Siloam Bali,PT Global Infus,MED000722,Spuit 10cc Medisafe,1 BOX = 100 PCS,28,97188.45,2721276.69
09/05/2026,Siloam Surabaya,PT GLOBAL INFUS,MED000722,Spuit 10cc Medisafe,1 BOX = 100 PCS,11,99532.61,1094858.76
10/05/2026,Siloam Lippo Village,PT Medika Nusantara,MED000113,Kasa Steril 10x10 B. Braun,PACK/10,13,75163.63,977127.17
10/05/2026,Siloam Kebon Jeruk,PT Medika Nusantara,MED000113,Kasa Steril 10x10 B. Braun,PACK/10,13,76421.21,993475.69
10/05/2026,Siloam Makassar,PT MEDIKA NUSANTARA,MED000197,SARUNG TANGAN NITRILE L BD V3,BOX@100,3,76440.68,229322.03
10/05/2026,Siloam Lippo Village,PT Farmasi Sejahtera,OBT000385,Furosemide 20mg/2ml Amp Hexpharm V3,BOX 5 AMP,2,10012.8,20025.59
10/05/2026,Siloam Bali,PT Farmasi Sejahtera,OBT000385,Furosemide 20mg/2ml Amp Hexpharm V3,BOX 5 AMP,2,10022.74,20045.48
10/05/2026,Siloam Lippo Village,PT Bio Diagnostik,MED000551,Blood Tube EDTA 2ml Biosystems,BOX@100,12,106598.15,1279177.83
10/05/2026,Siloam Kebon Jeruk,PT Bio Diagnostik,MED000551,Blood Tube EDTA 2ml Biosystems,BOX@100,13,103482.44,1345271.69
11/05/2026,Siloam Lippo Village,PT Medika Nusantara,MED000129,Needle Hypodermic 23G B. Braun,BOX@100,7,59972.3,419806.07
11/05/2026,Siloam Bali,PT Medika Nusantara,MED000186,IV Catheter 18G BD V3,BOX@50,55,266269.1,14644800.26
11/05/2026,Siloam Makassar,PT MEDIKA NUSANTARA,MED000186,IV Catheter 18G BD V3,BOX@50,23,266962.9,6140146.6
11/05/2026,Siloam Lippo Village,PT Medika Nusantara,MED000223,Suction Catheter 14Fr BD V3,PCS,12,4770.82,57249.78
11/05/2026,Siloam Surabaya,PT Medika Nusantara,MED000260,Three Way Stopcock Standard Terumo V4,PCS,20,2284.46,45689.12
11/05/2026,Siloam Kebon Jeruk,PT Medika Nusantara,MED000260,Three Way Stopcock Standard Terumo V4,PCS,41,2337.47,95836.16
11/05/2026,Siloam Kebon Jeruk,PT FARMASI SEJAHTERA,OBT000340,Amlodipine 5mg Tab Kalbe,STRIP 10 TAB,26,5900.23,153406.11
11/05/2026,Siloam Bali,PT Farmasi Sejahtera,OBT000340,Amlodipine 5mg Tab Kalbe,STRIP 10 TAB,15,5773.15,86597.28
11/05/2026,Siloam Surabaya,PT GLOBAL INFUS,MED000724,Sarung Tangan Nitrile S BD,BOX@100,4,60731.04,242924.17
12/05/2026,Siloam Surabaya,PT Medika Nusantara,MED000234,Spuit 3cc Terumo V4,BOX@100,25,170255.08,4256377.03
12/05/2026,Siloam Bali,PT Medika Nusantara,MED000234,Spuit 3cc Terumo V4,BOX@100,20,169930.94,3398618.74
12/05/2026,Siloam Makassar,PT Farmasi Sejahtera,OBT000397,Ranitidine 50mg/2ml Amp Kalbe V4,BOX 10 AMP,20,61252.64,1225052.8
12/05/2026,Siloam Bali,PT Farmasi Sejahtera,OBT000397,Ranitidine 50mg/2ml Amp Kalbe V4,BOX 10 AMP,20,59691.89,1193837.81
13/05/2026,Siloam Bali,PT Medika Nusantara,MED000171,Needle Hypodermic 21G BD V2,BOX@100,10,53569.98,535699.84
13/05/2026,Siloam Surabaya,PT Medika Nusantara,MED000171,Needle Hypodermic 21G BD V2,BOX@100,7,53508.71,374560.99
13/05/2026,Siloam Lippo Village,PT MEDIKA NUSANTARA,MED000244,Infusion Set Dewasa BD V4,PCS,6,8211.38,49268.28
13/05/2026,Siloam Makassar,PT Medika Nusantara,MED000244,Infusion Set Dewasa BD V4,PCS,6,7788.7,46732.22
13/05/2026,Siloam Bali,PT Medika Nusantara,MED000271,Blood Lancet 30G B. Braun V4,BOX@200,12,47940.13,575281.52
13/05/2026,Siloam Bali,PT FARMASI SEJAHTERA,OBT000353,Paracetamol 500mg Tab Sanbe V2,STRIP 10 TAB,1,4489.47,4489.47
13/05/2026,Siloam Lippo Village,PT Farmasi Sejahtera,OBT000353,Paracetamol 500mg Tab Sanbe V2,STRIP 10 TAB,1,4603.75,4603.75
13/05/2026,Siloam Surabaya,PT Alkes Prima,MED000450,IV CATHETER 18G ONEMED,BOX@50,7,570241.07,3991687.49
13/05/2026,Siloam Lippo Village,PT ALKES PRIMA,MED000450,IV CATHETER 18G ONEMED,BOX@50,7,564672.47,3952707.29
13/05/2026,Siloam Makassar,PT Alkes Prima,MED000458,Spuit 20cc OneMed,BOX@100,8,154815.27,1238522.19
13/05/2026,Siloam Lippo Village,PT Alkes Prima,MED000483,Underpad 60x60 Medisafe,PACK/10,9,55082.91,495746.22
13/05/2026,Siloam Makassar,PT BIO DIAGNOSTIK,MED000567,Blood Tube EDTA 2ml Roche V3,BOX@100,2,153747.45,307494.9
13/05/2026,Siloam Bali,PT Bio Diagnostik,MED000567,Blood Tube EDTA 2ml Roche V3,BOX@100,4,148385.13,593540.51
14/05/2026,Siloam Bali,PT Medika Nusantara,MED000163,Foley Catheter 12Fr B. Braun V2,PCS,2,14289.32,28578.65
14/05/2026,Siloam Lippo Village,PT MEDIKA NUSANTARA,MED000163,Foley Catheter 12Fr B. Braun V2,PCS,2,14786.53,29573.06
14/05/2026,Siloam Kebon Jeruk,PT Farmasi Sejahtera,OBT000373,Paracetamol 500mg Tab Dexa V3,STRIP 10 TAB,11,3687.84,40566.21
14/05/2026,Siloam Bali,PT FARMASI SEJAHTERA,OBT000373,Paracetamol 500mg Tab Dexa V3,STRIP 10 TAB,17,3759.78,63916.34
14/05/2026,Siloam Lippo Village,PT Alkes Prima,MED000467,INFUSION SET MIKRO B. BRAUN,pcs,1,8060.81,8060.81
14/05/2026,Siloam Makassar,PT Bio Diagnostik,MED000546,Glucose Reagent 2x100ml Biosystems,KIT,2,415866.22,831732.44
14/05/2026,Siloam Bali,PT Sarana Steril,MED000627,IV Catheter 22G B. Braun,BX 50 PCS,6,275550.1,1653300.6
15/05/2026,Siloam Kebon Jeruk,PT FARMASI SEJAHTERA,OBT000338,Ketorolac 30mg/ml Amp Hexpharm,BOX 10 AMP,46,68335.87,3143449.9
15/05/2026,Siloam Bali,PT ALKES PRIMA,MED000452,IV Catheter 22G GEA,BX 50 PCS,35,493075.14,17257629.88
16/05/2026,Siloam Kebon Jeruk,PT Medika Nusantara,MED000254,URINE BAG 1000ML TERUMO V4,PCS,17,4725.19,80328.21
16/05/2026,Siloam Bali,PT Farmasi Sejahtera,OBT000348,NaCl 0.9% 500ml Sanbe,BTL,26,9116.78,237036.31
16/05/2026,Siloam Makassar,PT Farmasi Sejahtera,OBT000348,NaCl 0.9% 500ml Sanbe,BTL,19,9591.78,182243.81
16/05/2026,Siloam Surabaya,PT Sarana Steril,MED000637,Kasa Steril 5x5 Medisafe,PACK/10,17,54268.32,922561.38
17/05/2026,Siloam Lippo Village,PT MEDIKA NUSANTARA,MED000153,SARUNG TANGAN NITRILE M TERUMO V2,Box isi 100,16,115727.5,1851640.06
17/05/2026,Siloam Lippo Village,PT Medika Nusantara,MED000174,THREE WAY STOPCOCK STANDARD GEA V2,PCS,2,2217.49,4434.97
17/05/2026,Siloam Surabaya,PT Medika Nusantara,MED000200,Kasa Steril 16x16 Terumo V3,PAK 10,26,45657.83,1187103.57
17/05/2026,Siloam Lippo Village,PT Medika Nusantara,MED000200,Kasa Steril 16x16 Terumo V3,PAK 10,51,43860.09,2236864.6
18/05/2026,Siloam Lippo Village,PT Alkes Prima,MED000486,Suction Catheter 12Fr OneMed,PCS,1,4505.7,4505.7
18/05/2026,Siloam Surabaya,PT ALKES PRIMA,MED000486,Suction Catheter 12Fr OneMed,PCS,2,4567.19,9134.39
18/05/2026,Siloam Makassar,PT Bio Diagnostik,MED000545,Glucose Reagent 4x50ml Roche,KIT,1,618305.72,618305.72
18/05/2026,Siloam Bali,PT Bio Diagnostik,MED000545,Glucose Reagent 4x50ml Roche,KIT,1,631904.01,631904.01
19/05/2026,Siloam Bali,PT Alkes Prima,MED000482,Three Way Stopcock Extension 10cm Medisafe,PCS,2,4303.06,8606.11
20/05/2026,Siloam Makassar,PT Medika Nusantara,MED000109,Sarung Tangan Nitrile S OneMed,Box isi 100,2,93424.41,186848.81
20/05/2026,Siloam Lippo Village,PT Farmasi Sejahtera,OBT000384,DEXAMETHASONE 5MG/ML AMP HEXPHARM V3,BOX 10 AMP,1,21254.81,21254.81
21/05/2026,Siloam Kebon Jeruk,PT Medika Nusantara,MED000195,SARUNG TANGAN NITRILE S ONEMED V3,BOX@100,37,91672.39,3391878.44
21/05/2026,Siloam Surabaya,PT Medika Nusantara,MED000195,SARUNG TANGAN NITRILE S ONEMED V3,BOX@100,32,91363.86,2923643.46
21/05/2026,Siloam Bali,PT Medika Nusantara,MED000224,ALCOHOL SWAB STANDARD BD V3,BOX@100,1,15359.64,15359.64
21/05/2026,Siloam Surabaya,PT MEDIKA NUSANTARA,MED000224,ALCOHOL SWAB STANDARD BD V3,BOX@100,1,15666.49,15666.49
21/05/2026,Siloam Lippo Village,PT MEDIKA NUSANTARA,MED000236,SPUIT 10CC BD V4,BOX@100,28,109711.42,3071919.88
21/05/2026,Siloam Surabaya,PT Sarana Steril,MED000654,Needle Hypodermic 23G GEA,BOX@100,1,54103.85,54103.85
22/05/2026,Siloam Makassar,PT Medika Nusantara,MED000122,Foley Catheter 16Fr GEA,BOX@10,3,184114.52,552343.56
22/05/2026,Siloam Makassar,PT Alkes Prima,MED000469,MASKER BEDAH 3 PLY BIRU MEDISAFE,BOX@50,26,26198.16,681152.28
22/05/2026,Siloam Bali,PT Alkes Prima,MED000487,SUCTION CATHETER 14FR BD,PCS,2,3463.18,6926.36
22/05/2026,Siloam Kebon Jeruk,PT ALKES PRIMA,MED000487,SUCTION CATHETER 14FR BD,PCS,4,3481.54,13926.14
22/05/2026,Siloam Surabaya,PT Bio Diagnostik,MED000548,Urinalysis Strip 10 Param Diasys,BOTTLE 100 TEST,1,3898.96,3898.96
23/05/2026,Siloam Bali,PT Medika Nusantara,MED000104,SPUIT 1CC TERUMO,BOX@100,13,135441.07,1760733.9
23/05/2026,Siloam Surabaya,PT Medika Nusantara,MED000104,SPUIT 1CC TERUMO,BOX@100,7,132750.53,929253.69
23/05/2026,Siloam Kebon Jeruk,PT Medika Nusantara,MED000156,KASA STERIL 10X10 ONEMED V2,PACK/10,2,53801.09,107602.18
23/05/2026,Siloam Bali,PT MEDIKA NUSANTARA,MED000228,BLOOD LANCET 30G MEDISAFE V3,BOX@200,5,53324.27,266621.37
23/05/2026,Siloam Surabaya,PT MEDIKA NUSANTARA,MED000228,BLOOD LANCET 30G MEDISAFE V3,BOX@200,4,51115.3,204461.21
23/05/2026,Siloam Makassar,PT FARMASI SEJAHTERA,OBT000366,Furosemide 40mg Tab Kalbe V2,STRIP 10 TAB,2,21793.7,43587.4
24/05/2026,Siloam Kebon Jeruk,PT Medika Nusantara,MED000225,ECG Electrode Adult GEA V3,PACK/50,8,98384.06,787072.49
25/05/2026,Siloam Makassar,PT Medika Nusantara,MED000160,INFUSION SET MIKRO GEA V2,pcs,21,11556.08,242677.68
25/05/2026,Siloam Surabaya,PT Medika Nusantara,MED000160,INFUSION SET MIKRO GEA V2,pcs,16,11519.45,184311.25
25/05/2026,Siloam Makassar,PT MEDIKA NUSANTARA,MED000206,Foley Catheter 12Fr OneMed V3,BOX@10,16,95757.96,1532127.38
25/05/2026,Siloam Lippo Village,PT Alkes Prima,MED000479,Needle Hypodermic 23G Medisafe,BOX@100,43,61137.19,2628899.09
26/05/2026,Siloam Lippo Village,PT Medika Nusantara,MED000155,KASA STERIL 5X5 BD V2,PACK/10,5,54030.02,270150.08
26/05/2026,Siloam Kebon Jeruk,PT Medika Nusantara,MED000226,ECG Electrode Pediatric B. Braun V3,PACK/50,1,75085.56,75085.56
26/05/2026,Siloam Surabaya,PT Medika Nusantara,MED000226,ECG Electrode Pediatric B. Braun V3,PACK/50,1,74676.89,74676.89
26/05/2026,Siloam Kebon Jeruk,PT Sarana Steril,MED000647,Foley Catheter 16Fr Medisafe,PCS,18,18079.43,325429.74
26/05/2026,Siloam Surabaya,PT Sarana Steril,MED000647,Foley Catheter 16Fr Medisafe,PCS,22,18131.92,398902.28
26/05/2026,Siloam Lippo Village,PT Sarana Steril,MED000651,Plester Roll 1 inch BD,ROLL,55,14070.14,773857.8
26/05/2026,Siloam Surabaya,PT SARANA STERIL,MED000655,Needle Hypodermic 25G Medisafe,BOX@100,30,53728.22,1611846.64
27/05/2026,Siloam Kebon Jeruk,PT Medika Nusantara,MED000119,MASKER BEDAH 3 PLY BIRU MEDISAFE,BOX@50,7,26528.85,185701.98
27/05/2026,Siloam Bali,PT Medika Nusantara,MED000119,MASKER BEDAH 3 PLY BIRU MEDISAFE,BOX@50,11,26521.12,291732.3
27/05/2026,Siloam Bali,PT Medika Nusantara,MED000127,Plester Roll 2 inch B. Braun,ROLL,12,17992.11,215905.34
27/05/2026,Siloam Makassar,PT Medika Nusantara,MED000152,Sarung Tangan Nitrile S Medisafe V2,Box isi 100,20,85243.14,1704862.8
27/05/2026,Siloam Lippo Village,PT MEDIKA NUSANTARA,MED000152,Sarung Tangan Nitrile S Medisafe V2,Box isi 100,14,81936.81,1147115.37
27/05/2026,Siloam Surabaya,PT Bio Diagnostik,MED000552,Blood Tube Serum 5ml Diasys,BOX@100,2,142403.57,284807.14
27/05/2026,Siloam Lippo Village,PT Bio Diagnostik,MED000552,Blood Tube Serum 5ml Diasys,BOX@100,4,142089.92,568359.69
27/05/2026,Siloam Surabaya,PT Bio Diagnostik,MED000574,BLOOD TUBE EDTA 3ML DIASYS V4,BOX@100,2,178585.24,357170.48
27/05/2026,Siloam Surabaya,PT SARANA STERIL,MED000664,ECG ELECTRODE ADULT BD,PACK/50,1,85615.12,85615.12
27/05/2026,Siloam Lippo Village,PT Global Infus,MED000715,IV Catheter 18G OneMed,BOX@50,14,581899.55,8146593.69
27/05/2026,Siloam Surabaya,PT Global Infus,MED000715,IV Catheter 18G OneMed,BOX@50,16,613200.92,9811214.78
27/05/2026,Siloam Bali,PT Global Infus,MED000732,INFUSION SET MIKRO TERUMO,pcs,19,8480.19,161123.69
27/05/2026,Siloam Kebon Jeruk,PT GLOBAL INFUS,MED000739,Urine Bag 2000ml GEA,PCS,94,6931.55,651566.17
27/05/2026,Siloam Makassar,PT Global Infus,MED000739,Urine Bag 2000ml GEA,PCS,96,7249.08,695911.23
28/05/2026,Siloam Surabaya,PT Medika Nusantara,MED000173,NEEDLE HYPODERMIC 25G B. BRAUN V2,BOX@100,13,53823.07,699699.91
28/05/2026,Siloam Makassar,PT MEDIKA NUSANTARA,MED000253,Urine Bag 2000ml B. Braun V4,PCS,12,6747.89,80974.62
28/05/2026,Siloam Surabaya,PT Farmasi Sejahtera,OBT000375,ONDANSETRON 4MG/2ML AMP NOVELL V3,AMP,12,15921.81,191061.73
28/05/2026,Siloam Bali,PT Bio Diagnostik,MED000564,URINALYSIS STRIP 10 PARAM BIOSYSTEMS V3,BOTTLE 100 TEST,3,295163.61,885490.84
28/05/2026,Siloam Makassar,PT Bio Diagnostik,MED000564,URINALYSIS STRIP 10 PARAM BIOSYSTEMS V3,BOTTLE 100 TEST,2,298012.04,596024.08
28/05/2026,Siloam Lippo Village,PT Sarana Steril,MED000634,SARUNG TANGAN NITRILE S TERUMO,Box isi 100,4,90958.51,363834.03
28/05/2026,Siloam Makassar,PT Sarana Steril,MED000634,SARUNG TANGAN NITRILE S TERUMO,Box isi 100,6,91608.36,549650.18
28/05/2026,Siloam Kebon Jeruk,PT Sarana Steril,MED000659,Underpad 60x90 BD,PACK/10,1,64567.08,64567.08
30/05/2026,Siloam Surabaya,PT Medika Nusantara,MED000115,Infusion Set Dewasa B. Braun,PCS,8,10386.85,83094.83
30/05/2026,Siloam Kebon Jeruk,PT Medika Nusantara,MED000115,Infusion Set Dewasa B. Braun,PCS,12,10333.31,123999.68
30/05/2026,Siloam Makassar,PT MEDIKA NUSANTARA,MED000209,FOLEY CATHETER 18FR MEDISAFE V3,PCS,5,11248.67,56243.34
30/05/2026,Siloam Kebon Jeruk,PT Medika Nusantara,MED000222,Suction Catheter 12Fr B. Braun V3,PCS,7,2921.2,20448.37
30/05/2026,Siloam Surabaya,PT MEDIKA NUSANTARA,MED000241,Kasa Steril 5x5 OneMed V4,PACK/10,18,67337.17,1212069.06
30/05/2026,Siloam Kebon Jeruk,PT Medika Nusantara,MED000241,Kasa Steril 5x5 OneMed V4,PACK/10,25,67624.86,1690621.42
30/05/2026,Siloam Makassar,PT Farmasi Sejahtera,OBT000368,NaCl 0.9% 500ml Kalbe V2,BTL,15,11187.34,167810.05
30/05/2026,Siloam Bali,PT Farmasi Sejahtera,OBT000368,NaCl 0.9% 500ml Kalbe V2,BTL,11,11279.71,124076.84
30/05/2026,Siloam Surabaya,PT Farmasi Sejahtera,OBT000392,Omeprazole 20mg Cap Hexpharm V4,VIAL,1,22174.72,22174.72
30/05/2026,Siloam Kebon Jeruk,PT Farmasi Sejahtera,OBT000392,Omeprazole 20mg Cap Hexpharm V4,VIAL,1,22138.83,22138.83
31/05/2026,Siloam Bali,PT Medika Nusantara,MED000229,IV CATHETER 18G MEDISAFE V4,BX 50 PCS,76,356034.13,27058594.26
31/05/2026,Siloam Makassar,PT Medika Nusantara,MED000229,IV CATHETER 18G MEDISAFE V4,BX 50 PCS,44,358430.06,15770922.61
31/05/2026,Siloam Kebon Jeruk,PT FARMASI SEJAHTERA,OBT000356,Ondansetron 8mg/4ml Amp Sanbe V2,BOX 5 AMP,2,36498.69,72997.38
31/05/2026,Siloam Bali,PT Sarana Steril,MED000652,PLESTER ROLL 2 INCH ONEMED,ROLL,12,9922.58,119070.95
31/05/2026,Siloam Bali,PT GLOBAL INFUS,MED000728,Kasa Steril 10x10 GEA,PAK 10,12,44975.19,539702.34
31/05/2026,Siloam Lippo Village,PT Global Infus,MED000728,Kasa Steril 10x10 GEA,PAK 10,17,45875.38,779881.48
31/05/2026,Siloam Bali,PT GLOBAL INFUS,MED000731,INFUSION SET ANAK B. BRAUN,pcs,14,7842.14,109789.91
31/05/2026,Siloam Makassar,PT Global Infus,MED000731,INFUSION SET ANAK B. BRAUN,pcs,12,7744.55,92934.58
01/06/2026,Siloam Bali,PT Medika Nusantara,MED000191,SPUIT 3CC MEDISAFE V3,BOX@100,39,124278.04,4846843.5
01/06/2026,Siloam Bali,PT MEDIKA NUSANTARA,MED000268,ECG ELECTRODE ADULT ONEMED V4,PACK/50,1,94841.69,94841.69
01/06/2026,Siloam Lippo Village,PT Alkes Prima,MED000470,Foley Catheter 12Fr GEA,BOX@10,10,139889.13,1398891.3
01/06/2026,Siloam Kebon Jeruk,PT Bio Diagnostik,MED000559,Blood Tube EDTA 2ml Biosystems V2,BOX@100,17,130532.0,2219044.04
02/06/2026,Siloam Kebon Jeruk,PT MEDIKA NUSANTARA,MED000136,SUCTION CATHETER 12FR MEDISAFE,PCS,7,2889.78,20228.45
02/06/2026,Siloam Lippo Village,PT Medika Nusantara,MED000136,SUCTION CATHETER 12FR MEDISAFE,PCS,8,2846.44,22771.55
02/06/2026,Siloam Kebon Jeruk,PT Medika Nusantara,MED000269,ECG Electrode Pediatric B. Braun V4,PACK/50,16,95827.09,1533233.49
02/06/2026,Siloam Kebon Jeruk,PT Sarana Steril,MED000625,IV Catheter 18G BD,BOX@50,4,327829.99,1311319.95
02/06/2026,Siloam Lippo Village,PT SARANA STERIL,MED000625,IV Catheter 18G BD,BOX@50,5,330442.54,1652212.71
07/06/2026,Siloam Kebon Jeruk,PT Medika Nusantara,MED000252,Foley Catheter 18Fr Medisafe V4,PCS,71,16163.0,1147572.72
07/06/2026,Siloam Lippo Village,PT Medika Nusantara,MED000252,Foley Catheter 18Fr Medisafe V4,PCS,59,15666.18,924304.47
07/06/2026,Siloam Bali,PT FARMASI SEJAHTERA,OBT000384,DEXAMETHASONE 5MG/ML AMP HEXPHARM V3,BOX 10 AMP,2,21028.96,42057.92
07/06/2026,Siloam Makassar,PT Farmasi Sejahtera,OBT000384,DEXAMETHASONE 5MG/ML AMP HEXPHARM V3,BOX 10 AMP,2,21392.83,42785.65
07/06/2026,Siloam Surabaya,PT Alkes Prima,MED000455,Spuit 3cc Medisafe,BOX@200,2,165686.79,331373.57
07/06/2026,Siloam Makassar,PT Alkes Prima,MED000455,Spuit 3cc Medisafe,BOX@200,5,159060.07,795300.36
08/06/2026,Siloam Bali,PT Sarana Steril,MED000661,Suction Catheter 12Fr BD,PCS,12,3610.72,43328.64
08/06/2026,Siloam Kebon Jeruk,PT Sarana Steril,MED000661,Suction Catheter 12Fr BD,PCS,14,3539.16,49548.29
09/06/2026,Siloam Surabaya,PT Medika Nusantara,MED000163,Foley Catheter 12Fr B. Braun V2,PCS,2,14775.52,29551.03
09/06/2026,Siloam Lippo Village,PT Medika Nusantara,MED000163,Foley Catheter 12Fr B. Braun V2,PCS,2,14635.14,29270.28
09/06/2026,Siloam Makassar,PT MEDIKA NUSANTARA,MED000172,Needle Hypodermic 23G B. Braun V2,BOX@100,5,44618.33,223091.63
09/06/2026,Siloam Lippo Village,PT Medika Nusantara,MED000172,Needle Hypodermic 23G B. Braun V2,BOX@100,9,43794.13,394147.21
09/06/2026,Siloam Surabaya,PT Medika Nusantara,MED000238,SARUNG TANGAN NITRILE S BD V4,Box isi 100,16,70817.0,1133071.94
09/06/2026,Siloam Makassar,PT Medika Nusantara,MED000238,SARUNG TANGAN NITRILE S BD V4,Box isi 100,7,72931.28,510518.99
09/06/2026,Siloam Makassar,PT Farmasi Sejahtera,OBT000365,FUROSEMIDE 20MG/2ML AMP HEXPHARM V2,STRIP 10 TAB,11,35914.04,395054.41
09/06/2026,Siloam Kebon Jeruk,PT Farmasi Sejahtera,OBT000365,FUROSEMIDE 20MG/2ML AMP HEXPHARM V2,STRIP 10 TAB,10,35906.67,359066.67
09/06/2026,Siloam Bali,PT Alkes Prima,MED000494,IV Catheter 20G Medisafe V2,BOX@50,3,474705.95,1424117.86
09/06/2026,Siloam Kebon Jeruk,PT Alkes Prima,MED000494,IV Catheter 20G Medisafe V2,BOX@50,3,479121.66,1437364.99
09/06/2026,Siloam Lippo Village,PT Sarana Steril,MED000636,SARUNG TANGAN NITRILE L TERUMO,Box isi 100,21,94415.3,1982721.31
09/06/2026,Siloam Kebon Jeruk,PT Global Infus,MED000717,IV Catheter 22G GEA,BOX@50,6,425224.65,2551347.92
09/06/2026,Siloam Lippo Village,PT Global Infus,MED000717,IV Catheter 22G GEA,BOX@50,4,424869.84,1699479.36
10/06/2026,Siloam Surabaya,PT Medika Nusantara,MED000105,Spuit 3cc Medisafe,BOX@200,3,101189.72,303569.16
10/06/2026,Siloam Lippo Village,PT MEDIKA NUSANTARA,MED000105,Spuit 3cc Medisafe,BOX@200,4,104929.27,419717.09
10/06/2026,Siloam Bali,PT Medika Nusantara,MED000127,Plester Roll 2 inch B. Braun,ROLL,20,17629.24,352584.85
10/06/2026,Siloam Kebon Jeruk,PT Medika Nusantara,MED000127,Plester Roll 2 inch B. Braun,ROLL,22,18239.24,401263.23
10/06/2026,Siloam Surabaya,PT Medika Nusantara,MED000218,Three Way Stopcock Extension 10cm BD V3,PCS,31,5792.21,179558.46
10/06/2026,Siloam Bali,PT Medika Nusantara,MED000218,Three Way Stopcock Extension 10cm BD V3,PCS,32,5635.9,180348.91
10/06/2026,Siloam Kebon Jeruk,PT FARMASI SEJAHTERA,OBT000342,Metformin 500mg Tab Hexpharm,STRIP 10 TAB,3,3787.09,11361.26
10/06/2026,Siloam Surabaya,PT Farmasi Sejahtera,OBT000355,Ondansetron 4mg/2ml Amp Novell V2,AMP,31,10246.21,317632.47
10/06/2026,Siloam Lippo Village,PT Alkes Prima,MED000457,Spuit 10cc B. Braun,1 BOX = 100 PCS,19,162714.56,3091576.59
11/06/2026,Siloam Kebon Jeruk,PT Medika Nusantara,MED000154,Sarung Tangan Nitrile L Terumo V2,BOX@100,15,95239.26,1428588.95
11/06/2026,Siloam Bali,PT Medika Nusantara,MED000154,Sarung Tangan Nitrile L Terumo V2,BOX@100,15,97665.8,1464987.03
11/06/2026,Siloam Lippo Village,PT Medika Nusantara,MED000190,SPUIT 1CC TERUMO V3,BOX@100,1,117482.98,117482.98
11/06/2026,Siloam Lippo Village,PT Medika Nusantara,MED000206,Foley Catheter 12Fr OneMed V3,BOX@10,14,96896.37,1356549.18
11/06/2026,Siloam Kebon Jeruk,PT Medika Nusantara,MED000206,Foley Catheter 12Fr OneMed V3,BOX@10,10,93378.57,933785.73
11/06/2026,Siloam Lippo Village,PT Alkes Prima,MED000466,Infusion Set Anak GEA,pcs,1,12231.09,12231.09
11/06/2026,Siloam Kebon Jeruk,PT Bio Diagnostik,MED000569,Glucose Reagent 4x50ml Biosystems V4,KIT,16,623957.78,9983324.43
11/06/2026,Siloam Surabaya,PT Bio Diagnostik,MED000569,Glucose Reagent 4x50ml Biosystems V4,KIT,8,634885.87,5079086.93
12/06/2026,Siloam Kebon Jeruk,PT Alkes Prima,MED000476,Plester Roll 1 inch Medisafe,ROLL,1,8105.19,8105.19
12/06/2026,Siloam Lippo Village,PT Alkes Prima,MED000476,Plester Roll 1 inch Medisafe,ROLL,1,7890.55,7890.55
12/06/2026,Siloam Lippo Village,PT BIO DIAGNOSTIK,MED000548,Urinalysis Strip 10 Param Diasys,BOTTLE 100 TEST,1,3934.28,3934.28
12/06/2026,Siloam Makassar,PT Bio Diagnostik,MED000548,Urinalysis Strip 10 Param Diasys,BOTTLE 100 TEST,1,3801.36,3801.36
13/06/2026,Siloam Makassar,PT MEDIKA NUSANTARA,MED000106,Spuit 5cc OneMed,1 BOX = 100 PCS,2,134215.79,268431.58
13/06/2026,Siloam Lippo Village,PT Medika Nusantara,MED000125,URINE BAG 1000ML TERUMO,PCS,15,7197.91,107968.62
13/06/2026,Siloam Lippo Village,PT Farmasi Sejahtera,OBT000391,Omeprazole 40mg Inj Kalbe V4,VIAL,10,34623.66,346236.62
13/06/2026,Siloam Surabaya,PT Sarana Steril,MED000628,IV Catheter 24G Medisafe,BOX@50,2,5539.93,11079.86
14/06/2026,Siloam Surabaya,PT Medika Nusantara,MED000107,Spuit 10cc OneMed,1 BOX = 100 PCS,2,177322.2,354644.39
14/06/2026,Siloam Makassar,PT Medika Nusantara,MED000198,Kasa Steril 5x5 Terumo V3,PACK/10,2,85994.66,171989.33
14/06/2026,Siloam Surabaya,PT Medika Nusantara,MED000198,Kasa Steril 5x5 Terumo V3,PACK/10,2,82815.5,165631.0
14/06/2026,Siloam Makassar,PT Medika Nusantara,MED000237,Spuit 20cc Terumo V4,BOX@100,3,162569.2,487707.61
14/06/2026,Siloam Surabaya,PT Medika Nusantara,MED000237,Spuit 20cc Terumo V4,BOX@100,2,167708.61,335417.23
14/06/2026,Siloam Lippo Village,PT Farmasi Sejahtera,OBT000332,Omeprazole 20mg Cap Sanbe,VIAL,8,26126.7,209013.56
14/06/2026,Siloam Makassar,PT Farmasi Sejahtera,OBT000357,Ranitidine 50mg/2ml Amp Kalbe V2,BOX 10 AMP,7,56473.53,395314.71
14/06/2026,Siloam Surabaya,PT Farmasi Sejahtera,OBT000357,Ranitidine 50mg/2ml Amp Kalbe V2,BOX 10 AMP,4,56283.57,225134.29
14/06/2026,Siloam Lippo Village,PT Alkes Prima,MED000458,Spuit 20cc OneMed,BOX@100,15,150014.84,2250222.61
14/06/2026,Siloam Surabaya,PT Sarana Steril,MED000627,IV Catheter 22G B. Braun,BX 50 PCS,3,273479.04,820437.11
14/06/2026,Siloam Bali,PT Sarana Steril,MED000627,IV Catheter 22G B. Braun,BX 50 PCS,4,270844.95,1083379.8
14/06/2026,Siloam Makassar,PT SARANA STERIL,MED000632,Spuit 10cc BD,BOX@100,11,96241.98,1058661.8
14/06/2026,Siloam Kebon Jeruk,PT Sarana Steril,MED000632,Spuit 10cc BD,BOX@100,4,97774.81,391099.25
15/06/2026,Siloam Surabaya,PT Medika Nusantara,MED000147,SPUIT 1CC ONEMED V2,BOX@100,5,161570.92,807854.6
15/06/2026,Siloam Lippo Village,PT Medika Nusantara,MED000147,SPUIT 1CC ONEMED V2,BOX@100,11,165954.95,1825504.47
15/06/2026,Siloam Kebon Jeruk,PT Medika Nusantara,MED000187,IV Catheter 20G B. Braun V3,BOX@50,3,467144.32,1401432.96
15/06/2026,Siloam Surabaya,PT Farmasi Sejahtera,OBT000372,Omeprazole 20mg Cap Hexpharm V3,VIAL,26,16440.48,427452.51
15/06/2026,Siloam Makassar,PT Farmasi Sejahtera,OBT000394,Paracetamol 1g/100ml Inf Kalbe V4,BTL,1,479.22,479.22
15/06/2026,Siloam Bali,PT FARMASI SEJAHTERA,OBT000394,Paracetamol 1g/100ml Inf Kalbe V4,BTL,1,482.78,482.78
15/06/2026,Siloam Lippo Village,PT Alkes Prima,MED000461,Sarung Tangan Nitrile L Medisafe,Box isi 100,7,76106.76,532747.35
15/06/2026,Siloam Bali,PT ALKES PRIMA,MED000467,INFUSION SET MIKRO B. BRAUN,pcs,2,7996.43,15992.86
15/06/2026,Siloam Surabaya,PT Alkes Prima,MED000467,INFUSION SET MIKRO B. BRAUN,pcs,2,8028.24,16056.48
15/06/2026,Siloam Kebon Jeruk,PT SARANA STERIL,MED000642,INFUSION SET MIKRO B. BRAUN,pcs,6,11093.68,66562.06
15/06/2026,Siloam Bali,PT SARANA STERIL,MED000651,Plester Roll 1 inch BD,ROLL,21,14488.54,304259.44
15/06/2026,Siloam Lippo Village,PT Sarana Steril,MED000651,Plester Roll 1 inch BD,ROLL,48,14194.81,681350.66
16/06/2026,Siloam Kebon Jeruk,PT Medika Nusantara,MED000144,IV CATHETER 20G ONEMED V2,Box isi 50,10,494265.98,4942659.83
16/06/2026,Siloam Lippo Village,PT Medika Nusantara,MED000144,IV CATHETER 20G ONEMED V2,Box isi 50,21,493184.14,10356866.99
16/06/2026,Siloam Kebon Jeruk,PT Medika Nusantara,MED000157,KASA STERIL 16X16 TERUMO V2,PACK/10,6,52368.52,314211.12
16/06/2026,Siloam Kebon Jeruk,PT MEDIKA NUSANTARA,MED000266,Suction Catheter 14Fr GEA V4,PCS,1,4969.85,4969.85
16/06/2026,Siloam Makassar,PT Farmasi Sejahtera,OBT000386,FUROSEMIDE 40MG TAB KALBE V3,STRIP 10 TAB,3,22809.47,68428.4
16/06/2026,Siloam Surabaya,PT Alkes Prima,MED000459,SARUNG TANGAN NITRILE S GEA,BOX@100,26,65320.52,1698333.47
16/06/2026,Siloam Makassar,PT Alkes Prima,MED000459,SARUNG TANGAN NITRILE S GEA,BOX@100,28,66548.99,1863371.67
16/06/2026,Siloam Makassar,PT Bio Diagnostik,MED000545,Glucose Reagent 4x50ml Roche,KIT,1,620599.18,620599.18
16/06/2026,Siloam Surabaya,PT Bio Diagnostik,MED000545,Glucose Reagent 4x50ml Roche,KIT,1,648082.57,648082.57
16/06/2026,Siloam Kebon Jeruk,PT Global Infus,MED000735,FOLEY CATHETER 12FR B. BRAUN,BOX@10,23,141689.3,3258853.8
16/06/2026,Siloam Surabaya,PT GLOBAL INFUS,MED000735,FOLEY CATHETER 12FR B. BRAUN,BOX@10,30,136220.17,4086604.99
17/06/2026,Siloam Kebon Jeruk,PT Medika Nusantara,MED000213,PLESTER ROLL 2 INCH BD V3,ROLL,5,12333.73,61668.66
17/06/2026,Siloam Bali,PT Medika Nusantara,MED000213,PLESTER ROLL 2 INCH BD V3,ROLL,2,12292.88,24585.76
17/06/2026,Siloam Bali,PT ALKES PRIMA,MED000472,Foley Catheter 16Fr B. Braun,BOX@10,1,193055.86,193055.86
17/06/2026,Siloam Kebon Jeruk,PT Bio Diagnostik,MED000554,GLUCOSE REAGENT 2X100ML BIOSYSTEMS V2,KIT,7,473655.84,3315590.87
18/06/2026,Siloam Surabaya,PT Medika Nusantara,MED000214,Needle Hypodermic 21G GEA V3,BOX@100,2,60201.34,120402.68
18/06/2026,Siloam Bali,PT Medika Nusantara,MED000214,Needle Hypodermic 21G GEA V3,BOX@100,1,60940.37,60940.37
18/06/2026,Siloam Bali,PT Farmasi Sejahtera,OBT000343,METFORMIN 850MG TAB HEXPHARM,STRIP 10 TAB,1,3548.01,3548.01
18/06/2026,Siloam Lippo Village,PT Farmasi Sejahtera,OBT000388,NACL 0.9% 500ML HEXPHARM V3,BTL,29,5835.38,169226.16
18/06/2026,Siloam Surabaya,PT Farmasi Sejahtera,OBT000393,Paracetamol 500mg Tab Hexpharm V4,STRIP 10 TAB,38,4671.97,177534.86
19/06/2026,Siloam Lippo Village,PT Bio Diagnostik,MED000561,GLUCOSE REAGENT 4X50ML SYSMEX V3,KIT,1,542614.87,542614.87
19/06/2026,Siloam Surabaya,PT Bio Diagnostik,MED000561,GLUCOSE REAGENT 4X50ML SYSMEX V3,KIT,1,538388.26,538388.26
20/06/2026,Siloam Surabaya,PT Medika Nusantara,MED000143,IV Catheter 18G OneMed V2,Box isi 50,1,280629.8,280629.8
20/06/2026,Siloam Bali,PT MEDIKA NUSANTARA,MED000229,IV CATHETER 18G MEDISAFE V4,BX 50 PCS,51,346342.23,17663453.76
20/06/2026,Siloam Lippo Village,PT Alkes Prima,MED000478,Needle Hypodermic 21G OneMed,BOX@100,3,54109.35,162328.04
20/06/2026,Siloam Kebon Jeruk,PT ALKES PRIMA,MED000478,Needle Hypodermic 21G OneMed,BOX@100,4,53093.45,212373.82
20/06/2026,Siloam Surabaya,PT Bio Diagnostik,MED000560,BLOOD TUBE SERUM 5ML ROCHE V2,BOX@100,9,217743.25,1959689.23
20/06/2026,Siloam Makassar,PT Bio Diagnostik,MED000560,BLOOD TUBE SERUM 5ML ROCHE V2,BOX@100,5,205299.85,1026499.25
20/06/2026,Siloam Makassar,PT Sarana Steril,MED000643,MASKER BEDAH 3 PLY HIJAU B. BRAUN,BOX@50,12,34516.6,414199.21
20/06/2026,Siloam Kebon Jeruk,PT SARANA STERIL,MED000643,MASKER BEDAH 3 PLY HIJAU B. BRAUN,BOX@50,6,34322.98,205937.91
21/06/2026,Siloam Lippo Village,PT Medika Nusantara,MED000119,MASKER BEDAH 3 PLY BIRU MEDISAFE,BOX@50,9,26947.29,242525.64
21/06/2026,Siloam Lippo Village,PT Medika Nusantara,MED000135,Suction Catheter 10Fr BD,PCS,6,2634.98,15809.89
21/06/2026,Siloam Kebon Jeruk,PT Medika Nusantara,MED000204,MASKER BEDAH 3 PLY HIJAU TERUMO V3,BOX@50,1,30795.22,30795.22
21/06/2026,Siloam Surabaya,PT Farmasi Sejahtera,OBT000333,PARACETAMOL 500MG TAB HEXPHARM,BTL,2,410.08,820.15
21/06/2026,Siloam Makassar,PT Bio Diagnostik,MED000565,CRP Latex 100 test Roche V3,KIT,9,546608.35,4919475.12
21/06/2026,Siloam Bali,PT Bio Diagnostik,MED000565,CRP Latex 100 test Roche V3,KIT,7,529721.64,3708051.51
22/06/2026,Siloam Bali,PT Medika Nusantara,MED000103,IV CATHETER 24G TERUMO,BOX@50,11,10104.44,111148.79
22/06/2026,Siloam Makassar,PT MEDIKA NUSANTARA,MED000103,IV CATHETER 24G TERUMO,BOX@50,9,10175.07,91575.6
22/06/2026,Siloam Lippo Village,PT Medika Nusantara,MED000234,Spuit 3cc Terumo V4,BOX@100,18,175409.49,3157370.73
22/06/2026,Siloam Kebon Jeruk,PT Farmasi Sejahtera,OBT000353,Paracetamol 500mg Tab Sanbe V2,STRIP 10 TAB,1,4604.89,4604.89
22/06/2026,Siloam Surabaya,PT Farmasi Sejahtera,OBT000353,Paracetamol 500mg Tab Sanbe V2,STRIP 10 TAB,1,4445.14,4445.14
22/06/2026,Siloam Makassar,PT Farmasi Sejahtera,OBT000361,AMLODIPINE 10MG TAB DEXA V2,STRIP 10 TAB,7,6615.72,46310.05
22/06/2026,Siloam Surabaya,PT Bio Diagnostik,MED000549,CRP LATEX 100 TEST ROCHE,KIT,2,765605.01,1531210.03
22/06/2026,Siloam Kebon Jeruk,PT BIO DIAGNOSTIK,MED000549,CRP LATEX 100 TEST ROCHE,KIT,1,738778.5,738778.5
22/06/2026,Siloam Bali,PT SARANA STERIL,MED000629,Spuit 1cc B. Braun,BOX@100,1,114430.85,114430.85
23/06/2026,Siloam Surabaya,PT Medika Nusantara,MED000276,Spuit 1cc OneMed V5,BOX@100,82,164241.1,13467770.37
23/06/2026,Siloam Makassar,PT Sarana Steril,MED000658,Underpad 60x60 GEA,PACK/10,5,49062.1,245310.49
23/06/2026,Siloam Surabaya,PT SARANA STERIL,MED000658,Underpad 60x60 GEA,PACK/10,4,49537.94,198151.75
23/06/2026,Siloam Makassar,PT GLOBAL INFUS,MED000732,INFUSION SET MIKRO TERUMO,pcs,31,8257.45,255980.91
24/06/2026,Siloam Makassar,PT Farmasi Sejahtera,OBT000376,ONDANSETRON 8MG/4ML AMP HEXPHARM V3,AMP,3,17076.01,51228.02
24/06/2026,Siloam Lippo Village,PT Farmasi Sejahtera,OBT000376,ONDANSETRON 8MG/4ML AMP HEXPHARM V3,AMP,3,16870.74,50612.23
24/06/2026,Siloam Lippo Village,PT Farmasi Sejahtera,OBT000398,KETOROLAC 30MG/ML AMP KALBE V4,BOX 10 AMP,2,60717.17,121434.34
24/06/2026,Siloam Kebon Jeruk,PT Farmasi Sejahtera,OBT000398,KETOROLAC 30MG/ML AMP KALBE V4,BOX 10 AMP,3,60767.26,182301.77
24/06/2026,Siloam Kebon Jeruk,PT Alkes Prima,MED000488,Alcohol Swab Standard B. Braun,BOX@100,39,29141.99,1136537.78
24/06/2026,Siloam Surabaya,PT Bio Diagnostik,MED000552,Blood Tube Serum 5ml Diasys,BOX@100,3,148304.35,444913.06
24/06/2026,Siloam Kebon Jeruk,PT Bio Diagnostik,MED000552,Blood Tube Serum 5ml Diasys,BOX@100,2,144465.13,288930.26
24/06/2026,Siloam Makassar,PT SARANA STERIL,MED000659,Underpad 60x90 BD,PACK/10,1,66935.14,66935.14
24/06/2026,Siloam Kebon Jeruk,PT Global Infus,MED000737,Foley Catheter 16Fr Terumo,PCS,13,20397.01,265161.15
25/06/2026,Siloam Bali,PT Medika Nusantara,MED000169,PLESTER ROLL 1 INCH B. BRAUN V2,ROLL,43,9316.41,400605.67
25/06/2026,Siloam Makassar,PT Medika Nusantara,MED000247,MASKER BEDAH 3 PLY HIJAU BD V4,BOX@50,6,21306.43,127838.58
25/06/2026,Siloam Lippo Village,PT Medika Nusantara,MED000258,NEEDLE HYPODERMIC 23G B. BRAUN V4,BOX@100,4,60690.02,242760.07
25/06/2026,Siloam Bali,PT Global Infus,MED000731,INFUSION SET ANAK B. BRAUN,pcs,19,8026.42,152501.89
25/06/2026,Siloam Makassar,PT Global Infus,MED000731,INFUSION SET ANAK B. BRAUN,pcs,21,7792.36,163639.63
25/06/2026,Siloam Lippo Village,PT Global Infus,MED000738,FOLEY CATHETER 18FR BD,BOX@10,7,138797.13,971579.88
25/06/2026,Siloam Surabaya,PT Global Infus,MED000738,FOLEY CATHETER 18FR BD,BOX@10,8,142402.67,1139221.4
26/06/2026,Siloam Lippo Village,PT Medika Nusantara,MED000108,SPUIT 20CC BD,1 BOX = 100 PCS,1,187879.89,187879.89
26/06/2026,Siloam Makassar,PT MEDIKA NUSANTARA,MED000113,Kasa Steril 10x10 B. Braun,PACK/10,20,77026.02,1540520.47
26/06/2026,Siloam Surabaya,PT MEDIKA NUSANTARA,MED000113,Kasa Steril 10x10 B. Braun,PACK/10,11,76897.13,845868.41
26/06/2026,Siloam Kebon Jeruk,PT MEDIKA NUSANTARA,MED000133,Underpad 60x60 BD,PACK/10,24,32028.24,768677.8
26/06/2026,Siloam Makassar,PT Medika Nusantara,MED000133,Underpad 60x60 BD,PACK/10,52,32350.03,1682201.58
26/06/2026,Siloam Makassar,PT Medika Nusantara,MED000175,THREE WAY STOPCOCK EXTENSION 10CM ONEMED V2,PCS,8,4027.53,32220.26
26/06/2026,Siloam Lippo Village,PT Medika Nusantara,MED000179,SUCTION CATHETER 12FR BD V2,PCS,2,3732.4,7464.79
26/06/2026,Siloam Surabaya,PT Medika Nusantara,MED000179,SUCTION CATHETER 12FR BD V2,PCS,2,3702.43,7404.87
26/06/2026,Siloam Makassar,PT Farmasi Sejahtera,OBT000334,PARACETAMOL 1G/100ML INF NOVELL,BTL,33,613.11,20232.5
26/06/2026,Siloam Lippo Village,PT Farmasi Sejahtera,OBT000334,PARACETAMOL 1G/100ML INF NOVELL,BTL,25,608.63,15215.83
27/06/2026,Siloam Makassar,PT Alkes Prima,MED000480,NEEDLE HYPODERMIC 25G TERUMO,BOX@100,1,47141.54,47141.54
27/06/2026,Siloam Bali,PT Alkes Prima,MED000480,NEEDLE HYPODERMIC 25G TERUMO,BOX@100,1,47490.34,47490.34
28/06/2026,Siloam Makassar,PT Medika Nusantara,MED000101,IV Catheter 20G BD,Box isi 50,2,301647.49,603294.99
28/06/2026,Siloam Bali,PT Medika Nusantara,MED000101,IV Catheter 20G BD,Box isi 50,2,296521.22,593042.45
28/06/2026,Siloam Lippo Village,PT MEDIKA NUSANTARA,MED000115,Infusion Set Dewasa B. Braun,PCS,24,9964.02,239136.53
28/06/2026,Siloam Makassar,PT MEDIKA NUSANTARA,MED000165,Foley Catheter 16Fr B. Braun V2,BOX@10,4,236438.8,945755.21
28/06/2026,Siloam Bali,PT MEDIKA NUSANTARA,MED000165,Foley Catheter 16Fr B. Braun V2,BOX@10,3,238445.81,715337.43
28/06/2026,Siloam Bali,PT Medika Nusantara,MED000191,SPUIT 3CC MEDISAFE V3,BOX@100,51,127288.26,6491701.48
28/06/2026,Siloam Lippo Village,PT Medika Nusantara,MED000191,SPUIT 3CC MEDISAFE V3,BOX@100,95,126980.27,12063126.01
28/06/2026,Siloam Surabaya,PT Medika Nusantara,MED000242,Kasa Steril 10x10 Medisafe V4,PAK 10,1,44939.63,44939.63
28/06/2026,Siloam Makassar,PT Medika Nusantara,MED000242,Kasa Steril 10x10 Medisafe V4,PAK 10,1,46200.47,46200.47
28/06/2026,Siloam Bali,PT Medika Nusantara,MED000269,ECG Electrode Pediatric B. Braun V4,PACK/50,16,97430.96,1558895.33
28/06/2026,Siloam Lippo Village,PT Alkes Prima,MED000454,SPUIT 1CC B. BRAUN,BOX@100,70,136116.71,9528169.48
28/06/2026,Siloam Surabaya,PT ALKES PRIMA,MED000454,SPUIT 1CC B. BRAUN,BOX@100,57,134951.99,7692263.31
28/06/2026,Siloam Bali,PT Alkes Prima,MED000489,ECG ELECTRODE ADULT MEDISAFE,PACK/50,2,110339.1,220678.19
28/06/2026,Siloam Kebon Jeruk,PT Alkes Prima,MED000489,ECG ELECTRODE ADULT MEDISAFE,PACK/50,1,112365.41,112365.41
28/06/2026,Siloam Bali,PT BIO DIAGNOSTIK,MED000555,HbA1c Test Cartridge Diasys V2,BOX 10 TEST,20,746864.59,14937291.89
29/06/2026,Siloam Surabaya,PT Medika Nusantara,MED000170,PLESTER ROLL 2 INCH B. BRAUN V2,BOX@12,1,142094.03,142094.03
29/06/2026,Siloam Bali,PT Medika Nusantara,MED000232,IV CATHETER 24G MEDISAFE V4,BOX@50,17,570123.87,9692105.84
29/06/2026,Siloam Kebon Jeruk,PT Medika Nusantara,MED000232,IV CATHETER 24G MEDISAFE V4,BOX@50,22,582639.88,12818077.38
29/06/2026,Siloam Lippo Village,PT Medika Nusantara,MED000271,Blood Lancet 30G B. Braun V4,BOX@200,8,46263.73,370109.84
29/06/2026,Siloam Surabaya,PT Medika Nusantara,MED000271,Blood Lancet 30G B. Braun V4,BOX@200,6,46364.48,278186.87
30/06/2026,Siloam Surabaya,PT Medika Nusantara,MED000134,Underpad 60x90 Medisafe,PACK/10,29,42719.03,1238851.91
30/06/2026,Siloam Lippo Village,PT Medika Nusantara,MED000134,Underpad 60x90 Medisafe,PACK/10,25,44906.92,1122672.97
30/06/2026,Siloam Lippo Village,PT ALKES PRIMA,MED000450,IV CATHETER 18G ONEMED,BOX@50,8,551509.29,4412074.34
01/07/2026,Siloam Surabaya,PT Medika Nusantara,MED000188,IV Catheter 22G GEA V3,Box isi 50,7,261730.67,1832114.71
01/07/2026,Siloam Makassar,PT MEDIKA NUSANTARA,MED000268,ECG ELECTRODE ADULT ONEMED V4,PACK/50,1,97913.8,97913.8
01/07/2026,Siloam Lippo Village,PT MEDIKA NUSANTARA,MED000268,ECG ELECTRODE ADULT ONEMED V4,PACK/50,1,96432.5,96432.5
01/07/2026,Siloam Surabaya,PT Bio Diagnostik,MED000546,Glucose Reagent 2x100ml Biosystems,KIT,3,424136.05,1272408.16
01/07/2026,Siloam Kebon Jeruk,PT Bio Diagnostik,MED000546,Glucose Reagent 2x100ml Biosystems,KIT,3,411757.46,1235272.37
02/07/2026,Siloam Kebon Jeruk,PT Medika Nusantara,MED000121,Foley Catheter 14Fr Medisafe,PCS,6,11335.11,68010.64
02/07/2026,Siloam Surabaya,PT MEDIKA NUSANTARA,MED000139,ECG ELECTRODE ADULT TERUMO,PACK/50,4,90095.44,360381.76
02/07/2026,Siloam Lippo Village,PT Medika Nusantara,MED000197,SARUNG TANGAN NITRILE L BD V3,BOX@100,2,74066.39,148132.79
02/07/2026,Siloam Makassar,PT Medika Nusantara,MED000243,Kasa Steril 16x16 OneMed V4,PACK/10,30,73317.23,2199516.83
02/07/2026,Siloam Lippo Village,PT Medika Nusantara,MED000243,Kasa Steril 16x16 OneMed V4,PACK/10,51,73133.55,3729811.22
02/07/2026,Siloam Bali,PT Farmasi Sejahtera,OBT000340,Amlodipine 5mg Tab Kalbe,STRIP 10 TAB,14,5840.67,81769.45
02/07/2026,Siloam Lippo Village,PT Farmasi Sejahtera,OBT000340,Amlodipine 5mg Tab Kalbe,STRIP 10 TAB,22,5823.94,128126.71
02/07/2026,Siloam Kebon Jeruk,PT Alkes Prima,MED000492,Blood Lancet 30G Medisafe,BOX@200,60,50397.2,3023831.74
02/07/2026,Siloam Makassar,PT Bio Diagnostik,MED000559,Blood Tube EDTA 2ml Biosystems V2,BOX@100,18,132292.79,2381270.22
02/07/2026,Siloam Surabaya,PT Bio Diagnostik,MED000559,Blood Tube EDTA 2ml Biosystems V2,BOX@100,16,130701.41,2091222.53
07/07/2026,Siloam Bali,PT Medika Nusantara,MED000113,Kasa Steril 10x10 B. Braun,PACK/10,13,74174.79,964272.23
07/07/2026,Siloam Surabaya,PT Farmasi Sejahtera,OBT000370,Ceftriaxone 1g Inj Sanbe V3,VIAL,4,11549.56,46198.23
07/07/2026,Siloam Surabaya,PT FARMASI SEJAHTERA,OBT000377,Ranitidine 50mg/2ml Amp Dexa V3,BOX 10 AMP,19,77115.86,1465201.29
07/07/2026,Siloam Lippo Village,PT ALKES PRIMA,MED000472,Foley Catheter 16Fr B. Braun,BOX@10,1,195186.47,195186.47
08/07/2026,Siloam Lippo Village,PT MEDIKA NUSANTARA,MED000114,KASA STERIL 16X16 BD,PACK/10,2,44806.4,89612.8
08/07/2026,Siloam Makassar,PT MEDIKA NUSANTARA,MED000132,THREE WAY STOPCOCK EXTENSION 10CM BD,PCS,12,2906.79,34881.46
08/07/2026,Siloam Surabaya,PT Medika Nusantara,MED000137,Suction Catheter 14Fr B. Braun,PCS,18,3013.58,54244.52
08/07/2026,Siloam Bali,PT Medika Nusantara,MED000148,Spuit 3cc OneMed V2,1 BOX = 100 PCS,3,167867.11,503601.34
08/07/2026,Siloam Bali,PT MEDIKA NUSANTARA,MED000185,Blood Lancet 30G Terumo V2,BOX@200,1,62294.44,62294.44
08/07/2026,Siloam Makassar,PT Medika Nusantara,MED000185,Blood Lancet 30G Terumo V2,BOX@200,1,61141.87,61141.87
08/07/2026,Siloam Makassar,PT Farmasi Sejahtera,OBT000348,NaCl 0.9% 500ml Sanbe,BTL,30,9244.77,277343.13
08/07/2026,Siloam Bali,PT Farmasi Sejahtera,OBT000348,NaCl 0.9% 500ml Sanbe,BTL,34,9630.98,327453.48
08/07/2026,Siloam Makassar,PT Alkes Prima,MED000454,SPUIT 1CC B. BRAUN,BOX@100,51,133270.56,6796798.75
08/07/2026,Siloam Bali,PT Alkes Prima,MED000454,SPUIT 1CC B. BRAUN,BOX@100,33,133606.33,4409008.94
08/07/2026,Siloam Kebon Jeruk,PT Sarana Steril,MED000660,SUCTION CATHETER 10FR TERUMO,PCS,18,3202.05,57636.82
08/07/2026,Siloam Makassar,PT Sarana Steril,MED000660,SUCTION CATHETER 10FR TERUMO,PCS,15,3322.85,49842.81
09/07/2026,Siloam Bali,PT ALKES PRIMA,MED000475,Urine Bag 1000ml OneMed,PCS,1,8094.19,8094.19
09/07/2026,Siloam Surabaya,PT SARANA STERIL,MED000635,Sarung Tangan Nitrile M BD,Box isi 100,1,101992.89,101992.89
10/07/2026,Siloam Lippo Village,PT Alkes Prima,MED000459,SARUNG TANGAN NITRILE S GEA,BOX@100,27,65335.36,1764054.8
10/07/2026,Siloam Bali,PT Alkes Prima,MED000459,SARUNG TANGAN NITRILE S GEA,BOX@100,32,63442.03,2030144.87
10/07/2026,Siloam Makassar,PT Sarana Steril,MED000640,Infusion Set Dewasa B. Braun,pcs,18,9822.38,176802.9
10/07/2026,Siloam Surabaya,PT Sarana Steril,MED000640,Infusion Set Dewasa B. Braun,pcs,27,9950.8,268671.48
10/07/2026,Siloam Bali,PT GLOBAL INFUS,MED000717,IV Catheter 22G GEA,BOX@50,5,417925.38,2089626.91
10/07/2026,Siloam Lippo Village,PT Global Infus,MED000717,IV Catheter 22G GEA,BOX@50,4,419180.55,1676722.21
10/07/2026,Siloam Kebon Jeruk,PT GLOBAL INFUS,MED000725,Sarung Tangan Nitrile M GEA,Box isi 100,75,97082.7,7281202.41
10/07/2026,Siloam Makassar,PT Global Infus,MED000725,Sarung Tangan Nitrile M GEA,Box isi 100,76,98463.33,7483213.12
11/07/2026,Siloam Lippo Village,PT Medika Nusantara,MED000143,IV Catheter 18G OneMed V2,Box isi 50,1,273400.57,273400.57
11/07/2026,Siloam Kebon Jeruk,PT Medika Nusantara,MED000143,IV Catheter 18G OneMed V2,Box isi 50,1,274190.93,274190.93
11/07/2026,Siloam Surabaya,PT Medika Nusantara,MED000147,SPUIT 1CC ONEMED V2,BOX@100,6,168010.66,1008063.96
11/07/2026,Siloam Lippo Village,PT Farmasi Sejahtera,OBT000353,Paracetamol 500mg Tab Sanbe V2,STRIP 10 TAB,1,4595.0,4595.0
11/07/2026,Siloam Makassar,PT Farmasi Sejahtera,OBT000382,Metformin 500mg Tab Hexpharm V3,STRIP 10 TAB,6,2735.94,16415.63
11/07/2026,Siloam Lippo Village,PT GLOBAL INFUS,MED000737,Foley Catheter 16Fr Terumo,PCS,22,19834.87,436367.04
12/07/2026,Siloam Surabaya,PT Medika Nusantara,MED000199,Kasa Steril 10x10 GEA V3,PAK 10,1,47290.22,47290.22
12/07/2026,Siloam Bali,PT Medika Nusantara,MED000199,Kasa Steril 10x10 GEA V3,PAK 10,1,48023.01,48023.01
12/07/2026,Siloam Bali,PT Medika Nusantara,MED000218,Three Way Stopcock Extension 10cm BD V3,PCS,13,5613.23,72972.04
12/07/2026,Siloam Kebon Jeruk,PT MEDIKA NUSANTARA,MED000218,Three Way Stopcock Extension 10cm BD V3,PCS,11,5729.76,63027.37
12/07/2026,Siloam Kebon Jeruk,PT Sarana Steril,MED000654,Needle Hypodermic 23G GEA,BOX@100,1,54934.96,54934.96
12/07/2026,Siloam Surabaya,PT Sarana Steril,MED000654,Needle Hypodermic 23G GEA,BOX@100,1,55350.66,55350.66
13/07/2026,Siloam Makassar,PT Medika Nusantara,MED000128,Needle Hypodermic 21G GEA,BOX@100,11,65975.39,725729.3
13/07/2026,Siloam Lippo Village,PT Medika Nusantara,MED000128,Needle Hypodermic 21G GEA,BOX@100,12,65066.46,780797.49
13/07/2026,Siloam Kebon Jeruk,PT MEDIKA NUSANTARA,MED000133,Underpad 60x60 BD,PACK/10,41,33559.84,1375953.29
13/07/2026,Siloam Surabaya,PT Medika Nusantara,MED000133,Underpad 60x60 BD,PACK/10,57,33309.55,1898644.16
13/07/2026,Siloam Lippo Village,PT Medika Nusantara,MED000134,Underpad 60x90 Medisafe,PACK/10,24,43004.93,1032118.3
13/07/2026,Siloam Bali,PT Sarana Steril,MED000644,Masker Bedah 3 Ply Biru Medisafe,BOX@50,1,27990.34,27990.34
14/07/2026,Siloam Kebon Jeruk,PT MEDIKA NUSANTARA,MED000129,Needle Hypodermic 23G B. Braun,BOX@100,11,59487.34,654360.73
14/07/2026,Siloam Lippo Village,PT MEDIKA NUSANTARA,MED000129,Needle Hypodermic 23G B. Braun,BOX@100,9,59775.66,537980.98
14/07/2026,Siloam Lippo Village,PT Medika Nusantara,MED000165,Foley Catheter 16Fr B. Braun V2,BOX@10,7,241260.7,1688824.9
14/07/2026,Siloam Kebon Jeruk,PT Medika Nusantara,MED000165,Foley Catheter 16Fr B. Braun V2,BOX@10,8,228845.78,1830766.23
15/07/2026,Siloam Kebon Jeruk,PT Medika Nusantara,MED000155,KASA STERIL 5X5 BD V2,PACK/10,7,54752.36,383266.51
15/07/2026,Siloam Surabaya,PT MEDIKA NUSANTARA,MED000233,SPUIT 1CC B. BRAUN V4,BOX@100,2,151081.48,302162.97
15/07/2026,Siloam Kebon Jeruk,PT MEDIKA NUSANTARA,MED000233,SPUIT 1CC B. BRAUN V4,BOX@100,1,151454.04,151454.04
15/07/2026,Siloam Lippo Village,PT Medika Nusantara,MED000255,Plester Roll 1 inch OneMed V4,ROLL,37,13202.97,488509.75
15/07/2026,Siloam Surabaya,PT Bio Diagnostik,MED000558,Blood Tube EDTA 3ml Biosystems V2,BOX@100,4,206304.6,825218.4
15/07/2026,Siloam Makassar,PT BIO DIAGNOSTIK,MED000558,Blood Tube EDTA 3ml Biosystems V2,BOX@100,2,197280.13,394560.26
16/07/2026,Siloam Bali,PT MEDIKA NUSANTARA,MED000211,Urine Bag 1000ml BD V3,PCS,2,5190.2,10380.4
16/07/2026,Siloam Surabaya,PT Medika Nusantara,MED000211,Urine Bag 1000ml BD V3,PCS,2,5036.17,10072.35
16/07/2026,Siloam Lippo Village,PT Medika Nusantara,MED000275,IV Catheter 24G BD V5,Box isi 50,6,494670.38,2968022.28
16/07/2026,Siloam Surabaya,PT Medika Nusantara,MED000275,IV Catheter 24G BD V5,Box isi 50,4,509904.51,2039618.04
16/07/2026,Siloam Lippo Village,PT Alkes Prima,MED000465,Infusion Set Dewasa OneMed,PCS,3,8088.45,24265.36
16/07/2026,Siloam Bali,PT Alkes Prima,MED000465,Infusion Set Dewasa OneMed,PCS,2,8343.65,16687.3
16/07/2026,Siloam Makassar,PT SARANA STERIL,MED000641,Infusion Set Anak GEA,pcs,1,11266.42,11266.42
16/07/2026,Siloam Bali,PT SARANA STERIL,MED000641,Infusion Set Anak GEA,pcs,1,11511.47,11511.47
17/07/2026,Siloam Bali,PT MEDIKA NUSANTARA,MED000103,IV CATHETER 24G TERUMO,BOX@50,10,10042.08,100420.83
17/07/2026,Siloam Bali,PT MEDIKA NUSANTARA,MED000160,INFUSION SET MIKRO GEA V2,pcs,19,11205.13,212897.39
17/07/2026,Siloam Bali,PT Medika Nusantara,MED000201,Infusion Set Dewasa Terumo V3,PCS,7,8381.75,58672.23
17/07/2026,Siloam Surabaya,PT MEDIKA NUSANTARA,MED000201,Infusion Set Dewasa Terumo V3,PCS,10,8304.72,83047.17
17/07/2026,Siloam Kebon Jeruk,PT Medika Nusantara,MED000221,Suction Catheter 10Fr B. Braun V3,PCS,5,4376.87,21884.36
17/07/2026,Siloam Makassar,PT MEDIKA NUSANTARA,MED000262,Underpad 60x60 GEA V4,PACK/10,8,31594.67,252757.39
17/07/2026,Siloam Lippo Village,PT Medika Nusantara,MED000262,Underpad 60x60 GEA V4,PACK/10,7,31833.19,222832.33
17/07/2026,Siloam Bali,PT Alkes Prima,MED000483,Underpad 60x60 Medisafe,PACK/10,15,55402.5,831037.52
17/07/2026,Siloam Kebon Jeruk,PT Bio Diagnostik,MED000547,HbA1c Test Cartridge Roche,BOX 10 TEST,29,957204.25,27758923.32
17/07/2026,Siloam Surabaya,PT Bio Diagnostik,MED000572,Urinalysis Strip 10 Param Diasys V4,BOTTLE 100 TEST,10,328073.33,3280733.33
17/07/2026,Siloam Surabaya,PT SARANA STERIL,MED000663,ALCOHOL SWAB STANDARD GEA,BOX@100,1,29442.83,29442.83
17/07/2026,Siloam Surabaya,PT Sarana Steril,MED000664,ECG ELECTRODE ADULT BD,PACK/50,1,82713.92,82713.92
17/07/2026,Siloam Lippo Village,PT SARANA STERIL,MED000664,ECG ELECTRODE ADULT BD,PACK/50,1,85618.48,85618.48
18/07/2026,Siloam Lippo Village,PT Medika Nusantara,MED000152,Sarung Tangan Nitrile S Medisafe V2,Box isi 100,14,80959.96,1133439.45
19/07/2026,Siloam Surabaya,PT Medika Nusantara,MED000225,ECG Electrode Adult GEA V3,PACK/50,11,103785.97,1141645.62
19/07/2026,Siloam Lippo Village,PT Medika Nusantara,MED000225,ECG Electrode Adult GEA V3,PACK/50,20,101258.8,2025176.08
19/07/2026,Siloam Makassar,PT Farmasi Sejahtera,OBT000391,Omeprazole 40mg Inj Kalbe V4,VIAL,5,35142.18,175710.88
19/07/2026,Siloam Surabaya,PT Sarana Steril,MED000651,Plester Roll 1 inch BD,ROLL,54,13727.97,741310.43
19/07/2026,Siloam Kebon Jeruk,PT Sarana Steril,MED000651,Plester Roll 1 inch BD,ROLL,33,14390.42,474884.0
19/07/2026,Siloam Makassar,PT Global Infus,MED000728,Kasa Steril 10x10 GEA,PAK 10,19,45656.02,867464.35
19/07/2026,Siloam Bali,PT GLOBAL INFUS,MED000736,Foley Catheter 14Fr Terumo,BOX@10,3,171442.9,514328.7
20/07/2026,Siloam Makassar,PT Medika Nusantara,MED000157,KASA STERIL 16X16 TERUMO V2,PACK/10,7,53652.52,375567.62
20/07/2026,Siloam Surabaya,PT MEDIKA NUSANTARA,MED000157,KASA STERIL 16X16 TERUMO V2,PACK/10,3,54684.38,164053.13
20/07/2026,Siloam Makassar,PT Medika Nusantara,MED000250,FOLEY CATHETER 14FR BD V4,PCS,57,9868.13,562483.35
20/07/2026,Siloam Bali,PT Medika Nusantara,MED000250,FOLEY CATHETER 14FR BD V4,PCS,21,10270.06,215671.33
20/07/2026,Siloam Lippo Village,PT Alkes Prima,MED000453,IV Catheter 24G OneMed,BX 50 PCS,29,8361.99,242497.73
20/07/2026,Siloam Surabaya,PT Alkes Prima,MED000470,Foley Catheter 12Fr GEA,BOX@10,8,135129.12,1081032.94
20/07/2026,Siloam Kebon Jeruk,PT ALKES PRIMA,MED000470,Foley Catheter 12Fr GEA,BOX@10,10,140256.16,1402561.64
20/07/2026,Siloam Makassar,PT Sarana Steril,MED000639,Kasa Steril 16x16 GEA,PACK/10,1,54431.25,54431.25
20/07/2026,Siloam Surabaya,PT Sarana Steril,MED000639,Kasa Steril 16x16 GEA,PACK/10,1,54887.95,54887.95
21/07/2026,Siloam Surabaya,PT MEDIKA NUSANTARA,MED000171,Needle Hypodermic 21G BD V2,BOX@100,12,53286.96,639443.53
21/07/2026,Siloam Makassar,PT Medika Nusantara,MED000182,ECG ELECTRODE ADULT TERUMO V2,PACK/50,2,65565.4,131130.8
21/07/2026,Siloam Bali,PT MEDIKA NUSANTARA,MED000182,ECG ELECTRODE ADULT TERUMO V2,PACK/50,1,66116.92,66116.92
21/07/2026,Siloam Bali,PT Farmasi Sejahtera,OBT000392,Omeprazole 20mg Cap Hexpharm V4,VIAL,1,22122.82,22122.82
21/07/2026,Siloam Surabaya,PT FARMASI SEJAHTERA,OBT000392,Omeprazole 20mg Cap Hexpharm V4,VIAL,2,21359.54,42719.09
21/07/2026,Siloam Bali,PT Alkes Prima,MED000452,IV Catheter 22G GEA,BX 50 PCS,18,501255.98,9022607.72
21/07/2026,Siloam Surabaya,PT Alkes Prima,MED000452,IV Catheter 22G GEA,BX 50 PCS,18,505650.35,9101706.22
21/07/2026,Siloam Lippo Village,PT Bio Diagnostik,MED000562,GLUCOSE REAGENT 2X100ML SYSMEX V3,KIT,3,326852.17,980556.51
22/07/2026,Siloam Bali,PT Medika Nusantara,MED000115,Infusion Set Dewasa B. Braun,PCS,13,9894.21,128624.69
22/07/2026,Siloam Kebon Jeruk,PT Medika Nusantara,MED000115,Infusion Set Dewasa B. Braun,PCS,16,9844.83,157517.3
22/07/2026,Siloam Surabaya,PT Medika Nusantara,MED000248,Masker Bedah 3 Ply Biru GEA V4,BOX@50,64,38588.06,2469636.01
22/07/2026,Siloam Makassar,PT Farmasi Sejahtera,OBT000354,Paracetamol 1g/100ml Inf Sanbe V2,STRIP 10 TAB,29,3143.99,91175.77
22/07/2026,Siloam Surabaya,PT Farmasi Sejahtera,OBT000354,Paracetamol 1g/100ml Inf Sanbe V2,STRIP 10 TAB,25,3067.47,76686.74
22/07/2026,Siloam Bali,PT Alkes Prima,MED000473,FOLEY CATHETER 18FR ONEMED,BOX@10,3,167462.14,502386.43
22/07/2026,Siloam Lippo Village,PT Alkes Prima,MED000473,FOLEY CATHETER 18FR ONEMED,BOX@10,3,165113.62,495340.85
23/07/2026,Siloam Lippo Village,PT Medika Nusantara,MED000261,Three Way Stopcock Extension 10cm Medisafe V4,PCS,5,5044.33,25221.63
23/07/2026,Siloam Kebon Jeruk,PT Medika Nusantara,MED000261,Three Way Stopcock Extension 10cm Medisafe V4,PCS,3,4932.21,14796.62
23/07/2026,Siloam Surabaya,PT Farmasi Sejahtera,OBT000361,AMLODIPINE 10MG TAB DEXA V2,STRIP 10 TAB,5,6782.63,33913.17
23/07/2026,Siloam Bali,PT Alkes Prima,MED000481,Three Way Stopcock Standard BD,PCS,15,2733.43,41001.42
23/07/2026,Siloam Makassar,PT Sarana Steril,MED000658,Underpad 60x60 GEA,PACK/10,4,49982.64,199930.56
23/07/2026,Siloam Kebon Jeruk,PT Sarana Steril,MED000658,Underpad 60x60 GEA,PACK/10,6,49730.97,298385.83
23/07/2026,Siloam Bali,PT Global Infus,MED000723,Spuit 20cc Medisafe,1 BOX = 100 PCS,1,99988.4,99988.4
23/07/2026,Siloam Lippo Village,PT GLOBAL INFUS,MED000723,Spuit 20cc Medisafe,1 BOX = 100 PCS,1,100643.7,100643.7
23/07/2026,Siloam Makassar,PT Global Infus,MED000739,Urine Bag 2000ml GEA,PCS,145,7006.09,1015882.4
23/07/2026,Siloam Surabaya,PT Global Infus,MED000739,Urine Bag 2000ml GEA,PCS,146,7205.36,1051983.15
24/07/2026,Siloam Kebon Jeruk,PT Medika Nusantara,MED000106,Spuit 5cc OneMed,1 BOX = 100 PCS,1,128593.86,128593.86
24/07/2026,Siloam Bali,PT MEDIKA NUSANTARA,MED000276,Spuit 1cc OneMed V5,BOX@100,80,165431.66,13234532.81
24/07/2026,Siloam Bali,PT Bio Diagnostik,MED000549,CRP LATEX 100 TEST ROCHE,KIT,2,739697.39,1479394.79
24/07/2026,Siloam Surabaya,PT Bio Diagnostik,MED000551,Blood Tube EDTA 2ml Biosystems,BOX@100,14,104120.74,1457690.34
24/07/2026,Siloam Kebon Jeruk,PT Bio Diagnostik,MED000551,Blood Tube EDTA 2ml Biosystems,BOX@100,13,108511.06,1410643.83
24/07/2026,Siloam Surabaya,PT Bio Diagnostik,MED000554,GLUCOSE REAGENT 2X100ML BIOSYSTEMS V2,KIT,15,471970.2,7079553.05
24/07/2026,Siloam Lippo Village,PT Bio Diagnostik,MED000554,GLUCOSE REAGENT 2X100ML BIOSYSTEMS V2,KIT,12,472860.59,5674327.05
24/07/2026,Siloam Makassar,PT Bio Diagnostik,MED000566,BLOOD TUBE EDTA 3ML ROCHE V3,BOX@100,2,196753.08,393506.16
24/07/2026,Siloam Kebon Jeruk,PT Bio Diagnostik,MED000566,BLOOD TUBE EDTA 3ML ROCHE V3,BOX@100,4,203515.37,814061.46
24/07/2026,Siloam Surabaya,PT GLOBAL INFUS,MED000738,FOLEY CATHETER 18FR BD,BOX@10,11,137660.95,1514270.5
24/07/2026,Siloam Bali,PT Global Infus,MED000738,FOLEY CATHETER 18FR BD,BOX@10,14,137684.26,1927579.68
25/07/2026,Siloam Kebon Jeruk,PT Medika Nusantara,MED000149,SPUIT 5CC GEA V2,1 BOX = 100 PCS,7,104645.43,732518.0
25/07/2026,Siloam Surabaya,PT Medika Nusantara,MED000149,SPUIT 5CC GEA V2,1 BOX = 100 PCS,9,101271.98,911447.86
25/07/2026,Siloam Bali,PT Farmasi Sejahtera,OBT000345,Furosemide 20mg/2ml Amp Kalbe,BOX 5 AMP,4,16309.17,65236.68
25/07/2026,Siloam Surabaya,PT Bio Diagnostik,MED000545,Glucose Reagent 4x50ml Roche,KIT,1,648724.57,648724.57
25/07/2026,Siloam Lippo Village,PT Global Infus,MED000734,MASKER BEDAH 3 PLY BIRU B. BRAUN,BOX@50,7,29959.88,209719.16
26/07/2026,Siloam Makassar,PT Medika Nusantara,MED000122,Foley Catheter 16Fr GEA,BOX@10,4,191184.66,764738.63
27/07/2026,Siloam Surabaya,PT FARMASI SEJAHTERA,OBT000399,Meropenem 1g Inj Kalbe V4,VIAL,8,104576.87,836614.98
27/07/2026,Siloam Bali,PT Farmasi Sejahtera,OBT000399,Meropenem 1g Inj Kalbe V4,VIAL,10,100690.55,1006905.52
27/07/2026,Siloam Kebon Jeruk,PT Alkes Prima,MED000455,Spuit 3cc Medisafe,BOX@200,3,166380.01,499140.04
27/07/2026,Siloam Lippo Village,PT ALKES PRIMA,MED000455,Spuit 3cc Medisafe,BOX@200,3,162086.03,486258.09
27/07/2026,Siloam Makassar,PT Alkes Prima,MED000461,Sarung Tangan Nitrile L Medisafe,Box isi 100,16,74139.73,1186235.71
27/07/2026,Siloam Surabaya,PT Alkes Prima,MED000461,Sarung Tangan Nitrile L Medisafe,Box isi 100,6,75427.31,452563.89
27/07/2026,Siloam Kebon Jeruk,PT Sarana Steril,MED000634,SARUNG TANGAN NITRILE S TERUMO,Box isi 100,7,94016.93,658118.48
27/07/2026,Siloam Surabaya,PT Sarana Steril,MED000662,Suction Catheter 14Fr BD,PCS,11,3150.8,34658.78
28/07/2026,Siloam Lippo Village,PT Medika Nusantara,MED000101,IV Catheter 20G BD,Box isi 50,1,298156.28,298156.28
28/07/2026,Siloam Bali,PT Medika Nusantara,MED000130,Needle Hypodermic 25G Medisafe,BOX@100,1,68644.42,68644.42
28/07/2026,Siloam Makassar,PT Medika Nusantara,MED000130,Needle Hypodermic 25G Medisafe,BOX@100,1,68590.6,68590.6
28/07/2026,Siloam Lippo Village,PT Medika Nusantara,MED000163,Foley Catheter 12Fr B. Braun V2,PCS,2,14795.11,29590.22
28/07/2026,Siloam Lippo Village,PT FARMASI SEJAHTERA,OBT000373,Paracetamol 500mg Tab Dexa V3,STRIP 10 TAB,19,3618.38,68749.23
28/07/2026,Siloam Makassar,PT Farmasi Sejahtera,OBT000373,Paracetamol 500mg Tab Dexa V3,STRIP 10 TAB,20,3696.2,73923.92
28/07/2026,Siloam Bali,PT Farmasi Sejahtera,OBT000376,ONDANSETRON 8MG/4ML AMP HEXPHARM V3,AMP,3,17248.77,51746.31
28/07/2026,Siloam Lippo Village,PT Global Infus,MED000719,Spuit 1cc Terumo,1 BOX = 100 PCS,2,133599.14,267198.28
28/07/2026,Siloam Makassar,PT Global Infus,MED000719,Spuit 1cc Terumo,1 BOX = 100 PCS,3,135062.71,405188.13
29/07/2026,Siloam Bali,PT Medika Nusantara,MED000172,Needle Hypodermic 23G B. Braun V2,BOX@100,6,43912.15,263472.89
29/07/2026,Siloam Surabaya,PT Medika Nusantara,MED000246,Infusion Set Mikro Medisafe V4,pcs,2,8203.91,16407.81
29/07/2026,Siloam Makassar,PT MEDIKA NUSANTARA,MED000277,Spuit 3cc OneMed V5,1 BOX = 100 PCS,3,103207.23,309621.69
29/07/2026,Siloam Surabaya,PT MEDIKA NUSANTARA,MED000277,Spuit 3cc OneMed V5,1 BOX = 100 PCS,2,104406.89,208813.79
29/07/2026,Siloam Bali,PT Farmasi Sejahtera,OBT000342,Metformin 500mg Tab Hexpharm,STRIP 10 TAB,6,3841.34,23048.05
29/07/2026,Siloam Bali,PT Farmasi Sejahtera,OBT000346,Furosemide 40mg Tab Hexpharm,BOX 5 AMP,4,18855.13,75420.52
29/07/2026,Siloam Bali,PT Farmasi Sejahtera,OBT000385,Furosemide 20mg/2ml Amp Hexpharm V3,BOX 5 AMP,3,9945.91,29837.73
29/07/2026,Siloam Kebon Jeruk,PT Farmasi Sejahtera,OBT000385,Furosemide 20mg/2ml Amp Hexpharm V3,BOX 5 AMP,2,10242.01,20484.03
29/07/2026,Siloam Lippo Village,PT Sarana Steril,MED000631,Spuit 5cc GEA,1 BOX = 100 PCS,11,167877.51,1846652.56
29/07/2026,Siloam Surabaya,PT Sarana Steril,MED000631,Spuit 5cc GEA,1 BOX = 100 PCS,8,165141.03,1321128.27
29/07/2026,Siloam Kebon Jeruk,PT GLOBAL INFUS,MED000718,IV Catheter 24G Medisafe,BOX@50,11,7842.89,86271.8
29/07/2026,Siloam Surabaya,PT GLOBAL INFUS,MED000718,IV Catheter 24G Medisafe,BOX@50,8,7877.52,63020.16
30/07/2026,Siloam Makassar,PT MEDIKA NUSANTARA,MED000117,Infusion Set Mikro B. Braun,pcs,3,6672.5,20017.49
30/07/2026,Siloam Lippo Village,PT Medika Nusantara,MED000117,Infusion Set Mikro B. Braun,pcs,4,6980.84,27923.38
30/07/2026,Siloam Surabaya,PT Medika Nusantara,MED000181,Alcohol Swab Standard Medisafe V2,BOX@100,5,20532.8,102664.02
30/07/2026,Siloam Kebon Jeruk,PT Medika Nusantara,MED000181,Alcohol Swab Standard Medisafe V2,BOX@100,7,20374.19,142619.36
30/07/2026,Siloam Makassar,PT Medika Nusantara,MED000222,Suction Catheter 12Fr B. Braun V3,PCS,9,2844.32,25598.89
30/07/2026,Siloam Lippo Village,PT Medika Nusantara,MED000222,Suction Catheter 12Fr B. Braun V3,PCS,11,2927.83,32206.15
30/07/2026,Siloam Lippo Village,PT Alkes Prima,MED000457,Spuit 10cc B. Braun,1 BOX = 100 PCS,9,158311.89,1424807.05
30/07/2026,Siloam Surabaya,PT Alkes Prima,MED000457,Spuit 10cc B. Braun,1 BOX = 100 PCS,19,158004.02,3002076.35
30/07/2026,Siloam Lippo Village,PT Bio Diagnostik,MED000564,URINALYSIS STRIP 10 PARAM BIOSYSTEMS V3,BOTTLE 100 TEST,3,298048.11,894144.34
30/07/2026,Siloam Kebon Jeruk,PT Global Infus,MED000732,INFUSION SET MIKRO TERUMO,pcs,30,8503.01,255090.41
31/07/2026,Siloam Makassar,PT Medika Nusantara,MED000212,PLESTER ROLL 1 INCH ONEMED V3,ROLL,9,11087.03,99783.23
31/07/2026,Siloam Lippo Village,PT Medika Nusantara,MED000212,PLESTER ROLL 1 INCH ONEMED V3,ROLL,9,10755.02,96795.22
31/07/2026,Siloam Bali,PT MEDIKA NUSANTARA,MED000215,Needle Hypodermic 23G B. Braun V3,BOX@100,5,81404.56,407022.79
31/07/2026,Siloam Makassar,PT Medika Nusantara,MED000215,Needle Hypodermic 23G B. Braun V3,BOX@100,2,79690.39,159380.78
31/07/2026,Siloam Makassar,PT Medika Nusantara,MED000238,SARUNG TANGAN NITRILE S BD V4,Box isi 100,9,73351.99,660167.88
31/07/2026,Siloam Makassar,PT Alkes Prima,MED000450,IV CATHETER 18G ONEMED,BOX@50,7,558331.33,3908319.33
01/08/2026,Siloam Lippo Village,PT Medika Nusantara,MED000138,Alcohol Swab Standard Medisafe,BOX@100,4,27470.27,109881.06
01/08/2026,Siloam Makassar,PT Medika Nusantara,MED000138,Alcohol Swab Standard Medisafe,BOX@100,2,27962.47,55924.94
01/08/2026,Siloam Makassar,PT Medika Nusantara,MED000226,ECG Electrode Pediatric B. Braun V3,PACK/50,1,74064.04,74064.04
01/08/2026,Siloam Surabaya,PT Medika Nusantara,MED000226,ECG Electrode Pediatric B. Braun V3,PACK/50,1,76411.36,76411.36
01/08/2026,Siloam Makassar,PT FARMASI SEJAHTERA,OBT000351,Omeprazole 40mg Inj Hexpharm V2,VIAL,14,23736.94,332317.16
01/08/2026,Siloam Surabaya,PT Sarana Steril,MED000657,Three Way Stopcock Extension 10cm Terumo,BOX@50,14,242084.37,3389181.16
01/08/2026,Siloam Lippo Village,PT Global Infus,MED000722,Spuit 10cc Medisafe,1 BOX = 100 PCS,18,100239.9,1804318.18
06/08/2026,Siloam Bali,PT Medika Nusantara,MED000120,Foley Catheter 12Fr B. Braun,PCS,5,22751.22,113756.12
06/08/2026,Siloam Kebon Jeruk,PT Medika Nusantara,MED000120,Foley Catheter 12Fr B. Braun,PCS,7,22535.22,157746.56
06/08/2026,Siloam Kebon Jeruk,PT Farmasi Sejahtera,OBT000345,Furosemide 20mg/2ml Amp Kalbe,BOX 5 AMP,11,16211.0,178321.02
06/08/2026,Siloam Surabaya,PT Farmasi Sejahtera,OBT000358,Ketorolac 30mg/ml Amp Hexpharm V2,BOX 10 AMP,15,99652.82,1494792.26
07/08/2026,Siloam Lippo Village,PT FARMASI SEJAHTERA,OBT000396,ONDANSETRON 8MG/4ML AMP HEXPHARM V4,AMP,1,10093.38,10093.38
07/08/2026,Siloam Makassar,PT Farmasi Sejahtera,OBT000396,ONDANSETRON 8MG/4ML AMP HEXPHARM V4,AMP,1,10029.41,10029.41
08/08/2026,Siloam Surabaya,PT Medika Nusantara,MED000190,SPUIT 1CC TERUMO V3,BOX@100,2,120650.5,241301.0
08/08/2026,Siloam Kebon Jeruk,PT MEDIKA NUSANTARA,MED000190,SPUIT 1CC TERUMO V3,BOX@100,1,116810.28,116810.28
09/08/2026,Siloam Lippo Village,PT Medika Nusantara,MED000215,Needle Hypodermic 23G B. Braun V3,BOX@100,5,79072.99,395364.95
09/08/2026,Siloam Surabaya,PT Medika Nusantara,MED000215,Needle Hypodermic 23G B. Braun V3,BOX@100,5,80339.25,401696.24
09/08/2026,Siloam Bali,PT Medika Nusantara,MED000258,NEEDLE HYPODERMIC 23G B. BRAUN V4,BOX@100,5,64261.92,321309.6
09/08/2026,Siloam Makassar,PT Farmasi Sejahtera,OBT000367,Ringer Laktat 500ml Kalbe V2,CTN 20 BTL,6,203982.8,1223896.77
09/08/2026,Siloam Makassar,PT Alkes Prima,MED000492,Blood Lancet 30G Medisafe,BOX@200,83,49000.48,4067039.68
10/08/2026,Siloam Kebon Jeruk,PT MEDIKA NUSANTARA,MED000170,PLESTER ROLL 2 INCH B. BRAUN V2,BOX@12,2,142463.88,284927.77
10/08/2026,Siloam Bali,PT Medika Nusantara,MED000170,PLESTER ROLL 2 INCH B. BRAUN V2,BOX@12,2,146708.99,293417.99
10/08/2026,Siloam Makassar,PT Medika Nusantara,MED000253,Urine Bag 2000ml B. Braun V4,PCS,21,6804.35,142891.26
10/08/2026,Siloam Bali,PT MEDIKA NUSANTARA,MED000255,Plester Roll 1 inch OneMed V4,ROLL,40,12583.71,503348.34
10/08/2026,Siloam Kebon Jeruk,PT MEDIKA NUSANTARA,MED000255,Plester Roll 1 inch OneMed V4,ROLL,20,13142.2,262843.94
10/08/2026,Siloam Bali,PT Medika Nusantara,MED000266,Suction Catheter 14Fr GEA V4,PCS,1,5055.71,5055.71
10/08/2026,Siloam Kebon Jeruk,PT MEDIKA NUSANTARA,MED000266,Suction Catheter 14Fr GEA V4,PCS,1,5070.38,5070.38
10/08/2026,Siloam Kebon Jeruk,PT FARMASI SEJAHTERA,OBT000372,Omeprazole 20mg Cap Hexpharm V3,VIAL,19,16357.19,310786.57
10/08/2026,Siloam Surabaya,PT Farmasi Sejahtera,OBT000372,Omeprazole 20mg Cap Hexpharm V3,VIAL,25,17175.43,429385.78
10/08/2026,Siloam Kebon Jeruk,PT Global Infus,MED000729,KASA STERIL 16X16 ONEMED,PACK/10,6,48860.49,293162.93
10/08/2026,Siloam Surabaya,PT Global Infus,MED000729,KASA STERIL 16X16 ONEMED,PACK/10,12,49588.16,595057.96
11/08/2026,Siloam Kebon Jeruk,PT Alkes Prima,MED000453,IV Catheter 24G OneMed,BX 50 PCS,10,8257.14,82571.42
12/08/2026,Siloam Surabaya,PT Medika Nusantara,MED000121,Foley Catheter 14Fr Medisafe,PCS,6,11026.26,66157.56
12/08/2026,Siloam Lippo Village,PT Medika Nusantara,MED000200,Kasa Steril 16x16 Terumo V3,PAK 10,45,45202.68,2034120.59
12/08/2026,Siloam Lippo Village,PT Medika Nusantara,MED000254,URINE BAG 1000ML TERUMO V4,PCS,34,4556.91,154934.86
12/08/2026,Siloam Bali,PT FARMASI SEJAHTERA,OBT000347,Ringer Laktat 500ml Novell,BTL,4,9189.34,36757.36
12/08/2026,Siloam Lippo Village,PT FARMASI SEJAHTERA,OBT000366,Furosemide 40mg Tab Kalbe V2,STRIP 10 TAB,3,22973.64,68920.92
12/08/2026,Siloam Bali,PT Alkes Prima,MED000480,NEEDLE HYPODERMIC 25G TERUMO,BOX@100,1,47915.31,47915.31
12/08/2026,Siloam Kebon Jeruk,PT Alkes Prima,MED000480,NEEDLE HYPODERMIC 25G TERUMO,BOX@100,1,46586.42,46586.42
13/08/2026,Siloam Surabaya,PT Alkes Prima,MED000463,Kasa Steril 10x10 BD,PACK/10,34,71162.21,2419515.15
13/08/2026,Siloam Bali,PT Alkes Prima,MED000463,Kasa Steril 10x10 BD,PACK/10,53,68533.89,3632296.09
13/08/2026,Siloam Surabaya,PT Alkes Prima,MED000476,Plester Roll 1 inch Medisafe,ROLL,1,8156.23,8156.23
13/08/2026,Siloam Makassar,PT Alkes Prima,MED000476,Plester Roll 1 inch Medisafe,ROLL,1,8135.59,8135.59
13/08/2026,Siloam Bali,PT Alkes Prima,MED000478,Needle Hypodermic 21G OneMed,BOX@100,3,52923.72,158771.15
13/08/2026,Siloam Kebon Jeruk,PT Alkes Prima,MED000478,Needle Hypodermic 21G OneMed,BOX@100,2,53076.07,106152.13
13/08/2026,Siloam Lippo Village,PT BIO DIAGNOSTIK,MED000550,Blood Tube EDTA 3ml Biosystems,BOX@200,7,130318.98,912232.84
14/08/2026,Siloam Kebon Jeruk,PT MEDIKA NUSANTARA,MED000176,Underpad 60x60 GEA V2,PACK/10,5,75153.46,375767.28
14/08/2026,Siloam Makassar,PT MEDIKA NUSANTARA,MED000176,Underpad 60x60 GEA V2,PACK/10,6,74977.99,449867.93
14/08/2026,Siloam Surabaya,PT Farmasi Sejahtera,OBT000353,Paracetamol 500mg Tab Sanbe V2,STRIP 10 TAB,1,4472.06,4472.06
14/08/2026,Siloam Makassar,PT Farmasi Sejahtera,OBT000353,Paracetamol 500mg Tab Sanbe V2,STRIP 10 TAB,1,4514.61,4514.61
14/08/2026,Siloam Lippo Village,PT Sarana Steril,MED000660,SUCTION CATHETER 10FR TERUMO,PCS,10,3200.5,32005.03
15/08/2026,Siloam Lippo Village,PT Medika Nusantara,MED000130,Needle Hypodermic 25G Medisafe,BOX@100,1,70713.16,70713.16
15/08/2026,Siloam Makassar,PT Medika Nusantara,MED000191,SPUIT 3CC MEDISAFE V3,BOX@100,79,124262.58,9816743.47
15/08/2026,Siloam Bali,PT Farmasi Sejahtera,OBT000330,Ceftriaxone 1g Inj Dexa,VIAL,1,11142.03,11142.03
15/08/2026,Siloam Surabaya,PT Alkes Prima,MED000477,PLESTER ROLL 2 INCH BD,ROLL,4,14952.12,59808.48
15/08/2026,Siloam Makassar,PT Alkes Prima,MED000477,PLESTER ROLL 2 INCH BD,ROLL,6,15246.49,91478.94
15/08/2026,Siloam Surabaya,PT Global Infus,MED000728,Kasa Steril 10x10 GEA,PAK 10,25,44905.94,1122648.6
15/08/2026,Siloam Lippo Village,PT Global Infus,MED000728,Kasa Steril 10x10 GEA,PAK 10,9,43921.71,395295.36
16/08/2026,Siloam Makassar,PT Medika Nusantara,MED000252,Foley Catheter 18Fr Medisafe V4,PCS,66,15648.62,1032809.01
16/08/2026,Siloam Kebon Jeruk,PT Medika Nusantara,MED000252,Foley Catheter 18Fr Medisafe V4,PCS,62,15735.47,975599.2
16/08/2026,Siloam Makassar,PT Farmasi Sejahtera,OBT000350,Ceftriaxone 1g Inj Hexpharm V2,VIAL,9,10298.16,92683.4
16/08/2026,Siloam Bali,PT Alkes Prima,MED000473,FOLEY CATHETER 18FR ONEMED,BOX@10,4,164174.4,656697.61
16/08/2026,Siloam Surabaya,PT ALKES PRIMA,MED000473,FOLEY CATHETER 18FR ONEMED,BOX@10,1,169688.6,169688.6
16/08/2026,Siloam Bali,PT Global Infus,MED000725,Sarung Tangan Nitrile M GEA,Box isi 100,91,96679.75,8797857.25
17/08/2026,Siloam Bali,PT Medika Nusantara,MED000236,SPUIT 10CC BD V4,BOX@100,26,107524.66,2795641.13
17/08/2026,Siloam Lippo Village,PT Medika Nusantara,MED000259,NEEDLE HYPODERMIC 25G BD V4,BOX@100,3,49289.59,147868.76
17/08/2026,Siloam Kebon Jeruk,PT Medika Nusantara,MED000259,NEEDLE HYPODERMIC 25G BD V4,BOX@100,4,49633.88,198535.51
17/08/2026,Siloam Kebon Jeruk,PT Medika Nusantara,MED000262,Underpad 60x60 GEA V4,PACK/10,9,32059.47,288535.19
17/08/2026,Siloam Bali,PT Medika Nusantara,MED000262,Underpad 60x60 GEA V4,PACK/10,5,31950.17,159750.84
17/08/2026,Siloam Bali,PT Farmasi Sejahtera,OBT000375,ONDANSETRON 4MG/2ML AMP NOVELL V3,AMP,31,15562.11,482425.34
17/08/2026,Siloam Surabaya,PT FARMASI SEJAHTERA,OBT000375,ONDANSETRON 4MG/2ML AMP NOVELL V3,AMP,17,15659.2,266206.32
18/08/2026,Siloam Kebon Jeruk,PT Medika Nusantara,MED000186,IV Catheter 18G BD V3,BOX@50,56,262973.2,14726499.09
18/08/2026,Siloam Surabaya,PT Medika Nusantara,MED000186,IV Catheter 18G BD V3,BOX@50,58,269599.54,15636773.36
18/08/2026,Siloam Bali,PT Medika Nusantara,MED000205,MASKER BEDAH 3 PLY BIRU ONEMED V3,BOX@50,8,26184.4,209475.19
18/08/2026,Siloam Makassar,PT Medika Nusantara,MED000224,ALCOHOL SWAB STANDARD BD V3,BOX@100,1,15119.5,15119.5
19/08/2026,Siloam Makassar,PT Medika Nusantara,MED000124,Urine Bag 2000ml BD,PCS,13,6675.44,86780.66
19/08/2026,Siloam Kebon Jeruk,PT Medika Nusantara,MED000124,Urine Bag 2000ml BD,PCS,9,6661.53,59953.73
19/08/2026,Siloam Makassar,PT Sarana Steril,MED000634,SARUNG TANGAN NITRILE S TERUMO,Box isi 100,5,92469.97,462349.84
19/08/2026,Siloam Bali,PT Sarana Steril,MED000634,SARUNG TANGAN NITRILE S TERUMO,Box isi 100,4,91878.07,367512.27
20/08/2026,Siloam Kebon Jeruk,PT Medika Nusantara,MED000133,Underpad 60x60 BD,PACK/10,24,32717.71,785225.08
20/08/2026,Siloam Surabaya,PT MEDIKA NUSANTARA,MED000133,Underpad 60x60 BD,PACK/10,57,33400.73,1903841.73
20/08/2026,Siloam Surabaya,PT Medika Nusantara,MED000137,Suction Catheter 14Fr B. Braun,PCS,18,3022.88,54411.84
20/08/2026,Siloam Lippo Village,PT Medika Nusantara,MED000137,Suction Catheter 14Fr B. Braun,PCS,19,2961.52,56268.93
20/08/2026,Siloam Lippo Village,PT MEDIKA NUSANTARA,MED000194,Spuit 20cc BD V3,1 BOX = 100 PCS,8,127240.61,1017924.85
20/08/2026,Siloam Makassar,PT Medika Nusantara,MED000194,Spuit 20cc BD V3,1 BOX = 100 PCS,8,128413.89,1027311.08
20/08/2026,Siloam Kebon Jeruk,PT Medika Nusantara,MED000199,Kasa Steril 10x10 GEA V3,PAK 10,1,47890.83,47890.83
20/08/2026,Siloam Lippo Village,PT Medika Nusantara,MED000238,SARUNG TANGAN NITRILE S BD V4,Box isi 100,11,72469.39,797163.29
20/08/2026,Siloam Surabaya,PT Medika Nusantara,MED000263,UNDERPAD 60X90 ONEMED V4,PACK/10,4,46506.28,186025.1
20/08/2026,Siloam Lippo Village,PT MEDIKA NUSANTARA,MED000263,UNDERPAD 60X90 ONEMED V4,PACK/10,3,46944.84,140834.53
20/08/2026,Siloam Surabaya,PT FARMASI SEJAHTERA,OBT000373,Paracetamol 500mg Tab Dexa V3,STRIP 10 TAB,20,3731.68,74633.6
20/08/2026,Siloam Makassar,PT GLOBAL INFUS,MED000730,Infusion Set Dewasa Medisafe,pcs,15,10417.97,156269.54
20/08/2026,Siloam Bali,PT GLOBAL INFUS,MED000730,Infusion Set Dewasa Medisafe,pcs,7,10102.15,70715.02
21/08/2026,Siloam Kebon Jeruk,PT Medika Nusantara,MED000278,Spuit 5cc Terumo V5,BOX@100,8,110202.06,881616.47
21/08/2026,Siloam Makassar,PT Farmasi Sejahtera,OBT000354,Paracetamol 1g/100ml Inf Sanbe V2,STRIP 10 TAB,13,3019.65,39255.5
21/08/2026,Siloam Bali,PT FARMASI SEJAHTERA,OBT000354,Paracetamol 1g/100ml Inf Sanbe V2,STRIP 10 TAB,20,3111.89,62237.89
21/08/2026,Siloam Surabaya,PT Alkes Prima,MED000475,Urine Bag 1000ml OneMed,PCS,1,8282.49,8282.49
22/08/2026,Siloam Makassar,PT Medika Nusantara,MED000184,Blood Lancet 28G Terumo V2,BOX@200,14,64613.16,904584.29
22/08/2026,Siloam Surabaya,PT MEDIKA NUSANTARA,MED000184,Blood Lancet 28G Terumo V2,BOX@200,13,61379.54,797934.03
22/08/2026,Siloam Kebon Jeruk,PT Farmasi Sejahtera,OBT000351,Omeprazole 40mg Inj Hexpharm V2,VIAL,24,24738.94,593734.45
22/08/2026,Siloam Lippo Village,PT Farmasi Sejahtera,OBT000378,Ketorolac 30mg/ml Amp Dexa V3,BOX 10 AMP,3,76551.35,229654.06
22/08/2026,Siloam Makassar,PT FARMASI SEJAHTERA,OBT000378,Ketorolac 30mg/ml Amp Dexa V3,BOX 10 AMP,7,75161.18,526128.25
22/08/2026,Siloam Makassar,PT Bio Diagnostik,MED000552,Blood Tube Serum 5ml Diasys,BOX@100,3,142176.89,426530.66
22/08/2026,Siloam Kebon Jeruk,PT Bio Diagnostik,MED000552,Blood Tube Serum 5ml Diasys,BOX@100,4,145010.76,580043.05
23/08/2026,Siloam Surabaya,PT Medika Nusantara,MED000127,Plester Roll 2 inch B. Braun,ROLL,24,17861.62,428678.78
23/08/2026,Siloam Lippo Village,PT MEDIKA NUSANTARA,MED000159,Infusion Set Anak BD V2,pcs,68,8537.91,580577.83
23/08/2026,Siloam Kebon Jeruk,PT FARMASI SEJAHTERA,OBT000377,Ranitidine 50mg/2ml Amp Dexa V3,BOX 10 AMP,19,80083.87,1521593.47
23/08/2026,Siloam Surabaya,PT Farmasi Sejahtera,OBT000386,FUROSEMIDE 40MG TAB KALBE V3,STRIP 10 TAB,3,22825.63,68476.89
23/08/2026,Siloam Kebon Jeruk,PT FARMASI SEJAHTERA,OBT000386,FUROSEMIDE 40MG TAB KALBE V3,STRIP 10 TAB,5,23624.69,118123.45
23/08/2026,Siloam Surabaya,PT ALKES PRIMA,MED000455,Spuit 3cc Medisafe,BOX@200,4,162850.73,651402.91
23/08/2026,Siloam Lippo Village,PT Alkes Prima,MED000455,Spuit 3cc Medisafe,BOX@200,5,165905.68,829528.39
23/08/2026,Siloam Kebon Jeruk,PT Alkes Prima,MED000479,Needle Hypodermic 23G Medisafe,BOX@100,41,62721.31,2571573.62
23/08/2026,Siloam Lippo Village,PT Bio Diagnostik,MED000546,Glucose Reagent 2x100ml Biosystems,KIT,3,425036.23,1275108.69
23/08/2026,Siloam Surabaya,PT Bio Diagnostik,MED000546,Glucose Reagent 2x100ml Biosystems,KIT,2,417121.06,834242.13
24/08/2026,Siloam Kebon Jeruk,PT Medika Nusantara,MED000150,SPUIT 10CC TERUMO V2,1 BOX = 100 PCS,20,209537.77,4190755.34
24/08/2026,Siloam Bali,PT Medika Nusantara,MED000150,SPUIT 10CC TERUMO V2,1 BOX = 100 PCS,16,205840.9,3293454.4
24/08/2026,Siloam Lippo Village,PT MEDIKA NUSANTARA,MED000152,Sarung Tangan Nitrile S Medisafe V2,Box isi 100,13,83401.92,1084224.93
24/08/2026,Siloam Surabaya,PT Medika Nusantara,MED000248,Masker Bedah 3 Ply Biru GEA V4,BOX@50,50,39309.73,1965486.27
24/08/2026,Siloam Lippo Village,PT Medika Nusantara,MED000248,Masker Bedah 3 Ply Biru GEA V4,BOX@50,61,38972.37,2377314.45
24/08/2026,Siloam Bali,PT Farmasi Sejahtera,OBT000338,Ketorolac 30mg/ml Amp Hexpharm,BOX 10 AMP,68,67058.56,4559982.18
24/08/2026,Siloam Lippo Village,PT ALKES PRIMA,MED000486,Suction Catheter 12Fr OneMed,PCS,2,4601.91,9203.82
25/08/2026,Siloam Makassar,PT Medika Nusantara,MED000221,Suction Catheter 10Fr B. Braun V3,PCS,4,4204.33,16817.32
25/08/2026,Siloam Makassar,PT Medika Nusantara,MED000240,SARUNG TANGAN NITRILE L ONEMED V4,BOX@100,45,59522.48,2678511.68
25/08/2026,Siloam Kebon Jeruk,PT Medika Nusantara,MED000240,SARUNG TANGAN NITRILE L ONEMED V4,BOX@100,24,61190.63,1468575.04
25/08/2026,Siloam Bali,PT Alkes Prima,MED000484,UNDERPAD 60X90 ONEMED,PACK/10,12,60867.56,730410.7
25/08/2026,Siloam Makassar,PT Alkes Prima,MED000484,UNDERPAD 60X90 ONEMED,PACK/10,11,60282.81,663110.9
25/08/2026,Siloam Kebon Jeruk,PT BIO DIAGNOSTIK,MED000572,Urinalysis Strip 10 Param Diasys V4,BOTTLE 100 TEST,17,327222.88,5562788.97
26/08/2026,Siloam Surabaya,PT Medika Nusantara,MED000129,Needle Hypodermic 23G B. Braun,BOX@100,10,59669.71,596697.08
26/08/2026,Siloam Lippo Village,PT MEDIKA NUSANTARA,MED000129,Needle Hypodermic 23G B. Braun,BOX@100,15,58567.97,878519.52
26/08/2026,Siloam Surabaya,PT Farmasi Sejahtera,OBT000337,RANITIDINE 50MG/2ML AMP NOVELL,BOX 10 AMP,10,44141.85,441418.52
26/08/2026,Siloam Lippo Village,PT Farmasi Sejahtera,OBT000389,NaCl 0.9% 100ml Novell V3,BTL,6,10524.49,63146.94
26/08/2026,Siloam Surabaya,PT FARMASI SEJAHTERA,OBT000389,NaCl 0.9% 100ml Novell V3,BTL,10,11041.43,110414.3
26/08/2026,Siloam Lippo Village,PT Alkes Prima,MED000487,SUCTION CATHETER 14FR BD,PCS,5,3594.67,17973.36
26/08/2026,Siloam Bali,PT Bio Diagnostik,MED000547,HbA1c Test Cartridge Roche,BOX 10 TEST,11,960800.21,10568802.28
27/08/2026,Siloam Kebon Jeruk,PT Medika Nusantara,MED000140,ECG Electrode Pediatric Terumo,PACK/50,8,127768.2,1022145.61
27/08/2026,Siloam Lippo Village,PT Medika Nusantara,MED000140,ECG Electrode Pediatric Terumo,PACK/50,12,131197.94,1574375.31
27/08/2026,Siloam Lippo Village,PT Medika Nusantara,MED000196,Sarung Tangan Nitrile M BD V3,BOX@100,1,86946.34,86946.34
27/08/2026,Siloam Makassar,PT Farmasi Sejahtera,OBT000332,Omeprazole 20mg Cap Sanbe,VIAL,11,27463.26,302095.91
27/08/2026,Siloam Kebon Jeruk,PT Farmasi Sejahtera,OBT000332,Omeprazole 20mg Cap Sanbe,VIAL,8,27387.19,219097.53
27/08/2026,Siloam Lippo Village,PT Alkes Prima,MED000489,ECG ELECTRODE ADULT MEDISAFE,PACK/50,2,113773.44,227546.88
28/08/2026,Siloam Surabaya,PT Medika Nusantara,MED000105,Spuit 3cc Medisafe,BOX@200,5,100097.23,500486.13
28/08/2026,Siloam Bali,PT Medika Nusantara,MED000153,SARUNG TANGAN NITRILE M TERUMO V2,Box isi 100,20,115076.79,2301535.82
28/08/2026,Siloam Bali,PT Medika Nusantara,MED000229,IV CATHETER 18G MEDISAFE V4,BX 50 PCS,70,353605.43,24752379.91
28/08/2026,Siloam Lippo Village,PT Sarana Steril,MED000629,Spuit 1cc B. Braun,BOX@100,1,109941.67,109941.67
28/08/2026,Siloam Lippo Village,PT Sarana Steril,MED000658,Underpad 60x60 GEA,PACK/10,7,49006.95,343048.65
28/08/2026,Siloam Makassar,PT SARANA STERIL,MED000658,Underpad 60x60 GEA,PACK/10,5,49700.32,248501.58
29/08/2026,Siloam Surabaya,PT Medika Nusantara,MED000167,URINE BAG 2000ML TERUMO V2,PCS,4,6262.61,25050.45
29/08/2026,Siloam Makassar,PT Medika Nusantara,MED000167,URINE BAG 2000ML TERUMO V2,PCS,3,6000.3,18000.89
29/08/2026,Siloam Bali,PT Farmasi Sejahtera,OBT000342,Metformin 500mg Tab Hexpharm,STRIP 10 TAB,2,3801.12,7602.25
29/08/2026,Siloam Surabaya,PT FARMASI SEJAHTERA,OBT000342,Metformin 500mg Tab Hexpharm,STRIP 10 TAB,6,3700.71,22204.25
29/08/2026,Siloam Kebon Jeruk,PT Farmasi Sejahtera,OBT000376,ONDANSETRON 8MG/4ML AMP HEXPHARM V3,AMP,2,16582.22,33164.44
29/08/2026,Siloam Lippo Village,PT FARMASI SEJAHTERA,OBT000394,Paracetamol 1g/100ml Inf Kalbe V4,BTL,1,473.41,473.41
29/08/2026,Siloam Bali,PT Alkes Prima,MED000472,Foley Catheter 16Fr B. Braun,BOX@10,1,186147.03,186147.03
29/08/2026,Siloam Kebon Jeruk,PT Alkes Prima,MED000493,IV CATHETER 18G GEA V2,Box isi 50,3,319931.86,959795.58
29/08/2026,Siloam Makassar,PT Bio Diagnostik,MED000565,CRP Latex 100 test Roche V3,KIT,11,551785.42,6069639.58
29/08/2026,Siloam Lippo Village,PT Bio Diagnostik,MED000565,CRP Latex 100 test Roche V3,KIT,7,528489.82,3699428.77
30/08/2026,Siloam Lippo Village,PT Medika Nusantara,MED000222,Suction Catheter 12Fr B. Braun V3,PCS,9,2807.38,25266.38
30/08/2026,Siloam Makassar,PT Farmasi Sejahtera,OBT000331,Omeprazole 40mg Inj Sanbe,STRIP 10 CAP,2,257537.0,515073.99
30/08/2026,Siloam Kebon Jeruk,PT Farmasi Sejahtera,OBT000331,Omeprazole 40mg Inj Sanbe,STRIP 10 CAP,1,260584.7,260584.7
30/08/2026,Siloam Kebon Jeruk,PT Bio Diagnostik,MED000556,Urinalysis Strip 10 Param Roche V2,BOTTLE 100 TEST,1,257757.61,257757.61
30/08/2026,Siloam Bali,PT Sarana Steril,MED000635,Sarung Tangan Nitrile M BD,Box isi 100,1,97814.45,97814.45
30/08/2026,Siloam Makassar,PT Sarana Steril,MED000635,Sarung Tangan Nitrile M BD,Box isi 100,1,97406.48,97406.48
31/08/2026,Siloam Lippo Village,PT MEDIKA NUSANTARA,MED000174,THREE WAY STOPCOCK STANDARD GEA V2,PCS,1,2292.32,2292.32
31/08/2026,Siloam Surabaya,PT Medika Nusantara,MED000174,THREE WAY STOPCOCK STANDARD GEA V2,PCS,2,2229.02,4458.04
31/08/2026,Siloam Kebon Jeruk,PT Medika Nusantara,MED000183,ECG Electrode Pediatric Terumo V2,PACK/50,10,102689.54,1026895.37
31/08/2026,Siloam Bali,PT Medika Nusantara,MED000185,Blood Lancet 30G Terumo V2,BOX@200,1,64193.71,64193.71
31/08/2026,Siloam Bali,PT Medika Nusantara,MED000188,IV Catheter 22G GEA V3,Box isi 50,8,269113.14,2152905.09
31/08/2026,Siloam Bali,PT Bio Diagnostik,MED000564,URINALYSIS STRIP 10 PARAM BIOSYSTEMS V3,BOTTLE 100 TEST,4,292423.6,1169694.38
31/08/2026,Siloam Lippo Village,PT BIO DIAGNOSTIK,MED000564,URINALYSIS STRIP 10 PARAM BIOSYSTEMS V3,BOTTLE 100 TEST,1,300279.24,300279.24
05/09/2026,Siloam Makassar,PT Medika Nusantara,MED000165,Foley Catheter 16Fr B. Braun V2,BOX@10,3,236638.64,709915.92
05/09/2026,Siloam Surabaya,PT Medika Nusantara,MED000165,Foley Catheter 16Fr B. Braun V2,BOX@10,6,233431.94,1400591.67
05/09/2026,Siloam Surabaya,PT Farmasi Sejahtera,OBT000342,Metformin 500mg Tab Hexpharm,STRIP 10 TAB,3,3640.88,10922.64
05/09/2026,Siloam Surabaya,PT Alkes Prima,MED000462,Kasa Steril 5x5 OneMed,PAK 10,2,51622.58,103245.16
05/09/2026,Siloam Lippo Village,PT Alkes Prima,MED000462,Kasa Steril 5x5 OneMed,PAK 10,2,51847.25,103694.49
05/09/2026,Siloam Surabaya,PT Global Infus,MED000726,Sarung Tangan Nitrile L BD,BOX@100,20,86971.22,1739424.44
05/09/2026,Siloam Kebon Jeruk,PT GLOBAL INFUS,MED000726,Sarung Tangan Nitrile L BD,BOX@100,12,86768.78,1041225.34
06/09/2026,Siloam Makassar,PT Medika Nusantara,MED000219,UNDERPAD 60X60 BD V3,PACK/10,5,63009.92,315049.62
06/09/2026,Siloam Lippo Village,PT Medika Nusantara,MED000219,UNDERPAD 60X60 BD V3,PACK/10,12,61737.21,740846.51
06/09/2026,Siloam Kebon Jeruk,PT Farmasi Sejahtera,OBT000372,Omeprazole 20mg Cap Hexpharm V3,VIAL,14,17180.81,240531.3
06/09/2026,Siloam Lippo Village,PT Farmasi Sejahtera,OBT000372,Omeprazole 20mg Cap Hexpharm V3,VIAL,26,17068.65,443784.78
06/09/2026,Siloam Surabaya,PT Sarana Steril,MED000651,Plester Roll 1 inch BD,ROLL,29,14014.47,406419.57
06/09/2026,Siloam Kebon Jeruk,PT Sarana Steril,MED000651,Plester Roll 1 inch BD,ROLL,35,14306.54,500728.98
06/09/2026,Siloam Lippo Village,PT Sarana Steril,MED000660,SUCTION CATHETER 10FR TERUMO,PCS,18,3196.33,57533.97
06/09/2026,Siloam Kebon Jeruk,PT Global Infus,MED000724,Sarung Tangan Nitrile S BD,BOX@100,5,63161.43,315807.15
07/09/2026,Siloam Surabaya,PT Medika Nusantara,MED000106,Spuit 5cc OneMed,1 BOX = 100 PCS,3,134056.84,402170.53
07/09/2026,Siloam Bali,PT Medika Nusantara,MED000130,Needle Hypodermic 25G Medisafe,BOX@100,2,69393.69,138787.37
07/09/2026,Siloam Surabaya,PT Medika Nusantara,MED000130,Needle Hypodermic 25G Medisafe,BOX@100,2,68216.21,136432.43
07/09/2026,Siloam Bali,PT Medika Nusantara,MED000142,Blood Lancet 30G BD,BOX@200,4,73880.01,295520.04
07/09/2026,Siloam Surabaya,PT Medika Nusantara,MED000142,Blood Lancet 30G BD,BOX@200,4,72807.96,291231.83
07/09/2026,Siloam Bali,PT Medika Nusantara,MED000155,KASA STERIL 5X5 BD V2,PACK/10,4,54872.91,219491.62
07/09/2026,Siloam Lippo Village,PT Medika Nusantara,MED000155,KASA STERIL 5X5 BD V2,PACK/10,6,53190.11,319140.66
07/09/2026,Siloam Makassar,PT Medika Nusantara,MED000178,Suction Catheter 10Fr GEA V2,PCS,21,3172.36,66619.54
07/09/2026,Siloam Makassar,PT Farmasi Sejahtera,OBT000397,Ranitidine 50mg/2ml Amp Kalbe V4,BOX 10 AMP,12,60647.7,727772.38
07/09/2026,Siloam Lippo Village,PT Farmasi Sejahtera,OBT000397,Ranitidine 50mg/2ml Amp Kalbe V4,BOX 10 AMP,21,60300.23,1266304.74
07/09/2026,Siloam Surabaya,PT Sarana Steril,MED000658,Underpad 60x60 GEA,PACK/10,2,48372.73,96745.46
07/09/2026,Siloam Surabaya,PT Global Infus,MED000734,MASKER BEDAH 3 PLY BIRU B. BRAUN,BOX@50,15,30917.53,463762.91
07/09/2026,Siloam Kebon Jeruk,PT Global Infus,MED000734,MASKER BEDAH 3 PLY BIRU B. BRAUN,BOX@50,9,30389.23,273503.1
08/09/2026,Siloam Bali,PT Medika Nusantara,MED000115,Infusion Set Dewasa B. Braun,PCS,14,10390.35,145464.89
08/09/2026,Siloam Kebon Jeruk,PT Medika Nusantara,MED000115,Infusion Set Dewasa B. Braun,PCS,9,10044.07,90396.66
08/09/2026,Siloam Surabaya,PT MEDIKA NUSANTARA,MED000161,Masker Bedah 3 Ply Hijau GEA V2,BOX@50,8,30872.46,246979.71
08/09/2026,Siloam Bali,PT Medika Nusantara,MED000161,Masker Bedah 3 Ply Hijau GEA V2,BOX@50,11,31822.96,350052.53
08/09/2026,Siloam Makassar,PT Medika Nusantara,MED000238,SARUNG TANGAN NITRILE S BD V4,Box isi 100,7,71928.77,503501.4
08/09/2026,Siloam Makassar,PT FARMASI SEJAHTERA,OBT000384,DEXAMETHASONE 5MG/ML AMP HEXPHARM V3,BOX 10 AMP,1,21427.43,21427.43
08/09/2026,Siloam Kebon Jeruk,PT BIO DIAGNOSTIK,MED000548,Urinalysis Strip 10 Param Diasys,BOTTLE 100 TEST,1,3812.78,3812.78
08/09/2026,Siloam Lippo Village,PT Bio Diagnostik,MED000548,Urinalysis Strip 10 Param Diasys,BOTTLE 100 TEST,1,3866.71,3866.71
09/09/2026,Siloam Surabaya,PT Medika Nusantara,MED000100,IV Catheter 18G B. Braun,BOX@50,8,521727.7,4173821.62
09/09/2026,Siloam Surabaya,PT SARANA STERIL,MED000631,Spuit 5cc GEA,1 BOX = 100 PCS,6,171184.82,1027108.92
09/09/2026,Siloam Lippo Village,PT Sarana Steril,MED000631,Spuit 5cc GEA,1 BOX = 100 PCS,7,170981.63,1196871.39
10/09/2026,Siloam Kebon Jeruk,PT Medika Nusantara,MED000105,Spuit 3cc Medisafe,BOX@200,4,104536.39,418145.56
10/09/2026,Siloam Makassar,PT Medika Nusantara,MED000112,Kasa Steril 5x5 B. Braun,PACK/10,10,43771.7,437717.02
10/09/2026,Siloam Surabaya,PT Medika Nusantara,MED000190,SPUIT 1CC TERUMO V3,BOX@100,2,115861.74,231723.49
10/09/2026,Siloam Makassar,PT Medika Nusantara,MED000190,SPUIT 1CC TERUMO V3,BOX@100,2,116979.7,233959.41
10/09/2026,Siloam Lippo Village,PT Medika Nusantara,MED000223,Suction Catheter 14Fr BD V3,PCS,10,4623.18,46231.76
10/09/2026,Siloam Makassar,PT Medika Nusantara,MED000240,SARUNG TANGAN NITRILE L ONEMED V4,BOX@100,35,60799.16,2127970.75
10/09/2026,Siloam Lippo Village,PT Medika Nusantara,MED000240,SARUNG TANGAN NITRILE L ONEMED V4,BOX@100,26,61994.68,1611861.64
11/09/2026,Siloam Makassar,PT Medika Nusantara,MED000126,PLESTER ROLL 1 INCH ONEMED,BOX@12,3,126869.26,380607.77
11/09/2026,Siloam Bali,PT Farmasi Sejahtera,OBT000358,Ketorolac 30mg/ml Amp Hexpharm V2,BOX 10 AMP,10,98478.79,984787.88
11/09/2026,Siloam Bali,PT Alkes Prima,MED000481,Three Way Stopcock Standard BD,PCS,24,2682.82,64387.66
12/09/2026,Siloam Kebon Jeruk,PT Medika Nusantara,MED000144,IV CATHETER 20G ONEMED V2,Box isi 50,13,482440.57,6271727.35
12/09/2026,Siloam Lippo Village,PT Medika Nusantara,MED000144,IV CATHETER 20G ONEMED V2,Box isi 50,12,474458.31,5693499.69
12/09/2026,Siloam Surabaya,PT Alkes Prima,MED000470,Foley Catheter 12Fr GEA,BOX@10,8,141993.79,1135950.34
12/09/2026,Siloam Makassar,PT Alkes Prima,MED000477,PLESTER ROLL 2 INCH BD,ROLL,4,14838.06,59352.23
13/09/2026,Siloam Bali,PT Medika Nusantara,MED000141,Blood Lancet 28G B. Braun,BOX@200,1,62128.71,62128.71
13/09/2026,Siloam Surabaya,PT Medika Nusantara,MED000141,Blood Lancet 28G B. Braun,BOX@200,1,60036.63,60036.63
13/09/2026,Siloam Bali,PT Medika Nusantara,MED000147,SPUIT 1CC ONEMED V2,BOX@100,4,163292.22,653168.87
13/09/2026,Siloam Surabaya,PT Medika Nusantara,MED000147,SPUIT 1CC ONEMED V2,BOX@100,6,163400.24,980401.42
13/09/2026,Siloam Surabaya,PT Medika Nusantara,MED000246,Infusion Set Mikro Medisafe V4,pcs,2,7886.92,15773.84
13/09/2026,Siloam Surabaya,PT Medika Nusantara,MED000275,IV Catheter 24G BD V5,Box isi 50,5,506926.38,2534631.89
13/09/2026,Siloam Makassar,PT FARMASI SEJAHTERA,OBT000388,NACL 0.9% 500ML HEXPHARM V3,BTL,17,5994.98,101914.63
13/09/2026,Siloam Kebon Jeruk,PT Farmasi Sejahtera,OBT000388,NACL 0.9% 500ML HEXPHARM V3,BTL,35,5989.91,209646.97
14/09/2026,Siloam Makassar,PT Alkes Prima,MED000453,IV Catheter 24G OneMed,BX 50 PCS,22,8275.58,182062.81
14/09/2026,Siloam Lippo Village,PT Alkes Prima,MED000453,IV Catheter 24G OneMed,BX 50 PCS,24,8702.92,208870.11
15/09/2026,Siloam Lippo Village,PT MEDIKA NUSANTARA,MED000276,Spuit 1cc OneMed V5,BOX@100,58,167266.49,9701456.46
16/09/2026,Siloam Bali,PT MEDIKA NUSANTARA,MED000159,Infusion Set Anak BD V2,pcs,77,8625.28,664146.77
16/09/2026,Siloam Lippo Village,PT Medika Nusantara,MED000159,Infusion Set Anak BD V2,pcs,51,8315.87,424109.25
16/09/2026,Siloam Makassar,PT Medika Nusantara,MED000164,FOLEY CATHETER 14FR ONEMED V2,BOX@10,10,174038.15,1740381.49
16/09/2026,Siloam Lippo Village,PT Medika Nusantara,MED000182,ECG ELECTRODE ADULT TERUMO V2,PACK/50,1,68924.75,68924.75
16/09/2026,Siloam Makassar,PT Medika Nusantara,MED000182,ECG ELECTRODE ADULT TERUMO V2,PACK/50,1,65590.75,65590.75
16/09/2026,Siloam Bali,PT Medika Nusantara,MED000229,IV CATHETER 18G MEDISAFE V4,BX 50 PCS,40,345117.41,13804696.59
16/09/2026,Siloam Kebon Jeruk,PT Medika Nusantara,MED000229,IV CATHETER 18G MEDISAFE V4,BX 50 PCS,47,359709.31,16906337.55
16/09/2026,Siloam Kebon Jeruk,PT Farmasi Sejahtera,OBT000353,Paracetamol 500mg Tab Sanbe V2,STRIP 10 TAB,1,4481.54,4481.54
16/09/2026,Siloam Bali,PT Farmasi Sejahtera,OBT000353,Paracetamol 500mg Tab Sanbe V2,STRIP 10 TAB,1,4576.94,4576.94
16/09/2026,Siloam Kebon Jeruk,PT Alkes Prima,MED000478,Needle Hypodermic 21G OneMed,BOX@100,7,52750.12,369250.81
16/09/2026,Siloam Bali,PT Alkes Prima,MED000478,Needle Hypodermic 21G OneMed,BOX@100,5,52831.89,264159.43
17/09/2026,Siloam Makassar,PT MEDIKA NUSANTARA,MED000120,Foley Catheter 12Fr B. Braun,PCS,5,23484.01,117420.05
17/09/2026,Siloam Lippo Village,PT Medika Nusantara,MED000204,MASKER BEDAH 3 PLY HIJAU TERUMO V3,BOX@50,1,29733.86,29733.86
17/09/2026,Siloam Bali,PT Medika Nusantara,MED000244,Infusion Set Dewasa BD V4,PCS,5,7980.81,39904.07
17/09/2026,Siloam Kebon Jeruk,PT MEDIKA NUSANTARA,MED000244,Infusion Set Dewasa BD V4,PCS,9,7877.13,70894.16
17/09/2026,Siloam Bali,PT MEDIKA NUSANTARA,MED000248,Masker Bedah 3 Ply Biru GEA V4,BOX@50,67,40266.69,2697867.95
17/09/2026,Siloam Surabaya,PT Farmasi Sejahtera,OBT000350,Ceftriaxone 1g Inj Hexpharm V2,VIAL,19,10504.3,199581.65
17/09/2026,Siloam Lippo Village,PT Farmasi Sejahtera,OBT000350,Ceftriaxone 1g Inj Hexpharm V2,VIAL,17,10790.55,183439.33
17/09/2026,Siloam Bali,PT Sarana Steril,MED000625,IV Catheter 18G BD,BOX@50,5,315489.49,1577447.43
17/09/2026,Siloam Makassar,PT Sarana Steril,MED000625,IV Catheter 18G BD,BOX@50,2,316134.63,632269.27
17/09/2026,Siloam Bali,PT Sarana Steril,MED000636,SARUNG TANGAN NITRILE L TERUMO,Box isi 100,10,91257.32,912573.17
17/09/2026,Siloam Lippo Village,PT Sarana Steril,MED000664,ECG ELECTRODE ADULT BD,PACK/50,1,85549.27,85549.27
17/09/2026,Siloam Makassar,PT Global Infus,MED000735,FOLEY CATHETER 12FR B. BRAUN,BOX@10,33,142507.31,4702741.3
18/09/2026,Siloam Makassar,PT ALKES PRIMA,MED000476,Plester Roll 1 inch Medisafe,ROLL,1,8304.36,8304.36
18/09/2026,Siloam Makassar,PT Global Infus,MED000738,FOLEY CATHETER 18FR BD,BOX@10,8,137965.22,1103721.79
19/09/2026,Siloam Kebon Jeruk,PT Sarana Steril,MED000638,Kasa Steril 10x10 Terumo,PAK 10,4,53505.75,214022.99
19/09/2026,Siloam Bali,PT Sarana Steril,MED000645,Foley Catheter 12Fr Medisafe,PCS,6,22944.2,137665.17
19/09/2026,Siloam Lippo Village,PT Sarana Steril,MED000645,Foley Catheter 12Fr Medisafe,PCS,6,23417.17,140503.01
20/09/2026,Siloam Makassar,PT Medika Nusantara,MED000134,Underpad 60x90 Medisafe,PACK/10,16,43505.67,696090.7
20/09/2026,Siloam Surabaya,PT Medika Nusantara,MED000134,Underpad 60x90 Medisafe,PACK/10,14,43279.21,605908.96
20/09/2026,Siloam Lippo Village,PT Medika Nusantara,MED000167,URINE BAG 2000ML TERUMO V2,PCS,2,6229.33,12458.65
20/09/2026,Siloam Bali,PT Sarana Steril,MED000646,Foley Catheter 14Fr B. Braun,PCS,7,15770.51,110393.56
20/09/2026,Siloam Makassar,PT Sarana Steril,MED000646,Foley Catheter 14Fr B. Braun,PCS,6,15896.45,95378.71
20/09/2026,Siloam Lippo Village,PT SARANA STERIL,MED000655,Needle Hypodermic 25G Medisafe,BOX@100,24,56234.84,1349636.26
20/09/2026,Siloam Surabaya,PT Sarana Steril,MED000655,Needle Hypodermic 25G Medisafe,BOX@100,47,56338.2,2647895.21
21/09/2026,Siloam Lippo Village,PT Medika Nusantara,MED000113,Kasa Steril 10x10 B. Braun,PACK/10,13,74316.86,966119.23
21/09/2026,Siloam Surabaya,PT MEDIKA NUSANTARA,MED000113,Kasa Steril 10x10 B. Braun,PACK/10,8,77264.99,618119.89
21/09/2026,Siloam Lippo Village,PT Medika Nusantara,MED000213,PLESTER ROLL 2 INCH BD V3,ROLL,6,12577.42,75464.51
21/09/2026,Siloam Bali,PT Medika Nusantara,MED000241,Kasa Steril 5x5 OneMed V4,PACK/10,25,66714.86,1667871.4
21/09/2026,Siloam Bali,PT Farmasi Sejahtera,OBT000399,Meropenem 1g Inj Kalbe V4,VIAL,10,103037.16,1030371.58
21/09/2026,Siloam Lippo Village,PT ALKES PRIMA,MED000455,Spuit 3cc Medisafe,BOX@200,2,162408.53,324817.06
21/09/2026,Siloam Kebon Jeruk,PT Alkes Prima,MED000492,Blood Lancet 30G Medisafe,BOX@200,40,49362.68,1974507.17
21/09/2026,Siloam Makassar,PT ALKES PRIMA,MED000492,Blood Lancet 30G Medisafe,BOX@200,83,50375.36,4181154.8
21/09/2026,Siloam Makassar,PT Bio Diagnostik,MED000554,GLUCOSE REAGENT 2X100ML BIOSYSTEMS V2,KIT,15,456890.27,6853354.07
21/09/2026,Siloam Bali,PT Bio Diagnostik,MED000560,BLOOD TUBE SERUM 5ML ROCHE V2,BOX@100,9,214464.48,1930180.35
21/09/2026,Siloam Surabaya,PT Bio Diagnostik,MED000560,BLOOD TUBE SERUM 5ML ROCHE V2,BOX@100,10,206025.48,2060254.79
21/09/2026,Siloam Surabaya,PT Global Infus,MED000715,IV Catheter 18G OneMed,BOX@50,11,580372.98,6384102.75
21/09/2026,Siloam Kebon Jeruk,PT GLOBAL INFUS,MED000715,IV Catheter 18G OneMed,BOX@50,21,608099.88,12770097.57
21/09/2026,Siloam Surabaya,PT Global Infus,MED000723,Spuit 20cc Medisafe,1 BOX = 100 PCS,1,99863.59,99863.59
21/09/2026,Siloam Bali,PT Global Infus,MED000723,Spuit 20cc Medisafe,1 BOX = 100 PCS,1,100458.14,100458.14
22/09/2026,Siloam Makassar,PT Medika Nusantara,MED000107,Spuit 10cc OneMed,1 BOX = 100 PCS,2,177516.04,355032.07
22/09/2026,Siloam Lippo Village,PT Medika Nusantara,MED000107,Spuit 10cc OneMed,1 BOX = 100 PCS,1,177694.54,177694.54
22/09/2026,Siloam Lippo Village,PT Medika Nusantara,MED000188,IV Catheter 22G GEA V3,Box isi 50,8,268200.31,2145602.46
22/09/2026,Siloam Surabaya,PT MEDIKA NUSANTARA,MED000188,IV Catheter 22G GEA V3,Box isi 50,11,267104.23,2938146.55
22/09/2026,Siloam Surabaya,PT Medika Nusantara,MED000269,ECG Electrode Pediatric B. Braun V4,PACK/50,7,94719.92,663039.47
22/09/2026,Siloam Kebon Jeruk,PT Farmasi Sejahtera,OBT000335,ONDANSETRON 4MG/2ML AMP DEXA,AMP,6,10775.66,64653.93
22/09/2026,Siloam Bali,PT Farmasi Sejahtera,OBT000335,ONDANSETRON 4MG/2ML AMP DEXA,AMP,5,10738.02,53690.08
22/09/2026,Siloam Makassar,PT Alkes Prima,MED000459,SARUNG TANGAN NITRILE S GEA,BOX@100,21,65016.94,1365355.68
22/09/2026,Siloam Kebon Jeruk,PT Bio Diagnostik,MED000567,Blood Tube EDTA 2ml Roche V3,BOX@100,4,151215.03,604860.11
22/09/2026,Siloam Makassar,PT Bio Diagnostik,MED000567,Blood Tube EDTA 2ml Roche V3,BOX@100,5,146640.16,733200.82
22/09/2026,Siloam Surabaya,PT GLOBAL INFUS,MED000728,Kasa Steril 10x10 GEA,PAK 10,17,45782.16,778296.75
22/09/2026,Siloam Kebon Jeruk,PT Global Infus,MED000728,Kasa Steril 10x10 GEA,PAK 10,16,43475.01,695600.16
23/09/2026,Siloam Bali,PT Medika Nusantara,MED000119,MASKER BEDAH 3 PLY BIRU MEDISAFE,BOX@50,12,27989.23,335870.81
23/09/2026,Siloam Bali,PT Medika Nusantara,MED000172,Needle Hypodermic 23G B. Braun V2,BOX@100,8,42702.59,341620.76
23/09/2026,Siloam Kebon Jeruk,PT Medika Nusantara,MED000172,Needle Hypodermic 23G B. Braun V2,BOX@100,9,43982.88,395845.94
23/09/2026,Siloam Kebon Jeruk,PT Medika Nusantara,MED000215,Needle Hypodermic 23G B. Braun V3,BOX@100,5,79745.73,398728.64
23/09/2026,Siloam Lippo Village,PT MEDIKA NUSANTARA,MED000215,Needle Hypodermic 23G B. Braun V3,BOX@100,3,80038.37,240115.11
23/09/2026,Siloam Lippo Village,PT FARMASI SEJAHTERA,OBT000343,METFORMIN 850MG TAB HEXPHARM,STRIP 10 TAB,1,3638.98,3638.98
23/09/2026,Siloam Makassar,PT Farmasi Sejahtera,OBT000343,METFORMIN 850MG TAB HEXPHARM,STRIP 10 TAB,1,3549.27,3549.27
23/09/2026,Siloam Makassar,PT FARMASI SEJAHTERA,OBT000366,Furosemide 40mg Tab Kalbe V2,STRIP 10 TAB,3,21876.26,65628.78
24/09/2026,Siloam Surabaya,PT MEDIKA NUSANTARA,MED000150,SPUIT 10CC TERUMO V2,1 BOX = 100 PCS,15,212005.56,3180083.41
24/09/2026,Siloam Bali,PT Medika Nusantara,MED000150,SPUIT 10CC TERUMO V2,1 BOX = 100 PCS,8,208619.03,1668952.25
24/09/2026,Siloam Bali,PT Medika Nusantara,MED000263,UNDERPAD 60X90 ONEMED V4,PACK/10,7,45152.21,316065.45
24/09/2026,Siloam Makassar,PT Farmasi Sejahtera,OBT000334,PARACETAMOL 1G/100ML INF NOVELL,BTL,26,614.46,15975.89
24/09/2026,Siloam Surabaya,PT Farmasi Sejahtera,OBT000334,PARACETAMOL 1G/100ML INF NOVELL,BTL,22,605.96,13331.05
24/09/2026,Siloam Lippo Village,PT Farmasi Sejahtera,OBT000367,Ringer Laktat 500ml Kalbe V2,CTN 20 BTL,4,199308.05,797232.21
24/09/2026,Siloam Surabaya,PT Global Infus,MED000720,Spuit 3cc GEA,BOX@200,12,172176.58,2066118.91
24/09/2026,Siloam Kebon Jeruk,PT Global Infus,MED000720,Spuit 3cc GEA,BOX@200,9,169581.92,1526237.27
25/09/2026,Siloam Bali,PT Medika Nusantara,MED000203,Infusion Set Mikro BD V3,pcs,8,8084.56,64676.45
25/09/2026,Siloam Kebon Jeruk,PT Medika Nusantara,MED000245,INFUSION SET ANAK BD V4,pcs,14,12512.36,175173.07
25/09/2026,Siloam Surabaya,PT Alkes Prima,MED000452,IV Catheter 22G GEA,BX 50 PCS,17,516633.73,8782773.38
25/09/2026,Siloam Makassar,PT Alkes Prima,MED000452,IV Catheter 22G GEA,BX 50 PCS,20,493627.49,9872549.72
26/09/2026,Siloam Surabaya,PT Medika Nusantara,MED000123,Foley Catheter 18Fr Medisafe,PCS,17,16192.74,275276.61
26/09/2026,Siloam Lippo Village,PT Medika Nusantara,MED000137,Suction Catheter 14Fr B. Braun,PCS,16,3065.55,49048.77
26/09/2026,Siloam Surabaya,PT Medika Nusantara,MED000247,MASKER BEDAH 3 PLY HIJAU BD V4,BOX@50,10,21275.63,212756.35
26/09/2026,Siloam Surabaya,PT BIO DIAGNOSTIK,MED000553,Glucose Reagent 4x50ml Diasys V2,KIT,7,333381.09,2333667.61
26/09/2026,Siloam Lippo Village,PT BIO DIAGNOSTIK,MED000553,Glucose Reagent 4x50ml Diasys V2,KIT,14,327461.44,4584460.2
26/09/2026,Siloam Makassar,PT Global Infus,MED000717,IV Catheter 22G GEA,BOX@50,4,414123.07,1656492.27
27/09/2026,Siloam Kebon Jeruk,PT Medika Nusantara,MED000118,MASKER BEDAH 3 PLY HIJAU TERUMO,BOX@50,6,34015.3,204091.82
27/09/2026,Siloam Bali,PT MEDIKA NUSANTARA,MED000118,MASKER BEDAH 3 PLY HIJAU TERUMO,BOX@50,5,33418.32,167091.6
27/09/2026,Siloam Kebon Jeruk,PT Medika Nusantara,MED000169,PLESTER ROLL 1 INCH B. BRAUN V2,ROLL,20,8846.29,176925.75
27/09/2026,Siloam Surabaya,PT Medika Nusantara,MED000199,Kasa Steril 10x10 GEA V3,PAK 10,1,47086.51,47086.51
27/09/2026,Siloam Kebon Jeruk,PT Medika Nusantara,MED000199,Kasa Steril 10x10 GEA V3,PAK 10,1,46092.45,46092.45
27/09/2026,Siloam Makassar,PT Medika Nusantara,MED000234,Spuit 3cc Terumo V4,BOX@100,26,176945.5,4600582.94
28/09/2026,Siloam Kebon Jeruk,PT Medika Nusantara,MED000214,Needle Hypodermic 21G GEA V3,BOX@100,1,59601.53,59601.53
28/09/2026,Siloam Bali,PT Farmasi Sejahtera,OBT000346,Furosemide 40mg Tab Hexpharm,BOX 5 AMP,4,18884.9,75539.61
28/09/2026,Siloam Bali,PT GLOBAL INFUS,MED000725,Sarung Tangan Nitrile M GEA,Box isi 100,82,97981.07,8034447.76
28/09/2026,Siloam Kebon Jeruk,PT Global Infus,MED000725,Sarung Tangan Nitrile M GEA,Box isi 100,60,99969.73,5998184.01
29/09/2026,Siloam Bali,PT Medika Nusantara,MED000111,Sarung Tangan Nitrile L GEA,Box isi 100,8,75545.64,604365.11
29/09/2026,Siloam Makassar,PT Medika Nusantara,MED000111,Sarung Tangan Nitrile L GEA,Box isi 100,21,77985.07,1637686.39
29/09/2026,Siloam Lippo Village,PT Medika Nusantara,MED000127,Plester Roll 2 inch B. Braun,ROLL,21,17501.51,367531.78
29/09/2026,Siloam Surabaya,PT Medika Nusantara,MED000127,Plester Roll 2 inch B. Braun,ROLL,15,18206.53,273097.9
29/09/2026,Siloam Lippo Village,PT Medika Nusantara,MED000139,ECG ELECTRODE ADULT TERUMO,PACK/50,9,91461.48,823153.28
29/09/2026,Siloam Makassar,PT Medika Nusantara,MED000139,ECG ELECTRODE ADULT TERUMO,PACK/50,3,86799.43,260398.28
29/09/2026,Siloam Surabaya,PT Medika Nusantara,MED000211,Urine Bag 1000ml BD V3,PCS,3,5151.99,15455.98
29/09/2026,Siloam Kebon Jeruk,PT Medika Nusantara,MED000211,Urine Bag 1000ml BD V3,PCS,3,5014.49,15043.46
29/09/2026,Siloam Lippo Village,PT MEDIKA NUSANTARA,MED000231,IV Catheter 22G Medisafe V4,BX 50 PCS,7,347322.88,2431260.17
29/09/2026,Siloam Bali,PT Medika Nusantara,MED000231,IV Catheter 22G Medisafe V4,BX 50 PCS,4,356052.81,1424211.24
29/09/2026,Siloam Bali,PT FARMASI SEJAHTERA,OBT000382,Metformin 500mg Tab Hexpharm V3,STRIP 10 TAB,3,2748.04,8244.12
29/09/2026,Siloam Makassar,PT Farmasi Sejahtera,OBT000382,Metformin 500mg Tab Hexpharm V3,STRIP 10 TAB,4,2863.61,11454.46
29/09/2026,Siloam Makassar,PT Alkes Prima,MED000463,Kasa Steril 10x10 BD,PACK/10,63,71940.76,4532267.57
29/09/2026,Siloam Bali,PT ALKES PRIMA,MED000463,Kasa Steril 10x10 BD,PACK/10,54,68090.17,3676869.43
29/09/2026,Siloam Surabaya,PT Bio Diagnostik,MED000564,URINALYSIS STRIP 10 PARAM BIOSYSTEMS V3,BOTTLE 100 TEST,2,296636.26,593272.51
30/09/2026,Siloam Makassar,PT Medika Nusantara,MED000156,KASA STERIL 10X10 ONEMED V2,PACK/10,2,53050.1,106100.2
30/09/2026,Siloam Kebon Jeruk,PT Medika Nusantara,MED000260,Three Way Stopcock Standard Terumo V4,PCS,23,2372.21,54560.81
30/09/2026,Siloam Bali,PT MEDIKA NUSANTARA,MED000260,Three Way Stopcock Standard Terumo V4,PCS,19,2401.68,45631.9
30/09/2026,Siloam Bali,PT Farmasi Sejahtera,OBT000387,RINGER LAKTAT 500ML DEXA V3,CTN 20 BTL,7,120933.08,846531.57
30/09/2026,Siloam Lippo Village,PT FARMASI SEJAHTERA,OBT000387,RINGER LAKTAT 500ML DEXA V3,CTN 20 BTL,7,117405.77,821840.37
30/09/2026,Siloam Lippo Village,PT BIO DIAGNOSTIK,MED000555,HbA1c Test Cartridge Diasys V2,BOX 10 TEST,13,731420.82,9508470.63
30/09/2026,Siloam Surabaya,PT BIO DIAGNOSTIK,MED000555,HbA1c Test Cartridge Diasys V2,BOX 10 TEST,9,734427.43,6609846.89
30/09/2026,Siloam Kebon Jeruk,PT Bio Diagnostik,MED000570,GLUCOSE REAGENT 2X100ML BIOSYSTEMS V4,KIT,15,331644.11,4974661.67
30/09/2026,Siloam Surabaya,PT BIO DIAGNOSTIK,MED000570,GLUCOSE REAGENT 2X100ML BIOSYSTEMS V4,KIT,22,334725.03,7363950.62
30/09/2026,Siloam Kebon Jeruk,PT Sarana Steril,MED000653,NEEDLE HYPODERMIC 21G GEA,BOX@100,1,50617.74,50617.74
30/09/2026,Siloam Surabaya,PT Sarana Steril,MED000653,NEEDLE HYPODERMIC 21G GEA,BOX@100,1,49063.65,49063.65
