date,hospital,vendor,sku,sku_name,equivalence_group,quoted_unit,clinical_units_per_quoted_unit,quantity,list_price,discount,net_price,source,payment_terms_days,contract_end
2023-09-01,Site Jakarta West,Surgika Utama,DES-SUR,Drug-eluting coronary stent (Surgika),Drug-eluting stent,each,1,269,12764754.05,0.1,11488278.65,contract,45,2024-08-31
2023-09-01,Site Jakarta West,Sehat Medika,IVC22-SEH,IV cannula 22G (Sehat),IV cannula 22G,box of 100,100,422,1069320.69,0.15,908922.59,contract,30,2024-08-31
2023-09-01,Site Makassar,Prima Alkes,HBA1C-PRI,HbA1c reagent (Prima),HbA1c reagent,kit of 100 tests,100,101,6200627.09,0.2,4960501.67,contract,30,2024-08-31
2023-09-15,Site Jakarta South,Prima Alkes,CEF1G-NUS,Ceftriaxone 1 g injection (Nusantara),Ceftriaxone 1 g inj,vial,1,4269,18165.71,0.15,15440.85,po,60,
2023-09-15,Site Jakarta South,Surgika Utama,DES-SUR,Drug-eluting coronary stent (Surgika),Drug-eluting stent,each,1,17,14716548.4,0.2,11773238.72,po,45,
2023-09-15,Site Jakarta South,Medisindo,GLV-M-MED,Nitrile exam gloves M (Medisindo),Nitrile gloves M,box of 200,200,187,171210.55,0.12,150665.28,po,45,
2023-09-15,Site Jakarta South,Global Diagnostika,HBA1C-GLO,HbA1c reagent (Global),HbA1c reagent,kit of 100 tests,100,19,4572186.96,0.08,4206412.0,po,60,
2023-09-15,Site Jakarta South,Medisindo,IVC22-MED,IV cannula 22G (Medisindo),IV cannula 22G,each,1,3099,11981.7,0.12,10543.9,po,45,
2023-09-15,Site Jakarta South,Prima Alkes,PCT1G-PRI,Paracetamol 1 g infusion (Prima),Paracetamol 1 g infusion,box of 12 bottles,12,264,371179.52,0.15,315502.59,po,60,
2023-09-15,Site Jakarta South,Surgika Utama,SUT20-SUR,Absorbable suture 2-0 (Surgika),Absorbable suture 2-0,box of 12,12,72,966621.04,0.2,773296.83,po,45,
2023-09-15,Site Jakarta South,Global Diagnostika,SYR3-GLO,Syringe 3 mL luer lock (Global),Syringe 3 mL,each,1,10802,1718.88,0.08,1581.37,po,60,
2023-09-15,Site Jakarta South,Global Diagnostika,TNI-GLO,Troponin I reagent (Global),Troponin I reagent,kit of 100 tests,100,13,9581166.44,0.08,8814673.12,po,60,
2023-09-15,Site Jakarta West,Sehat Medika,CEF1G-SEH,Ceftriaxone 1 g injection (Sehat),Ceftriaxone 1 g inj,box of 100 vials,100,60,1822022.74,0.15,1548719.33,po,30,
2023-09-15,Site Jakarta West,Surgika Utama,DES-SUR,Drug-eluting coronary stent (Surgika),Drug-eluting stent,each,1,24,12870151.1,0.1,11583135.99,po,45,
2023-09-15,Site Jakarta West,Nusantara Farma,GLV-M-NUS,Nitrile exam gloves M (Nusantara),Nitrile gloves M,box of 100,100,490,86640.63,0.1,77976.57,po,60,
2023-09-15,Site Jakarta West,Prima Alkes,HBA1C-PRI,HbA1c reagent (Prima),HbA1c reagent,kit of 100 tests,100,22,5476980.71,0.2,4381584.57,po,60,
2023-09-15,Site Jakarta West,Sehat Medika,IVC22-SEH,IV cannula 22G (Sehat),IV cannula 22G,box of 100,100,33,1083097.99,0.15,920633.29,po,30,
2023-09-15,Site Jakarta West,Prima Alkes,PCT1G-PRI,Paracetamol 1 g infusion (Prima),Paracetamol 1 g infusion,box of 12 bottles,12,310,385855.43,0.2,308684.34,po,60,
2023-09-15,Site Jakarta West,Surgika Utama,SUT20-SUR,Absorbable suture 2-0 (Surgika),Absorbable suture 2-0,box of 12,12,103,826254.56,0.1,743629.1,po,45,
2023-09-15,Site Jakarta West,Global Diagnostika,SYR3-GLO,Syringe 3 mL luer lock (Global),Syringe 3 mL,each,1,13914,1730.72,0.1,1557.65,po,30,
2023-09-15,Site Jakarta West,Sehat Medika,TNI-SEH,Troponin I reagent (Sehat),Troponin I reagent,kit of 200 tests,200,7,21324307.44,0.15,18125661.32,po,30,
2023-09-15,Site Makassar,Medisindo,CEF1G-MED,Ceftriaxone 1 g injection (Medisindo),Ceftriaxone 1 g inj,box of 10 vials,10,232,168849.39,0.1,151964.45,po,45,
2023-09-15,Site Makassar,Surgika Utama,DES-SUR,Drug-eluting coronary stent (Surgika),Drug-eluting stent,each,1,9,16364617.77,0.2,13091694.22,po,60,
2023-09-15,Site Makassar,Nusantara Farma,GLV-M-NUS,Nitrile exam gloves M (Nusantara),Nitrile gloves M,box of 100,100,160,102987.51,0.15,87539.38,po,30,
2023-09-15,Site Makassar,Prima Alkes,HBA1C-PRI,HbA1c reagent (Prima),HbA1c reagent,kit of 100 tests,100,8,6224898.06,0.2,4979918.45,po,30,
2023-09-15,Site Makassar,Prima Alkes,IVC22-PRI,IV cannula 22G (Prima),IV cannula 22G,box of 50,50,23,697158.31,0.2,557726.65,po,30,
2023-09-15,Site Makassar,Prima Alkes,PCT1G-PRI,Paracetamol 1 g infusion (Prima),Paracetamol 1 g infusion,box of 12 bottles,12,136,431658.75,0.2,345327.0,po,30,
2023-09-15,Site Makassar,Surgika Utama,SUT20-SUR,Absorbable suture 2-0 (Surgika),Absorbable suture 2-0,box of 12,12,32,1045644.28,0.2,836515.42,po,60,
2023-09-15,Site Makassar,Prima Alkes,SYR3-PRI,Syringe 3 mL luer lock (Prima),Syringe 3 mL,box of 50,50,97,96941.44,0.2,77553.15,po,30,
2023-09-15,Site Makassar,Sehat Medika,TNI-SEH,Troponin I reagent (Sehat),Troponin I reagent,kit of 200 tests,200,3,23172757.21,0.12,20392026.34,po,30,
2023-09-15,Site Medan,Nusantara Farma,CEF1G-NUS,Ceftriaxone 1 g injection (Nusantara),Ceftriaxone 1 g inj,vial,1,2762,16501.87,0.05,15676.78,po,45,
2023-09-15,Site Medan,Surgika Utama,DES-SUR,Drug-eluting coronary stent (Surgika),Drug-eluting stent,each,1,12,13915736.58,0.12,12245848.19,po,60,
2023-09-15,Site Medan,Nusantara Farma,GLV-M-NUS,Nitrile exam gloves M (Nusantara),Nitrile gloves M,box of 100,100,220,87587.41,0.05,83208.04,po,45,
2023-09-15,Site Medan,Sehat Medika,HBA1C-SEH,HbA1c reagent (Sehat),HbA1c reagent,kit of 50 tests,50,25,2425452.23,0.15,2061634.4,po,45,
2023-09-15,Site Medan,Prima Alkes,IVC22-PRI,IV cannula 22G (Prima),IV cannula 22G,box of 50,50,39,557803.65,0.05,529913.47,po,30,
2023-09-15,Site Medan,Prima Alkes,PCT1G-PRI,Paracetamol 1 g infusion (Prima),Paracetamol 1 g infusion,box of 12 bottles,12,169,348451.42,0.05,331028.85,po,30,
2023-09-15,Site Medan,Surgika Utama,SUT20-SUR,Absorbable suture 2-0 (Surgika),Absorbable suture 2-0,box of 12,12,45,908927.44,0.12,799856.15,po,60,
2023-09-15,Site Medan,Medisindo,SYR3-MED,Syringe 3 mL luer lock (Medisindo),Syringe 3 mL,box of 100,100,65,181184.83,0.15,154007.11,po,45,
2023-09-15,Site Medan,Sehat Medika,TNI-SEH,Troponin I reagent (Sehat),Troponin I reagent,kit of 200 tests,200,4,23032614.84,0.15,19577722.61,po,45,
2023-09-15,Site Surabaya,Sehat Medika,CEF1G-SEH,Ceftriaxone 1 g injection (Sehat),Ceftriaxone 1 g inj,box of 100 vials,100,43,1777027.97,0.1,1599325.17,po,60,
2023-09-15,Site Surabaya,Surgika Utama,DES-SUR,Drug-eluting coronary stent (Surgika),Drug-eluting stent,each,1,16,12599327.79,0.08,11591381.57,po,45,
2023-09-15,Site Surabaya,Medisindo,GLV-M-MED,Nitrile exam gloves M (Medisindo),Nitrile gloves M,box of 200,200,159,166432.69,0.1,149789.42,po,45,
2023-09-15,Site Surabaya,Sehat Medika,HBA1C-SEH,HbA1c reagent (Sehat),HbA1c reagent,kit of 50 tests,50,33,2215799.87,0.1,1994219.88,po,60,
2023-09-15,Site Surabaya,Medisindo,IVC22-MED,IV cannula 22G (Medisindo),IV cannula 22G,each,1,2510,11798.69,0.1,10618.82,po,45,
2023-09-15,Site Surabaya,Nusantara Farma,PCT1G-NUS,Paracetamol 1 g infusion (Nusantara),Paracetamol 1 g infusion,bottle,1,3423,30418.03,0.05,28897.13,po,45,
2023-09-15,Site Surabaya,Medisindo,SUT20-MED,Absorbable suture 2-0 (Medisindo),Absorbable suture 2-0,box of 36,36,26,2373478.84,0.1,2136130.96,po,45,
2023-09-15,Site Surabaya,Medisindo,SYR3-MED,Syringe 3 mL luer lock (Medisindo),Syringe 3 mL,box of 100,100,102,165905.83,0.1,149315.25,po,45,
2023-09-15,Site Surabaya,Global Diagnostika,TNI-GLO,Troponin I reagent (Global),Troponin I reagent,kit of 100 tests,100,11,10200742.43,0.15,8670631.07,po,45,
2023-09-15,Site Tangerang,Medisindo,CEF1G-MED,Ceftriaxone 1 g injection (Medisindo),Ceftriaxone 1 g inj,box of 10 vials,10,386,159628.34,0.12,140472.94,po,30,
2023-09-15,Site Tangerang,Surgika Utama,DES-SUR,Drug-eluting coronary stent (Surgika),Drug-eluting stent,each,1,17,13285719.02,0.1,11957147.12,po,30,
2023-09-15,Site Tangerang,Nusantara Farma,GLV-M-NUS,Nitrile exam gloves M (Nusantara),Nitrile gloves M,box of 100,100,362,90951.03,0.1,81855.93,po,60,
2023-09-15,Site Tangerang,Prima Alkes,HBA1C-PRI,HbA1c reagent (Prima),HbA1c reagent,kit of 100 tests,100,17,5050684.52,0.08,4646629.76,po,60,
2023-09-15,Site Tangerang,Prima Alkes,IVC22-PRI,IV cannula 22G (Prima),IV cannula 22G,box of 50,50,47,560060.38,0.08,515255.55,po,60,
2023-09-15,Site Tangerang,Nusantara Farma,PCT1G-NUS,Paracetamol 1 g infusion (Nusantara),Paracetamol 1 g infusion,bottle,1,3031,32334.11,0.1,29100.7,po,60,
2023-09-15,Site Tangerang,Medisindo,SUT20-MED,Absorbable suture 2-0 (Medisindo),Absorbable suture 2-0,box of 36,36,24,2497629.5,0.12,2197913.96,po,30,
2023-09-15,Site Tangerang,Global Diagnostika,SYR3-GLO,Syringe 3 mL luer lock (Global),Syringe 3 mL,each,1,9603,2042.14,0.2,1633.71,po,30,
2023-09-15,Site Tangerang,Sehat Medika,TNI-SEH,Troponin I reagent (Sehat),Troponin I reagent,kit of 200 tests,200,5,20616326.17,0.08,18967020.08,po,60,
2023-10-01,Site Jakarta South,Prima Alkes,CEF1G-NUS,Ceftriaxone 1 g injection (Nusantara),Ceftriaxone 1 g inj,vial,1,54600,18029.82,0.15,15325.35,contract,60,2024-09-30
2023-10-01,Site Jakarta West,Prima Alkes,HBA1C-PRI,HbA1c reagent (Prima),HbA1c reagent,kit of 100 tests,100,269,5509821.72,0.2,4407857.38,contract,60,2024-09-30
2023-10-01,Site Medan,Sehat Medika,HBA1C-SEH,HbA1c reagent (Sehat),HbA1c reagent,kit of 50 tests,50,269,2437659.04,0.15,2072010.18,contract,45,2024-09-30
2023-10-01,Site Medan,Sehat Medika,TNI-SEH,Troponin I reagent (Sehat),Troponin I reagent,kit of 200 tests,200,43,23102045.35,0.15,19636738.55,contract,45,2024-09-30
2023-10-01,Site Surabaya,Medisindo,GLV-M-MED,Nitrile exam gloves M (Medisindo),Nitrile gloves M,box of 200,200,2160,165702.11,0.1,149131.9,contract,45,2024-09-30
2023-10-01,Site Tangerang,Surgika Utama,DES-SUR,Drug-eluting coronary stent (Surgika),Drug-eluting stent,each,1,185,13551502.77,0.1,12196352.49,contract,30,2024-09-30
2023-10-15,Site Jakarta South,Prima Alkes,CEF1G-NUS,Ceftriaxone 1 g injection (Nusantara),Ceftriaxone 1 g inj,vial,1,4820,18039.55,0.15,15333.62,po,60,
2023-10-15,Site Jakarta South,Surgika Utama,DES-SUR,Drug-eluting coronary stent (Surgika),Drug-eluting stent,each,1,16,14713491.45,0.2,11770793.16,po,45,
2023-10-15,Site Jakarta South,Medisindo,GLV-M-MED,Nitrile exam gloves M (Medisindo),Nitrile gloves M,box of 200,200,176,173673.33,0.12,152832.53,po,45,
2023-10-15,Site Jakarta South,Global Diagnostika,HBA1C-GLO,HbA1c reagent (Global),HbA1c reagent,kit of 100 tests,100,17,4611893.9,0.08,4242942.39,po,60,
2023-10-15,Site Jakarta South,Medisindo,IVC22-MED,IV cannula 22G (Medisindo),IV cannula 22G,each,1,2762,12119.08,0.12,10664.79,po,45,
2023-10-15,Site Jakarta South,Prima Alkes,PCT1G-PRI,Paracetamol 1 g infusion (Prima),Paracetamol 1 g infusion,box of 12 bottles,12,272,371781.23,0.15,316014.05,po,60,
2023-10-15,Site Jakarta South,Surgika Utama,SUT20-SUR,Absorbable suture 2-0 (Surgika),Absorbable suture 2-0,box of 12,12,67,968858.65,0.2,775086.92,po,45,
2023-10-15,Site Jakarta South,Global Diagnostika,SYR3-GLO,Syringe 3 mL luer lock (Global),Syringe 3 mL,each,1,11496,1731.98,0.08,1593.42,po,60,
2023-10-15,Site Jakarta South,Global Diagnostika,TNI-GLO,Troponin I reagent (Global),Troponin I reagent,kit of 100 tests,100,11,9710113.42,0.08,8933304.35,po,60,
2023-10-15,Site Jakarta West,Sehat Medika,CEF1G-SEH,Ceftriaxone 1 g injection (Sehat),Ceftriaxone 1 g inj,box of 100 vials,100,58,1843682.55,0.15,1567130.17,po,30,
2023-10-15,Site Jakarta West,Surgika Utama,DES-SUR,Drug-eluting coronary stent (Surgika),Drug-eluting stent,each,1,23,12704116.7,0.1,11433705.03,po,45,
2023-10-15,Site Jakarta West,Nusantara Farma,GLV-M-NUS,Nitrile exam gloves M (Nusantara),Nitrile gloves M,box of 100,100,510,86305.23,0.1,77674.71,po,60,
2023-10-15,Site Jakarta West,Prima Alkes,HBA1C-PRI,HbA1c reagent (Prima),HbA1c reagent,kit of 100 tests,100,23,5562807.25,0.2,4450245.8,po,60,
2023-10-15,Site Jakarta West,Sehat Medika,IVC22-SEH,IV cannula 22G (Sehat),IV cannula 22G,box of 100,100,31,1083619.99,0.15,921076.99,po,30,
2023-10-15,Site Jakarta West,Prima Alkes,PCT1G-PRI,Paracetamol 1 g infusion (Prima),Paracetamol 1 g infusion,box of 12 bottles,12,364,385146.7,0.2,308117.36,po,60,
2023-10-15,Site Jakarta West,Surgika Utama,SUT20-SUR,Absorbable suture 2-0 (Surgika),Absorbable suture 2-0,box of 12,12,102,831506.13,0.1,748355.52,po,45,
2023-10-15,Site Jakarta West,Global Diagnostika,SYR3-GLO,Syringe 3 mL luer lock (Global),Syringe 3 mL,each,1,13403,1722.37,0.1,1550.13,po,30,
2023-10-15,Site Jakarta West,Sehat Medika,TNI-SEH,Troponin I reagent (Sehat),Troponin I reagent,kit of 200 tests,200,8,21402067.33,0.15,18191757.23,po,30,
2023-10-15,Site Makassar,Medisindo,CEF1G-MED,Ceftriaxone 1 g injection (Medisindo),Ceftriaxone 1 g inj,box of 10 vials,10,217,168224.15,0.1,151401.73,po,45,
2023-10-15,Site Makassar,Surgika Utama,DES-SUR,Drug-eluting coronary stent (Surgika),Drug-eluting stent,each,1,8,16429560.2,0.2,13143648.16,po,60,
2023-10-15,Site Makassar,Nusantara Farma,GLV-M-NUS,Nitrile exam gloves M (Nusantara),Nitrile gloves M,box of 100,100,159,103986.19,0.15,88388.26,po,30,
2023-10-15,Site Makassar,Prima Alkes,HBA1C-PRI,HbA1c reagent (Prima),HbA1c reagent,kit of 100 tests,100,8,6247015.63,0.2,4997612.5,po,30,
2023-10-15,Site Makassar,Prima Alkes,IVC22-PRI,IV cannula 22G (Prima),IV cannula 22G,box of 50,50,28,695363.71,0.2,556290.97,po,30,
2023-10-15,Site Makassar,Prima Alkes,PCT1G-PRI,Paracetamol 1 g infusion (Prima),Paracetamol 1 g infusion,box of 12 bottles,12,123,431180.87,0.2,344944.7,po,30,
2023-10-15,Site Makassar,Surgika Utama,SUT20-SUR,Absorbable suture 2-0 (Surgika),Absorbable suture 2-0,box of 12,12,35,1061019.16,0.2,848815.33,po,60,
2023-10-15,Site Makassar,Prima Alkes,SYR3-PRI,Syringe 3 mL luer lock (Prima),Syringe 3 mL,box of 50,50,120,98065.44,0.2,78452.35,po,30,
2023-10-15,Site Makassar,Sehat Medika,TNI-SEH,Troponin I reagent (Sehat),Troponin I reagent,kit of 200 tests,200,3,23246228.32,0.12,20456680.92,po,30,
2023-10-15,Site Medan,Nusantara Farma,CEF1G-NUS,Ceftriaxone 1 g injection (Nusantara),Ceftriaxone 1 g inj,vial,1,2621,16500.22,0.05,15675.21,po,45,
2023-10-15,Site Medan,Surgika Utama,DES-SUR,Drug-eluting coronary stent (Surgika),Drug-eluting stent,each,1,12,14168224.52,0.12,12468037.58,po,60,
2023-10-15,Site Medan,Nusantara Farma,GLV-M-NUS,Nitrile exam gloves M (Nusantara),Nitrile gloves M,box of 100,100,214,88278.08,0.05,83864.18,po,45,
2023-10-15,Site Medan,Sehat Medika,HBA1C-SEH,HbA1c reagent (Sehat),HbA1c reagent,kit of 50 tests,50,22,2470455.48,0.15,2099887.16,po,45,
2023-10-15,Site Medan,Prima Alkes,IVC22-PRI,IV cannula 22G (Prima),IV cannula 22G,box of 50,50,35,555489.62,0.05,527715.14,po,30,
2023-10-15,Site Medan,Prima Alkes,PCT1G-PRI,Paracetamol 1 g infusion (Prima),Paracetamol 1 g infusion,box of 12 bottles,12,172,350323.89,0.05,332807.7,po,30,
2023-10-15,Site Medan,Surgika Utama,SUT20-SUR,Absorbable suture 2-0 (Surgika),Absorbable suture 2-0,box of 12,12,50,896795.58,0.12,789180.11,po,60,
2023-10-15,Site Medan,Medisindo,SYR3-MED,Syringe 3 mL luer lock (Medisindo),Syringe 3 mL,box of 100,100,66,182954.44,0.15,155511.27,po,45,
2023-10-15,Site Medan,Sehat Medika,TNI-SEH,Troponin I reagent (Sehat),Troponin I reagent,kit of 200 tests,200,4,23239514.77,0.15,19753587.55,po,45,
2023-10-15,Site Surabaya,Sehat Medika,CEF1G-SEH,Ceftriaxone 1 g injection (Sehat),Ceftriaxone 1 g inj,box of 100 vials,100,42,1778113.89,0.1,1600302.5,po,60,
2023-10-15,Site Surabaya,Surgika Utama,DES-SUR,Drug-eluting coronary stent (Surgika),Drug-eluting stent,each,1,18,12674596.64,0.08,11660628.91,po,45,
2023-10-15,Site Surabaya,Medisindo,GLV-M-MED,Nitrile exam gloves M (Medisindo),Nitrile gloves M,box of 200,200,164,167348.12,0.1,150613.31,po,45,
2023-10-15,Site Surabaya,Sehat Medika,HBA1C-SEH,HbA1c reagent (Sehat),HbA1c reagent,kit of 50 tests,50,30,2209659.07,0.1,1988693.16,po,60,
2023-10-15,Site Surabaya,Medisindo,IVC22-MED,IV cannula 22G (Medisindo),IV cannula 22G,each,1,2741,11758.05,0.1,10582.24,po,45,
2023-10-15,Site Surabaya,Nusantara Farma,PCT1G-NUS,Paracetamol 1 g infusion (Nusantara),Paracetamol 1 g infusion,bottle,1,3035,29949.17,0.05,28451.71,po,45,
2023-10-15,Site Surabaya,Medisindo,SUT20-MED,Absorbable suture 2-0 (Medisindo),Absorbable suture 2-0,box of 36,36,21,2370402.89,0.1,2133362.6,po,45,
2023-10-15,Site Surabaya,Medisindo,SYR3-MED,Syringe 3 mL luer lock (Medisindo),Syringe 3 mL,box of 100,100,111,163949.74,0.1,147554.77,po,45,
2023-10-15,Site Surabaya,Global Diagnostika,TNI-GLO,Troponin I reagent (Global),Troponin I reagent,kit of 100 tests,100,11,10288251.13,0.15,8745013.46,po,45,
2023-10-15,Site Tangerang,Medisindo,CEF1G-MED,Ceftriaxone 1 g injection (Medisindo),Ceftriaxone 1 g inj,box of 10 vials,10,419,159147.59,0.12,140049.88,po,30,
2023-10-15,Site Tangerang,Surgika Utama,DES-SUR,Drug-eluting coronary stent (Surgika),Drug-eluting stent,each,1,14,13404497.46,0.1,12064047.71,po,30,
2023-10-15,Site Tangerang,Nusantara Farma,GLV-M-NUS,Nitrile exam gloves M (Nusantara),Nitrile gloves M,box of 100,100,325,92087.82,0.1,82879.04,po,60,
2023-10-15,Site Tangerang,Prima Alkes,HBA1C-PRI,HbA1c reagent (Prima),HbA1c reagent,kit of 100 tests,100,16,5006295.4,0.08,4605791.77,po,60,
2023-10-15,Site Tangerang,Prima Alkes,IVC22-PRI,IV cannula 22G (Prima),IV cannula 22G,box of 50,50,45,563158.82,0.08,518106.11,po,60,
2023-10-15,Site Tangerang,Nusantara Farma,PCT1G-NUS,Paracetamol 1 g infusion (Nusantara),Paracetamol 1 g infusion,bottle,1,3135,32855.26,0.1,29569.73,po,60,
2023-10-15,Site Tangerang,Medisindo,SUT20-MED,Absorbable suture 2-0 (Medisindo),Absorbable suture 2-0,box of 36,36,24,2518514.31,0.12,2216292.59,po,30,
2023-10-15,Site Tangerang,Global Diagnostika,SYR3-GLO,Syringe 3 mL luer lock (Global),Syringe 3 mL,each,1,11079,2041.97,0.2,1633.58,po,30,
2023-10-15,Site Tangerang,Sehat Medika,TNI-SEH,Troponin I reagent (Sehat),Troponin I reagent,kit of 200 tests,200,5,20743371.38,0.08,19083901.67,po,60,
2023-11-01,Site Makassar,Surgika Utama,DES-SUR,Drug-eluting coronary stent (Surgika),Drug-eluting stent,each,1,101,16472463.28,0.2,13177970.62,contract,60,2024-10-31
2023-11-01,Site Makassar,Surgika Utama,SUT20-SUR,Absorbable suture 2-0 (Surgika),Absorbable suture 2-0,box of 12,12,420,1050949.86,0.2,840759.89,contract,60,2024-10-31
2023-11-01,Site Medan,Prima Alkes,IVC22-PRI,IV cannula 22G (Prima),IV cannula 22G,box of 50,50,422,548617.29,0.05,521186.43,contract,30,2024-10-31
2023-11-01,Site Medan,Surgika Utama,SUT20-SUR,Absorbable suture 2-0 (Surgika),Absorbable suture 2-0,box of 12,12,560,900092.08,0.12,792081.03,contract,60,2024-10-31
2023-11-01,Site Surabaya,Medisindo,SYR3-MED,Syringe 3 mL luer lock (Medisindo),Syringe 3 mL,box of 100,100,1296,164028.2,0.1,147625.38,contract,45,2024-10-31
2023-11-15,Site Jakarta South,Prima Alkes,CEF1G-NUS,Ceftriaxone 1 g injection (Nusantara),Ceftriaxone 1 g inj,vial,1,4231,18266.07,0.15,15526.16,po,60,
2023-11-15,Site Jakarta South,Surgika Utama,DES-SUR,Drug-eluting coronary stent (Surgika),Drug-eluting stent,each,1,17,14808708.4,0.2,11846966.72,po,45,
2023-11-15,Site Jakarta South,Medisindo,GLV-M-MED,Nitrile exam gloves M (Medisindo),Nitrile gloves M,box of 200,200,203,173031.15,0.12,152267.41,po,45,
2023-11-15,Site Jakarta South,Global Diagnostika,HBA1C-GLO,HbA1c reagent (Global),HbA1c reagent,kit of 100 tests,100,20,4600853.57,0.08,4232785.28,po,60,
2023-11-15,Site Jakarta South,Medisindo,IVC22-MED,IV cannula 22G (Medisindo),IV cannula 22G,each,1,3138,12248.16,0.12,10778.38,po,45,
2023-11-15,Site Jakarta South,Prima Alkes,PCT1G-PRI,Paracetamol 1 g infusion (Prima),Paracetamol 1 g infusion,box of 12 bottles,12,301,373776.42,0.15,317709.96,po,60,
2023-11-15,Site Jakarta South,Surgika Utama,SUT20-SUR,Absorbable suture 2-0 (Surgika),Absorbable suture 2-0,box of 12,12,80,957351.75,0.2,765881.4,po,45,
2023-11-15,Site Jakarta South,Global Diagnostika,SYR3-GLO,Syringe 3 mL luer lock (Global),Syringe 3 mL,each,1,12873,1747.79,0.08,1607.97,po,60,
2023-11-15,Site Jakarta South,Global Diagnostika,TNI-GLO,Troponin I reagent (Global),Troponin I reagent,kit of 100 tests,100,12,9679312.89,0.08,8904967.86,po,60,
2023-11-15,Site Jakarta West,Sehat Medika,CEF1G-SEH,Ceftriaxone 1 g injection (Sehat),Ceftriaxone 1 g inj,box of 100 vials,100,55,1830489.33,0.15,1555915.93,po,30,
2023-11-15,Site Jakarta West,Surgika Utama,DES-SUR,Drug-eluting coronary stent (Surgika),Drug-eluting stent,each,1,21,12971374.01,0.1,11674236.61,po,45,
2023-11-15,Site Jakarta West,Nusantara Farma,GLV-M-NUS,Nitrile exam gloves M (Nusantara),Nitrile gloves M,box of 100,100,486,86598.7,0.1,77938.83,po,60,
2023-11-15,Site Jakarta West,Prima Alkes,HBA1C-PRI,HbA1c reagent (Prima),HbA1c reagent,kit of 100 tests,100,24,5579996.13,0.2,4463996.9,po,60,
2023-11-15,Site Jakarta West,Sehat Medika,IVC22-SEH,IV cannula 22G (Sehat),IV cannula 22G,box of 100,100,31,1084745.88,0.15,922034.0,po,30,
2023-11-15,Site Jakarta West,Prima Alkes,PCT1G-PRI,Paracetamol 1 g infusion (Prima),Paracetamol 1 g infusion,box of 12 bottles,12,364,389802.85,0.2,311842.28,po,60,
2023-11-15,Site Jakarta West,Surgika Utama,SUT20-SUR,Absorbable suture 2-0 (Surgika),Absorbable suture 2-0,box of 12,12,86,830688.16,0.1,747619.34,po,45,
2023-11-15,Site Jakarta West,Global Diagnostika,SYR3-GLO,Syringe 3 mL luer lock (Global),Syringe 3 mL,each,1,15130,1728.73,0.1,1555.86,po,30,
2023-11-15,Site Jakarta West,Sehat Medika,TNI-SEH,Troponin I reagent (Sehat),Troponin I reagent,kit of 200 tests,200,8,21347007.69,0.15,18144956.54,po,30,
2023-11-15,Site Makassar,Medisindo,CEF1G-MED,Ceftriaxone 1 g injection (Medisindo),Ceftriaxone 1 g inj,box of 10 vials,10,230,168908.9,0.1,152018.01,po,45,
2023-11-15,Site Makassar,Surgika Utama,DES-SUR,Drug-eluting coronary stent (Surgika),Drug-eluting stent,each,1,9,16394330.93,0.2,13115464.74,po,60,
2023-11-15,Site Makassar,Nusantara Farma,GLV-M-NUS,Nitrile exam gloves M (Nusantara),Nitrile gloves M,box of 100,100,189,105369.15,0.15,89563.78,po,30,
2023-11-15,Site Makassar,Prima Alkes,HBA1C-PRI,HbA1c reagent (Prima),HbA1c reagent,kit of 100 tests,100,8,6195910.6,0.2,4956728.48,po,30,
2023-11-15,Site Makassar,Prima Alkes,IVC22-PRI,IV cannula 22G (Prima),IV cannula 22G,box of 50,50,24,700506.06,0.2,560404.85,po,30,
2023-11-15,Site Makassar,Prima Alkes,PCT1G-PRI,Paracetamol 1 g infusion (Prima),Paracetamol 1 g infusion,box of 12 bottles,12,143,441248.82,0.2,352999.06,po,30,
2023-11-15,Site Makassar,Surgika Utama,SUT20-SUR,Absorbable suture 2-0 (Surgika),Absorbable suture 2-0,box of 12,12,32,1062693.98,0.2,850155.18,po,60,
2023-11-15,Site Makassar,Prima Alkes,SYR3-PRI,Syringe 3 mL luer lock (Prima),Syringe 3 mL,box of 50,50,102,98568.73,0.2,78854.98,po,30,
2023-11-15,Site Makassar,Sehat Medika,TNI-SEH,Troponin I reagent (Sehat),Troponin I reagent,kit of 200 tests,200,3,23453803.3,0.12,20639346.9,po,30,
2023-11-15,Site Medan,Nusantara Farma,CEF1G-NUS,Ceftriaxone 1 g injection (Nusantara),Ceftriaxone 1 g inj,vial,1,2524,16318.48,0.05,15502.56,po,45,
2023-11-15,Site Medan,Surgika Utama,DES-SUR,Drug-eluting coronary stent (Surgika),Drug-eluting stent,each,1,11,13959003.32,0.12,12283922.92,po,60,
2023-11-15,Site Medan,Nusantara Farma,GLV-M-NUS,Nitrile exam gloves M (Nusantara),Nitrile gloves M,box of 100,100,268,87470.33,0.05,83096.81,po,45,
2023-11-15,Site Medan,Sehat Medika,HBA1C-SEH,HbA1c reagent (Sehat),HbA1c reagent,kit of 50 tests,50,22,2474998.32,0.15,2103748.57,po,45,
2023-11-15,Site Medan,Prima Alkes,IVC22-PRI,IV cannula 22G (Prima),IV cannula 22G,box of 50,50,34,555134.51,0.05,527377.78,po,30,
2023-11-15,Site Medan,Prima Alkes,PCT1G-PRI,Paracetamol 1 g infusion (Prima),Paracetamol 1 g infusion,box of 12 bottles,12,181,350615.22,0.05,333084.46,po,30,
2023-11-15,Site Medan,Surgika Utama,SUT20-SUR,Absorbable suture 2-0 (Surgika),Absorbable suture 2-0,box of 12,12,44,915195.53,0.12,805372.07,po,60,
2023-11-15,Site Medan,Medisindo,SYR3-MED,Syringe 3 mL luer lock (Medisindo),Syringe 3 mL,box of 100,100,80,182972.24,0.15,155526.4,po,45,
2023-11-15,Site Medan,Sehat Medika,TNI-SEH,Troponin I reagent (Sehat),Troponin I reagent,kit of 200 tests,200,4,23184782.49,0.15,19707065.12,po,45,
2023-11-15,Site Surabaya,Sehat Medika,CEF1G-SEH,Ceftriaxone 1 g injection (Sehat),Ceftriaxone 1 g inj,box of 100 vials,100,45,1779822.49,0.1,1601840.24,po,60,
2023-11-15,Site Surabaya,Surgika Utama,DES-SUR,Drug-eluting coronary stent (Surgika),Drug-eluting stent,each,1,16,12968889.5,0.08,11931378.34,po,45,
2023-11-15,Site Surabaya,Medisindo,GLV-M-MED,Nitrile exam gloves M (Medisindo),Nitrile gloves M,box of 200,200,200,166012.23,0.1,149411.01,po,45,
2023-11-15,Site Surabaya,Sehat Medika,HBA1C-SEH,HbA1c reagent (Sehat),HbA1c reagent,kit of 50 tests,50,35,2208247.45,0.1,1987422.71,po,60,
2023-11-15,Site Surabaya,Medisindo,IVC22-MED,IV cannula 22G (Medisindo),IV cannula 22G,each,1,2948,11602.23,0.1,10442.01,po,45,
2023-11-15,Site Surabaya,Nusantara Farma,PCT1G-NUS,Paracetamol 1 g infusion (Nusantara),Paracetamol 1 g infusion,bottle,1,2931,30175.76,0.05,28666.97,po,45,
2023-11-15,Site Surabaya,Medisindo,SUT20-MED,Absorbable suture 2-0 (Medisindo),Absorbable suture 2-0,box of 36,36,24,2385401.95,0.1,2146861.76,po,45,
2023-11-15,Site Surabaya,Medisindo,SYR3-MED,Syringe 3 mL luer lock (Medisindo),Syringe 3 mL,box of 100,100,108,167049.79,0.1,150344.81,po,45,
2023-11-15,Site Surabaya,Global Diagnostika,TNI-GLO,Troponin I reagent (Global),Troponin I reagent,kit of 100 tests,100,10,10426006.02,0.15,8862105.12,po,45,
2023-11-15,Site Tangerang,Medisindo,CEF1G-MED,Ceftriaxone 1 g injection (Medisindo),Ceftriaxone 1 g inj,box of 10 vials,10,409,157860.99,0.12,138917.67,po,30,
2023-11-15,Site Tangerang,Surgika Utama,DES-SUR,Drug-eluting coronary stent (Surgika),Drug-eluting stent,each,1,17,13499315.13,0.1,12149383.62,po,30,
2023-11-15,Site Tangerang,Nusantara Farma,GLV-M-NUS,Nitrile exam gloves M (Nusantara),Nitrile gloves M,box of 100,100,300,91368.28,0.1,82231.45,po,60,
2023-11-15,Site Tangerang,Prima Alkes,HBA1C-PRI,HbA1c reagent (Prima),HbA1c reagent,kit of 100 tests,100,16,5091517.52,0.08,4684196.12,po,60,
2023-11-15,Site Tangerang,Prima Alkes,IVC22-PRI,IV cannula 22G (Prima),IV cannula 22G,box of 50,50,48,557802.67,0.08,513178.46,po,60,
2023-11-15,Site Tangerang,Nusantara Farma,PCT1G-NUS,Paracetamol 1 g infusion (Nusantara),Paracetamol 1 g infusion,bottle,1,2668,32700.16,0.1,29430.14,po,60,
2023-11-15,Site Tangerang,Medisindo,SUT20-MED,Absorbable suture 2-0 (Medisindo),Absorbable suture 2-0,box of 36,36,21,2536463.3,0.12,2232087.7,po,30,
2023-11-15,Site Tangerang,Global Diagnostika,SYR3-GLO,Syringe 3 mL luer lock (Global),Syringe 3 mL,each,1,9653,2029.36,0.2,1623.49,po,30,
2023-11-15,Site Tangerang,Sehat Medika,TNI-SEH,Troponin I reagent (Sehat),Troponin I reagent,kit of 200 tests,200,4,20992365.82,0.08,19312976.55,po,60,
2023-12-01,Site Jakarta South,Surgika Utama,DES-SUR,Drug-eluting coronary stent (Surgika),Drug-eluting stent,each,1,218,15093895.26,0.2,12075116.21,contract,45,2024-11-30
2023-12-01,Site Jakarta South,Medisindo,IVC22-MED,IV cannula 22G (Medisindo),IV cannula 22G,each,1,34320,12127.51,0.12,10672.21,contract,45,2024-11-30
2023-12-01,Site Jakarta South,Global Diagnostika,SYR3-GLO,Syringe 3 mL luer lock (Global),Syringe 3 mL,each,1,140400,1748.61,0.08,1608.72,contract,60,2024-11-30
2023-12-01,Site Jakarta West,Global Diagnostika,SYR3-GLO,Syringe 3 mL luer lock (Global),Syringe 3 mL,each,1,172800,1710.05,0.1,1539.05,contract,30,2024-11-30
2023-12-01,Site Surabaya,Surgika Utama,DES-SUR,Drug-eluting coronary stent (Surgika),Drug-eluting stent,each,1,202,12984143.93,0.08,11945412.42,contract,45,2024-11-30
2023-12-01,Site Tangerang,Prima Alkes,HBA1C-PRI,HbA1c reagent (Prima),HbA1c reagent,kit of 100 tests,100,185,5044562.64,0.08,4640997.63,contract,60,2024-11-30
2023-12-15,Site Jakarta South,Prima Alkes,CEF1G-NUS,Ceftriaxone 1 g injection (Nusantara),Ceftriaxone 1 g inj,vial,1,4646,18468.1,0.15,15697.88,po,60,
2023-12-15,Site Jakarta South,Surgika Utama,DES-SUR,Drug-eluting coronary stent (Surgika),Drug-eluting stent,each,1,18,15073333.09,0.2,12058666.47,po,45,
2023-12-15,Site Jakarta South,Medisindo,GLV-M-MED,Nitrile exam gloves M (Medisindo),Nitrile gloves M,box of 200,200,173,174933.19,0.12,153941.21,po,45,
2023-12-15,Site Jakarta South,Global Diagnostika,HBA1C-GLO,HbA1c reagent (Global),HbA1c reagent,kit of 100 tests,100,20,4584839.3,0.08,4218052.16,po,60,
2023-12-15,Site Jakarta South,Medisindo,IVC22-MED,IV cannula 22G (Medisindo),IV cannula 22G,each,1,3018,12039.48,0.12,10594.74,po,45,
2023-12-15,Site Jakarta South,Prima Alkes,PCT1G-PRI,Paracetamol 1 g infusion (Prima),Paracetamol 1 g infusion,box of 12 bottles,12,281,375529.78,0.15,319200.31,po,60,
2023-12-15,Site Jakarta South,Surgika Utama,SUT20-SUR,Absorbable suture 2-0 (Surgika),Absorbable suture 2-0,box of 12,12,69,970623.24,0.2,776498.59,po,45,
2023-12-15,Site Jakarta South,Global Diagnostika,SYR3-GLO,Syringe 3 mL luer lock (Global),Syringe 3 mL,each,1,11675,1731.57,0.08,1593.04,po,60,
2023-12-15,Site Jakarta South,Global Diagnostika,TNI-GLO,Troponin I reagent (Global),Troponin I reagent,kit of 100 tests,100,11,9679124.79,0.08,8904794.81,po,60,
2023-12-15,Site Jakarta West,Sehat Medika,CEF1G-SEH,Ceftriaxone 1 g injection (Sehat),Ceftriaxone 1 g inj,box of 100 vials,100,62,1831573.13,0.15,1556837.16,po,30,
2023-12-15,Site Jakarta West,Surgika Utama,DES-SUR,Drug-eluting coronary stent (Surgika),Drug-eluting stent,each,1,24,12953319.13,0.1,11657987.22,po,45,
2023-12-15,Site Jakarta West,Nusantara Farma,GLV-M-NUS,Nitrile exam gloves M (Nusantara),Nitrile gloves M,box of 100,100,484,88114.41,0.1,79302.97,po,60,
2023-12-15,Site Jakarta West,Prima Alkes,HBA1C-PRI,HbA1c reagent (Prima),HbA1c reagent,kit of 100 tests,100,23,5590755.31,0.2,4472604.25,po,60,
2023-12-15,Site Jakarta West,Sehat Medika,IVC22-SEH,IV cannula 22G (Sehat),IV cannula 22G,box of 100,100,37,1078876.93,0.15,917045.39,po,30,
2023-12-15,Site Jakarta West,Prima Alkes,PCT1G-PRI,Paracetamol 1 g infusion (Prima),Paracetamol 1 g infusion,box of 12 bottles,12,363,390169.08,0.2,312135.26,po,60,
2023-12-15,Site Jakarta West,Surgika Utama,SUT20-SUR,Absorbable suture 2-0 (Surgika),Absorbable suture 2-0,box of 12,12,104,841764.22,0.1,757587.8,po,45,
2023-12-15,Site Jakarta West,Global Diagnostika,SYR3-GLO,Syringe 3 mL luer lock (Global),Syringe 3 mL,each,1,14588,1727.94,0.1,1555.15,po,30,
2023-12-15,Site Jakarta West,Sehat Medika,TNI-SEH,Troponin I reagent (Sehat),Troponin I reagent,kit of 200 tests,200,6,21795033.43,0.15,18525778.42,po,30,
2023-12-15,Site Makassar,Medisindo,CEF1G-MED,Ceftriaxone 1 g injection (Medisindo),Ceftriaxone 1 g inj,box of 10 vials,10,211,167179.01,0.1,150461.11,po,45,
2023-12-15,Site Makassar,Surgika Utama,DES-SUR,Drug-eluting coronary stent (Surgika),Drug-eluting stent,each,1,9,16344824.2,0.2,13075859.36,po,60,
2023-12-15,Site Makassar,Nusantara Farma,GLV-M-NUS,Nitrile exam gloves M (Nusantara),Nitrile gloves M,box of 100,100,184,105620.14,0.15,89777.12,po,30,
2023-12-15,Site Makassar,Prima Alkes,HBA1C-PRI,HbA1c reagent (Prima),HbA1c reagent,kit of 100 tests,100,8,6194493.42,0.2,4955594.74,po,30,
2023-12-15,Site Makassar,Prima Alkes,IVC22-PRI,IV cannula 22G (Prima),IV cannula 22G,box of 50,50,24,693054.84,0.2,554443.87,po,30,
2023-12-15,Site Makassar,Prima Alkes,PCT1G-PRI,Paracetamol 1 g infusion (Prima),Paracetamol 1 g infusion,box of 12 bottles,12,144,441319.07,0.2,353055.26,po,30,
2023-12-15,Site Makassar,Surgika Utama,SUT20-SUR,Absorbable suture 2-0 (Surgika),Absorbable suture 2-0,box of 12,12,33,1059187.61,0.2,847350.09,po,60,
2023-12-15,Site Makassar,Prima Alkes,SYR3-PRI,Syringe 3 mL luer lock (Prima),Syringe 3 mL,box of 50,50,104,97830.72,0.2,78264.58,po,30,
2023-12-15,Site Makassar,Sehat Medika,TNI-SEH,Troponin I reagent (Sehat),Troponin I reagent,kit of 200 tests,200,3,23613631.43,0.12,20779995.66,po,30,
2023-12-15,Site Medan,Nusantara Farma,CEF1G-NUS,Ceftriaxone 1 g injection (Nusantara),Ceftriaxone 1 g inj,vial,1,2839,16446.95,0.05,15624.6,po,45,
2023-12-15,Site Medan,Surgika Utama,DES-SUR,Drug-eluting coronary stent (Surgika),Drug-eluting stent,each,1,10,14098720.07,0.12,12406873.66,po,60,
2023-12-15,Site Medan,Nusantara Farma,GLV-M-NUS,Nitrile exam gloves M (Nusantara),Nitrile gloves M,box of 100,100,235,88821.66,0.05,84380.58,po,45,
2023-12-15,Site Medan,Sehat Medika,HBA1C-SEH,HbA1c reagent (Sehat),HbA1c reagent,kit of 50 tests,50,24,2475237.18,0.15,2103951.6,po,45,
2023-12-15,Site Medan,Prima Alkes,IVC22-PRI,IV cannula 22G (Prima),IV cannula 22G,box of 50,50,36,561773.28,0.05,533684.62,po,30,
2023-12-15,Site Medan,Prima Alkes,PCT1G-PRI,Paracetamol 1 g infusion (Prima),Paracetamol 1 g infusion,box of 12 bottles,12,167,348533.18,0.05,331106.52,po,30,
2023-12-15,Site Medan,Surgika Utama,SUT20-SUR,Absorbable suture 2-0 (Surgika),Absorbable suture 2-0,box of 12,12,50,920667.68,0.12,810187.56,po,60,
2023-12-15,Site Medan,Medisindo,SYR3-MED,Syringe 3 mL luer lock (Medisindo),Syringe 3 mL,box of 100,100,70,184419.41,0.15,156756.5,po,45,
2023-12-15,Site Medan,Sehat Medika,TNI-SEH,Troponin I reagent (Sehat),Troponin I reagent,kit of 200 tests,200,4,23326288.4,0.15,19827345.14,po,45,
2023-12-15,Site Surabaya,Sehat Medika,CEF1G-SEH,Ceftriaxone 1 g injection (Sehat),Ceftriaxone 1 g inj,box of 100 vials,100,38,1784945.87,0.1,1606451.28,po,60,
2023-12-15,Site Surabaya,Surgika Utama,DES-SUR,Drug-eluting coronary stent (Surgika),Drug-eluting stent,each,1,15,12776998.17,0.08,11754838.32,po,45,
2023-12-15,Site Surabaya,Medisindo,GLV-M-MED,Nitrile exam gloves M (Medisindo),Nitrile gloves M,box of 200,200,173,168224.06,0.1,151401.65,po,45,
2023-12-15,Site Surabaya,Sehat Medika,HBA1C-SEH,HbA1c reagent (Sehat),HbA1c reagent,kit of 50 tests,50,31,2198068.78,0.1,1978261.9,po,60,
2023-12-15,Site Surabaya,Medisindo,IVC22-MED,IV cannula 22G (Medisindo),IV cannula 22G,each,1,2405,11805.37,0.1,10624.83,po,45,
2023-12-15,Site Surabaya,Nusantara Farma,PCT1G-NUS,Paracetamol 1 g infusion (Nusantara),Paracetamol 1 g infusion,bottle,1,3225,30377.23,0.05,28858.37,po,45,
2023-12-15,Site Surabaya,Medisindo,SUT20-MED,Absorbable suture 2-0 (Medisindo),Absorbable suture 2-0,box of 36,36,24,2382331.75,0.1,2144098.58,po,45,
2023-12-15,Site Surabaya,Medisindo,SYR3-MED,Syringe 3 mL luer lock (Medisindo),Syringe 3 mL,box of 100,100,120,163915.17,0.1,147523.65,po,45,
2023-12-15,Site Surabaya,Global Diagnostika,TNI-GLO,Troponin I reagent (Global),Troponin I reagent,kit of 100 tests,100,10,10284945.84,0.15,8742203.96,po,45,
2023-12-15,Site Tangerang,Medisindo,CEF1G-MED,Ceftriaxone 1 g injection (Medisindo),Ceftriaxone 1 g inj,box of 10 vials,10,419,158491.76,0.12,139472.75,po,30,
2023-12-15,Site Tangerang,Surgika Utama,DES-SUR,Drug-eluting coronary stent (Surgika),Drug-eluting stent,each,1,17,13427591.83,0.1,12084832.65,po,30,
2023-12-15,Site Tangerang,Nusantara Farma,GLV-M-NUS,Nitrile exam gloves M (Nusantara),Nitrile gloves M,box of 100,100,301,90908.83,0.1,81817.95,po,60,
2023-12-15,Site Tangerang,Prima Alkes,HBA1C-PRI,HbA1c reagent (Prima),HbA1c reagent,kit of 100 tests,100,16,5083363.06,0.08,4676694.02,po,60,
2023-12-15,Site Tangerang,Prima Alkes,IVC22-PRI,IV cannula 22G (Prima),IV cannula 22G,box of 50,50,45,563790.51,0.08,518687.27,po,60,
2023-12-15,Site Tangerang,Nusantara Farma,PCT1G-NUS,Paracetamol 1 g infusion (Nusantara),Paracetamol 1 g infusion,bottle,1,2674,33085.54,0.1,29776.99,po,60,
2023-12-15,Site Tangerang,Medisindo,SUT20-MED,Absorbable suture 2-0 (Medisindo),Absorbable suture 2-0,box of 36,36,23,2512590.5,0.12,2211079.64,po,30,
2023-12-15,Site Tangerang,Global Diagnostika,SYR3-GLO,Syringe 3 mL luer lock (Global),Syringe 3 mL,each,1,10964,2042.73,0.2,1634.18,po,30,
2023-12-15,Site Tangerang,Sehat Medika,TNI-SEH,Troponin I reagent (Sehat),Troponin I reagent,kit of 200 tests,200,5,20964860.08,0.08,19287671.27,po,60,
2024-01-01,Site Surabaya,Nusantara Farma,PCT1G-NUS,Paracetamol 1 g infusion (Nusantara),Paracetamol 1 g infusion,bottle,1,37440,30050.77,0.05,28548.23,contract,45,2024-12-31
2024-01-01,Site Surabaya,Medisindo,SUT20-MED,Absorbable suture 2-0 (Medisindo),Absorbable suture 2-0,box of 36,36,280,2409812.35,0.1,2168831.12,contract,45,2024-12-31
2024-01-15,Site Jakarta South,Prima Alkes,CEF1G-NUS,Ceftriaxone 1 g injection (Nusantara),Ceftriaxone 1 g inj,vial,1,4522,18432.22,0.15,15667.39,po,60,
2024-01-15,Site Jakarta South,Surgika Utama,DES-SUR,Drug-eluting coronary stent (Surgika),Drug-eluting stent,each,1,17,14852541.42,0.2,11882033.14,po,45,
2024-01-15,Site Jakarta South,Medisindo,GLV-M-MED,Nitrile exam gloves M (Medisindo),Nitrile gloves M,box of 200,200,217,173702.08,0.12,152857.83,po,45,
2024-01-15,Site Jakarta South,Global Diagnostika,HBA1C-GLO,HbA1c reagent (Global),HbA1c reagent,kit of 100 tests,100,19,4688650.45,0.08,4313558.41,po,60,
2024-01-15,Site Jakarta South,Medisindo,IVC22-MED,IV cannula 22G (Medisindo),IV cannula 22G,each,1,2904,12210.29,0.12,10745.06,po,45,
2024-01-15,Site Jakarta South,Prima Alkes,PCT1G-PRI,Paracetamol 1 g infusion (Prima),Paracetamol 1 g infusion,box of 12 bottles,12,283,379502.67,0.15,322577.27,po,60,
2024-01-15,Site Jakarta South,Surgika Utama,SUT20-SUR,Absorbable suture 2-0 (Surgika),Absorbable suture 2-0,box of 12,12,80,965546.11,0.2,772436.89,po,45,
2024-01-15,Site Jakarta South,Global Diagnostika,SYR3-GLO,Syringe 3 mL luer lock (Global),Syringe 3 mL,each,1,10812,1760.29,0.08,1619.47,po,60,
2024-01-15,Site Jakarta South,Global Diagnostika,TNI-GLO,Troponin I reagent (Global),Troponin I reagent,kit of 100 tests,100,12,9758149.75,0.08,8977497.77,po,60,
2024-01-15,Site Jakarta West,Sehat Medika,CEF1G-SEH,Ceftriaxone 1 g injection (Sehat),Ceftriaxone 1 g inj,box of 100 vials,100,54,1853844.44,0.15,1575767.77,po,30,
2024-01-15,Site Jakarta West,Surgika Utama,DES-SUR,Drug-eluting coronary stent (Surgika),Drug-eluting stent,each,1,23,12831380.59,0.1,11548242.53,po,45,
2024-01-15,Site Jakarta West,Nusantara Farma,GLV-M-NUS,Nitrile exam gloves M (Nusantara),Nitrile gloves M,box of 100,100,462,88413.72,0.1,79572.35,po,60,
2024-01-15,Site Jakarta West,Prima Alkes,HBA1C-PRI,HbA1c reagent (Prima),HbA1c reagent,kit of 100 tests,100,24,5537829.23,0.2,4430263.38,po,60,
2024-01-15,Site Jakarta West,Sehat Medika,IVC22-SEH,IV cannula 22G (Sehat),IV cannula 22G,box of 100,100,38,1095919.08,0.15,931531.22,po,30,
2024-01-15,Site Jakarta West,Prima Alkes,PCT1G-PRI,Paracetamol 1 g infusion (Prima),Paracetamol 1 g infusion,box of 12 bottles,12,378,384369.47,0.2,307495.58,po,60,
2024-01-15,Site Jakarta West,Surgika Utama,SUT20-SUR,Absorbable suture 2-0 (Surgika),Absorbable suture 2-0,box of 12,12,99,832569.03,0.1,749312.13,po,45,
2024-01-15,Site Jakarta West,Global Diagnostika,SYR3-GLO,Syringe 3 mL luer lock (Global),Syringe 3 mL,each,1,15057,1746.92,0.1,1572.23,po,30,
2024-01-15,Site Jakarta West,Sehat Medika,TNI-SEH,Troponin I reagent (Sehat),Troponin I reagent,kit of 200 tests,200,7,21425919.98,0.15,18212031.98,po,30,
2024-01-15,Site Makassar,Medisindo,CEF1G-MED,Ceftriaxone 1 g injection (Medisindo),Ceftriaxone 1 g inj,box of 10 vials,10,223,170189.21,0.1,153170.29,po,45,
2024-01-15,Site Makassar,Surgika Utama,DES-SUR,Drug-eluting coronary stent (Surgika),Drug-eluting stent,each,1,9,16295825.98,0.2,13036660.78,po,60,
2024-01-15,Site Makassar,Nusantara Farma,GLV-M-NUS,Nitrile exam gloves M (Nusantara),Nitrile gloves M,box of 100,100,162,105491.13,0.15,89667.46,po,30,
2024-01-15,Site Makassar,Prima Alkes,HBA1C-PRI,HbA1c reagent (Prima),HbA1c reagent,kit of 100 tests,100,8,6293696.65,0.2,5034957.32,po,30,
2024-01-15,Site Makassar,Prima Alkes,IVC22-PRI,IV cannula 22G (Prima),IV cannula 22G,box of 50,50,26,695217.19,0.2,556173.75,po,30,
2024-01-15,Site Makassar,Prima Alkes,PCT1G-PRI,Paracetamol 1 g infusion (Prima),Paracetamol 1 g infusion,box of 12 bottles,12,143,442995.93,0.2,354396.74,po,30,
2024-01-15,Site Makassar,Surgika Utama,SUT20-SUR,Absorbable suture 2-0 (Surgika),Absorbable suture 2-0,box of 12,12,35,1065526.0,0.2,852420.8,po,60,
2024-01-15,Site Makassar,Prima Alkes,SYR3-PRI,Syringe 3 mL luer lock (Prima),Syringe 3 mL,box of 50,50,118,98778.34,0.2,79022.67,po,30,
2024-01-15,Site Makassar,Sehat Medika,TNI-SEH,Troponin I reagent (Sehat),Troponin I reagent,kit of 200 tests,200,2,23896605.17,0.12,21029012.55,po,30,
2024-01-15,Site Medan,Nusantara Farma,CEF1G-NUS,Ceftriaxone 1 g injection (Nusantara),Ceftriaxone 1 g inj,vial,1,2995,16528.44,0.05,15702.02,po,45,
2024-01-15,Site Medan,Surgika Utama,DES-SUR,Drug-eluting coronary stent (Surgika),Drug-eluting stent,each,1,11,13984699.35,0.12,12306535.43,po,60,
2024-01-15,Site Medan,Nusantara Farma,GLV-M-NUS,Nitrile exam gloves M (Nusantara),Nitrile gloves M,box of 100,100,241,88125.6,0.05,83719.32,po,45,
2024-01-15,Site Medan,Sehat Medika,HBA1C-SEH,HbA1c reagent (Sehat),HbA1c reagent,kit of 50 tests,50,22,2457122.01,0.15,2088553.71,po,45,
2024-01-15,Site Medan,Prima Alkes,IVC22-PRI,IV cannula 22G (Prima),IV cannula 22G,box of 50,50,35,561182.22,0.05,533123.11,po,30,
2024-01-15,Site Medan,Prima Alkes,PCT1G-PRI,Paracetamol 1 g infusion (Prima),Paracetamol 1 g infusion,box of 12 bottles,12,178,353313.03,0.05,335647.38,po,30,
2024-01-15,Site Medan,Surgika Utama,SUT20-SUR,Absorbable suture 2-0 (Surgika),Absorbable suture 2-0,box of 12,12,44,913401.99,0.12,803793.75,po,60,
2024-01-15,Site Medan,Medisindo,SYR3-MED,Syringe 3 mL luer lock (Medisindo),Syringe 3 mL,box of 100,100,66,184151.39,0.15,156528.68,po,45,
2024-01-15,Site Medan,Sehat Medika,TNI-SEH,Troponin I reagent (Sehat),Troponin I reagent,kit of 200 tests,200,4,22984918.78,0.15,19537180.96,po,45,
2024-01-15,Site Surabaya,Sehat Medika,CEF1G-SEH,Ceftriaxone 1 g injection (Sehat),Ceftriaxone 1 g inj,box of 100 vials,100,47,1779553.97,0.1,1601598.57,po,60,
2024-01-15,Site Surabaya,Surgika Utama,DES-SUR,Drug-eluting coronary stent (Surgika),Drug-eluting stent,each,1,16,12994738.33,0.08,11955159.26,po,45,
2024-01-15,Site Surabaya,Medisindo,GLV-M-MED,Nitrile exam gloves M (Medisindo),Nitrile gloves M,box of 200,200,180,168544.66,0.1,151690.19,po,45,
2024-01-15,Site Surabaya,Sehat Medika,HBA1C-SEH,HbA1c reagent (Sehat),HbA1c reagent,kit of 50 tests,50,34,2245316.19,0.1,2020784.57,po,60,
2024-01-15,Site Surabaya,Medisindo,IVC22-MED,IV cannula 22G (Medisindo),IV cannula 22G,each,1,2722,11771.92,0.1,10594.73,po,45,
2024-01-15,Site Surabaya,Nusantara Farma,PCT1G-NUS,Paracetamol 1 g infusion (Nusantara),Paracetamol 1 g infusion,bottle,1,2927,30767.44,0.05,29229.07,po,45,
2024-01-15,Site Surabaya,Medisindo,SUT20-MED,Absorbable suture 2-0 (Medisindo),Absorbable suture 2-0,box of 36,36,22,2423163.26,0.1,2180846.93,po,45,
2024-01-15,Site Surabaya,Medisindo,SYR3-MED,Syringe 3 mL luer lock (Medisindo),Syringe 3 mL,box of 100,100,108,166678.42,0.1,150010.58,po,45,
2024-01-15,Site Surabaya,Global Diagnostika,TNI-GLO,Troponin I reagent (Global),Troponin I reagent,kit of 100 tests,100,10,10340934.23,0.15,8789794.1,po,45,
2024-01-15,Site Tangerang,Medisindo,CEF1G-MED,Ceftriaxone 1 g injection (Medisindo),Ceftriaxone 1 g inj,box of 10 vials,10,422,159154.6,0.12,140056.05,po,30,
2024-01-15,Site Tangerang,Surgika Utama,DES-SUR,Drug-eluting coronary stent (Surgika),Drug-eluting stent,each,1,14,13637511.71,0.1,12273760.54,po,30,
2024-01-15,Site Tangerang,Nusantara Farma,GLV-M-NUS,Nitrile exam gloves M (Nusantara),Nitrile gloves M,box of 100,100,349,92701.94,0.1,83431.75,po,60,
2024-01-15,Site Tangerang,Prima Alkes,HBA1C-PRI,HbA1c reagent (Prima),HbA1c reagent,kit of 100 tests,100,16,5133160.74,0.08,4722507.88,po,60,
2024-01-15,Site Tangerang,Prima Alkes,IVC22-PRI,IV cannula 22G (Prima),IV cannula 22G,box of 50,50,45,567866.71,0.08,522437.37,po,60,
2024-01-15,Site Tangerang,Nusantara Farma,PCT1G-NUS,Paracetamol 1 g infusion (Nusantara),Paracetamol 1 g infusion,bottle,1,2940,32965.79,0.1,29669.21,po,60,
2024-01-15,Site Tangerang,Medisindo,SUT20-MED,Absorbable suture 2-0 (Medisindo),Absorbable suture 2-0,box of 36,36,20,2555883.94,0.12,2249177.87,po,30,
2024-01-15,Site Tangerang,Global Diagnostika,SYR3-GLO,Syringe 3 mL luer lock (Global),Syringe 3 mL,each,1,9669,2027.47,0.2,1621.98,po,30,
2024-01-15,Site Tangerang,Sehat Medika,TNI-SEH,Troponin I reagent (Sehat),Troponin I reagent,kit of 200 tests,200,4,21196995.07,0.08,19501235.46,po,60,
2024-02-01,Site Jakarta South,Prima Alkes,PCT1G-PRI,Paracetamol 1 g infusion (Prima),Paracetamol 1 g infusion,box of 12 bottles,12,3380,381462.3,0.15,324242.95,contract,60,2025-01-31
2024-02-01,Site Jakarta South,Surgika Utama,SUT20-SUR,Absorbable suture 2-0 (Surgika),Absorbable suture 2-0,box of 12,12,910,971865.84,0.2,777492.67,contract,45,2025-01-31
2024-02-01,Site Jakarta South,Global Diagnostika,TNI-GLO,Troponin I reagent (Global),Troponin I reagent,kit of 100 tests,100,140,9703468.76,0.08,8927191.26,contract,60,2025-01-31
2024-02-01,Site Jakarta West,Prima Alkes,PCT1G-PRI,Paracetamol 1 g infusion (Prima),Paracetamol 1 g infusion,box of 12 bottles,12,4160,386999.15,0.2,309599.32,contract,60,2025-01-31
2024-02-01,Site Medan,Surgika Utama,DES-SUR,Drug-eluting coronary stent (Surgika),Drug-eluting stent,each,1,134,14157332.11,0.12,12458452.26,contract,60,2025-01-31
2024-02-01,Site Surabaya,Medisindo,IVC22-MED,IV cannula 22G (Medisindo),IV cannula 22G,each,1,31680,11761.05,0.1,10584.94,contract,45,2025-01-31
2024-02-01,Site Surabaya,Global Diagnostika,TNI-GLO,Troponin I reagent (Global),Troponin I reagent,kit of 100 tests,100,130,10412327.59,0.15,8850478.45,contract,45,2025-01-31
2024-02-15,Site Jakarta South,Prima Alkes,CEF1G-NUS,Ceftriaxone 1 g injection (Nusantara),Ceftriaxone 1 g inj,vial,1,4898,18200.55,0.15,15470.47,po,60,
2024-02-15,Site Jakarta South,Surgika Utama,DES-SUR,Drug-eluting coronary stent (Surgika),Drug-eluting stent,each,1,19,15099197.72,0.2,12079358.18,po,45,
2024-02-15,Site Jakarta South,Medisindo,GLV-M-MED,Nitrile exam gloves M (Medisindo),Nitrile gloves M,box of 200,200,202,173286.68,0.12,152492.28,po,45,
2024-02-15,Site Jakarta South,Global Diagnostika,HBA1C-GLO,HbA1c reagent (Global),HbA1c reagent,kit of 100 tests,100,17,4608182.36,0.08,4239527.77,po,60,
2024-02-15,Site Jakarta South,Medisindo,IVC22-MED,IV cannula 22G (Medisindo),IV cannula 22G,each,1,2986,12231.4,0.12,10763.63,po,45,
2024-02-15,Site Jakarta South,Prima Alkes,PCT1G-PRI,Paracetamol 1 g infusion (Prima),Paracetamol 1 g infusion,box of 12 bottles,12,307,378402.68,0.15,321642.28,po,60,
2024-02-15,Site Jakarta South,Surgika Utama,SUT20-SUR,Absorbable suture 2-0 (Surgika),Absorbable suture 2-0,box of 12,12,75,974802.44,0.2,779841.95,po,45,
2024-02-15,Site Jakarta South,Global Diagnostika,SYR3-GLO,Syringe 3 mL luer lock (Global),Syringe 3 mL,each,1,12765,1748.06,0.08,1608.22,po,60,
2024-02-15,Site Jakarta South,Global Diagnostika,TNI-GLO,Troponin I reagent (Global),Troponin I reagent,kit of 100 tests,100,12,9809131.78,0.08,9024401.24,po,60,
2024-02-15,Site Jakarta West,Sehat Medika,CEF1G-SEH,Ceftriaxone 1 g injection (Sehat),Ceftriaxone 1 g inj,box of 100 vials,100,53,1857757.54,0.15,1579093.91,po,30,
2024-02-15,Site Jakarta West,Surgika Utama,DES-SUR,Drug-eluting coronary stent (Surgika),Drug-eluting stent,each,1,20,13081625.59,0.1,11773463.03,po,45,
2024-02-15,Site Jakarta West,Nusantara Farma,GLV-M-NUS,Nitrile exam gloves M (Nusantara),Nitrile gloves M,box of 100,100,425,88853.09,0.1,79967.78,po,60,
2024-02-15,Site Jakarta West,Prima Alkes,HBA1C-PRI,HbA1c reagent (Prima),HbA1c reagent,kit of 100 tests,100,22,5621020.95,0.2,4496816.76,po,60,
2024-02-15,Site Jakarta West,Sehat Medika,IVC22-SEH,IV cannula 22G (Sehat),IV cannula 22G,box of 100,100,39,1083607.39,0.15,921066.28,po,30,
2024-02-15,Site Jakarta West,Prima Alkes,PCT1G-PRI,Paracetamol 1 g infusion (Prima),Paracetamol 1 g infusion,box of 12 bottles,12,348,394217.43,0.2,315373.94,po,60,
2024-02-15,Site Jakarta West,Surgika Utama,SUT20-SUR,Absorbable suture 2-0 (Surgika),Absorbable suture 2-0,box of 12,12,104,833933.22,0.1,750539.9,po,45,
2024-02-15,Site Jakarta West,Global Diagnostika,SYR3-GLO,Syringe 3 mL luer lock (Global),Syringe 3 mL,each,1,14329,1746.15,0.1,1571.54,po,30,
2024-02-15,Site Jakarta West,Sehat Medika,TNI-SEH,Troponin I reagent (Sehat),Troponin I reagent,kit of 200 tests,200,7,21828533.79,0.15,18554253.72,po,30,
2024-02-15,Site Makassar,Medisindo,CEF1G-MED,Ceftriaxone 1 g injection (Medisindo),Ceftriaxone 1 g inj,box of 10 vials,10,187,170444.66,0.1,153400.19,po,45,
2024-02-15,Site Makassar,Surgika Utama,DES-SUR,Drug-eluting coronary stent (Surgika),Drug-eluting stent,each,1,8,16475856.68,0.2,13180685.34,po,60,
2024-02-15,Site Makassar,Nusantara Farma,GLV-M-NUS,Nitrile exam gloves M (Nusantara),Nitrile gloves M,box of 100,100,174,105838.76,0.15,89962.95,po,30,
2024-02-15,Site Makassar,Prima Alkes,HBA1C-PRI,HbA1c reagent (Prima),HbA1c reagent,kit of 100 tests,100,8,6361854.77,0.2,5089483.82,po,30,
2024-02-15,Site Makassar,Prima Alkes,IVC22-PRI,IV cannula 22G (Prima),IV cannula 22G,box of 50,50,27,707074.74,0.2,565659.79,po,30,
2024-02-15,Site Makassar,Prima Alkes,PCT1G-PRI,Paracetamol 1 g infusion (Prima),Paracetamol 1 g infusion,box of 12 bottles,12,125,438204.79,0.2,350563.83,po,30,
2024-02-15,Site Makassar,Surgika Utama,SUT20-SUR,Absorbable suture 2-0 (Surgika),Absorbable suture 2-0,box of 12,12,35,1075110.05,0.2,860088.04,po,60,
2024-02-15,Site Makassar,Prima Alkes,SYR3-PRI,Syringe 3 mL luer lock (Prima),Syringe 3 mL,box of 50,50,115,97862.22,0.2,78289.78,po,30,
2024-02-15,Site Makassar,Sehat Medika,TNI-SEH,Troponin I reagent (Sehat),Troponin I reagent,kit of 200 tests,200,3,23506507.46,0.12,20685726.56,po,30,
2024-02-15,Site Medan,Nusantara Farma,CEF1G-NUS,Ceftriaxone 1 g injection (Nusantara),Ceftriaxone 1 g inj,vial,1,2804,16748.83,0.05,15911.39,po,45,
2024-02-15,Site Medan,Surgika Utama,DES-SUR,Drug-eluting coronary stent (Surgika),Drug-eluting stent,each,1,11,14028790.99,0.12,12345336.07,po,60,
2024-02-15,Site Medan,Nusantara Farma,GLV-M-NUS,Nitrile exam gloves M (Nusantara),Nitrile gloves M,box of 100,100,263,90086.17,0.05,85581.86,po,45,
2024-02-15,Site Medan,Sehat Medika,HBA1C-SEH,HbA1c reagent (Sehat),HbA1c reagent,kit of 50 tests,50,21,2497159.67,0.15,2122585.72,po,45,
2024-02-15,Site Medan,Prima Alkes,IVC22-PRI,IV cannula 22G (Prima),IV cannula 22G,box of 50,50,35,563617.96,0.05,535437.06,po,30,
2024-02-15,Site Medan,Prima Alkes,PCT1G-PRI,Paracetamol 1 g infusion (Prima),Paracetamol 1 g infusion,box of 12 bottles,12,192,353360.83,0.05,335692.79,po,30,
2024-02-15,Site Medan,Surgika Utama,SUT20-SUR,Absorbable suture 2-0 (Surgika),Absorbable suture 2-0,box of 12,12,48,923550.86,0.12,812724.76,po,60,
2024-02-15,Site Medan,Medisindo,SYR3-MED,Syringe 3 mL luer lock (Medisindo),Syringe 3 mL,box of 100,100,64,185952.1,0.15,158059.29,po,45,
2024-02-15,Site Medan,Sehat Medika,TNI-SEH,Troponin I reagent (Sehat),Troponin I reagent,kit of 200 tests,200,3,23393324.75,0.15,19884326.04,po,45,
2024-02-15,Site Surabaya,Sehat Medika,CEF1G-SEH,Ceftriaxone 1 g injection (Sehat),Ceftriaxone 1 g inj,box of 100 vials,100,38,1792526.58,0.1,1613273.92,po,60,
2024-02-15,Site Surabaya,Surgika Utama,DES-SUR,Drug-eluting coronary stent (Surgika),Drug-eluting stent,each,1,15,12960389.41,0.08,11923558.26,po,45,
2024-02-15,Site Surabaya,Medisindo,GLV-M-MED,Nitrile exam gloves M (Medisindo),Nitrile gloves M,box of 200,200,196,170242.0,0.1,153217.8,po,45,
2024-02-15,Site Surabaya,Sehat Medika,HBA1C-SEH,HbA1c reagent (Sehat),HbA1c reagent,kit of 50 tests,50,35,2218109.96,0.1,1996298.96,po,60,
2024-02-15,Site Surabaya,Medisindo,IVC22-MED,IV cannula 22G (Medisindo),IV cannula 22G,each,1,2390,11712.13,0.1,10540.92,po,45,
2024-02-15,Site Surabaya,Nusantara Farma,PCT1G-NUS,Paracetamol 1 g infusion (Nusantara),Paracetamol 1 g infusion,bottle,1,3069,30727.5,0.05,29191.12,po,45,
2024-02-15,Site Surabaya,Medisindo,SUT20-MED,Absorbable suture 2-0 (Medisindo),Absorbable suture 2-0,box of 36,36,21,2413787.7,0.1,2172408.93,po,45,
2024-02-15,Site Surabaya,Medisindo,SYR3-MED,Syringe 3 mL luer lock (Medisindo),Syringe 3 mL,box of 100,100,102,167588.88,0.1,150829.99,po,45,
2024-02-15,Site Surabaya,Global Diagnostika,TNI-GLO,Troponin I reagent (Global),Troponin I reagent,kit of 100 tests,100,12,10474378.11,0.15,8903221.39,po,45,
2024-02-15,Site Tangerang,Medisindo,CEF1G-MED,Ceftriaxone 1 g injection (Medisindo),Ceftriaxone 1 g inj,box of 10 vials,10,352,159323.88,0.12,140205.01,po,30,
2024-02-15,Site Tangerang,Surgika Utama,DES-SUR,Drug-eluting coronary stent (Surgika),Drug-eluting stent,each,1,14,13463924.26,0.1,12117531.83,po,30,
2024-02-15,Site Tangerang,Nusantara Farma,GLV-M-NUS,Nitrile exam gloves M (Nusantara),Nitrile gloves M,box of 100,100,336,92789.58,0.1,83510.62,po,60,
2024-02-15,Site Tangerang,Prima Alkes,HBA1C-PRI,HbA1c reagent (Prima),HbA1c reagent,kit of 100 tests,100,17,5143514.79,0.08,4732033.61,po,60,
2024-02-15,Site Tangerang,Prima Alkes,IVC22-PRI,IV cannula 22G (Prima),IV cannula 22G,box of 50,50,52,566699.74,0.08,521363.76,po,60,
2024-02-15,Site Tangerang,Nusantara Farma,PCT1G-NUS,Paracetamol 1 g infusion (Nusantara),Paracetamol 1 g infusion,bottle,1,2615,33063.53,0.1,29757.18,po,60,
2024-02-15,Site Tangerang,Medisindo,SUT20-MED,Absorbable suture 2-0 (Medisindo),Absorbable suture 2-0,box of 36,36,23,2525629.63,0.12,2222554.07,po,30,
2024-02-15,Site Tangerang,Global Diagnostika,SYR3-GLO,Syringe 3 mL luer lock (Global),Syringe 3 mL,each,1,9132,2063.77,0.2,1651.02,po,30,
2024-02-15,Site Tangerang,Sehat Medika,TNI-SEH,Troponin I reagent (Sehat),Troponin I reagent,kit of 200 tests,200,4,21292941.79,0.08,19589506.45,po,60,
2024-03-01,Site Makassar,Sehat Medika,TNI-SEH,Troponin I reagent (Sehat),Troponin I reagent,kit of 200 tests,200,32,23877933.96,0.12,21012581.88,contract,30,2025-02-28
2024-03-01,Site Medan,Nusantara Farma,CEF1G-NUS,Ceftriaxone 1 g injection (Nusantara),Ceftriaxone 1 g inj,vial,1,33600,16435.51,0.05,15613.73,contract,45,2025-02-28
2024-03-01,Site Surabaya,Sehat Medika,HBA1C-SEH,HbA1c reagent (Sehat),HbA1c reagent,kit of 50 tests,50,403,2244019.51,0.1,2019617.56,contract,60,2025-02-28
2024-03-01,Site Tangerang,Medisindo,CEF1G-MED,Ceftriaxone 1 g injection (Medisindo),Ceftriaxone 1 g inj,box of 10 vials,10,4620,163098.53,0.12,143526.71,contract,30,2025-02-28
2024-03-01,Site Tangerang,Prima Alkes,IVC22-PRI,IV cannula 22G (Prima),IV cannula 22G,box of 50,50,581,571271.96,0.08,525570.2,contract,60,2025-02-28
2024-03-15,Site Jakarta South,Prima Alkes,CEF1G-NUS,Ceftriaxone 1 g injection (Nusantara),Ceftriaxone 1 g inj,vial,1,4853,18621.74,0.15,15828.48,po,60,
2024-03-15,Site Jakarta South,Surgika Utama,DES-SUR,Drug-eluting coronary stent (Surgika),Drug-eluting stent,each,1,18,14921550.38,0.2,11937240.3,po,45,
2024-03-15,Site Jakarta South,Medisindo,GLV-M-MED,Nitrile exam gloves M (Medisindo),Nitrile gloves M,box of 200,200,184,173785.36,0.12,152931.12,po,45,
2024-03-15,Site Jakarta South,Global Diagnostika,HBA1C-GLO,HbA1c reagent (Global),HbA1c reagent,kit of 100 tests,100,18,4626649.77,0.08,4256517.79,po,60,
2024-03-15,Site Jakarta South,Medisindo,IVC22-MED,IV cannula 22G (Medisindo),IV cannula 22G,each,1,2664,12366.33,0.12,10882.37,po,45,
2024-03-15,Site Jakarta South,Prima Alkes,PCT1G-PRI,Paracetamol 1 g infusion (Prima),Paracetamol 1 g infusion,box of 12 bottles,12,298,376567.31,0.15,320082.21,po,60,
2024-03-15,Site Jakarta South,Surgika Utama,SUT20-SUR,Absorbable suture 2-0 (Surgika),Absorbable suture 2-0,box of 12,12,75,984458.36,0.2,787566.69,po,45,
2024-03-15,Site Jakarta South,Global Diagnostika,SYR3-GLO,Syringe 3 mL luer lock (Global),Syringe 3 mL,each,1,11413,1771.4,0.08,1629.69,po,60,
2024-03-15,Site Jakarta South,Global Diagnostika,TNI-GLO,Troponin I reagent (Global),Troponin I reagent,kit of 100 tests,100,12,9761119.41,0.08,8980229.86,po,60,
2024-03-15,Site Jakarta West,Sehat Medika,CEF1G-SEH,Ceftriaxone 1 g injection (Sehat),Ceftriaxone 1 g inj,box of 100 vials,100,59,1848035.03,0.15,1570829.78,po,30,
2024-03-15,Site Jakarta West,Surgika Utama,DES-SUR,Drug-eluting coronary stent (Surgika),Drug-eluting stent,each,1,24,13062636.22,0.1,11756372.6,po,45,
2024-03-15,Site Jakarta West,Nusantara Farma,GLV-M-NUS,Nitrile exam gloves M (Nusantara),Nitrile gloves M,box of 100,100,506,88343.99,0.1,79509.59,po,60,
2024-03-15,Site Jakarta West,Prima Alkes,HBA1C-PRI,HbA1c reagent (Prima),HbA1c reagent,kit of 100 tests,100,20,5608010.58,0.2,4486408.46,po,60,
2024-03-15,Site Jakarta West,Sehat Medika,IVC22-SEH,IV cannula 22G (Sehat),IV cannula 22G,box of 100,100,34,1094630.01,0.15,930435.51,po,30,
2024-03-15,Site Jakarta West,Prima Alkes,PCT1G-PRI,Paracetamol 1 g infusion (Prima),Paracetamol 1 g infusion,box of 12 bottles,12,374,386185.31,0.2,308948.25,po,60,
2024-03-15,Site Jakarta West,Surgika Utama,SUT20-SUR,Absorbable suture 2-0 (Surgika),Absorbable suture 2-0,box of 12,12,99,834735.46,0.1,751261.91,po,45,
2024-03-15,Site Jakarta West,Global Diagnostika,SYR3-GLO,Syringe 3 mL luer lock (Global),Syringe 3 mL,each,1,15080,1744.86,0.1,1570.37,po,30,
2024-03-15,Site Jakarta West,Sehat Medika,TNI-SEH,Troponin I reagent (Sehat),Troponin I reagent,kit of 200 tests,200,8,21611219.35,0.15,18369536.45,po,30,
2024-03-15,Site Makassar,Medisindo,CEF1G-MED,Ceftriaxone 1 g injection (Medisindo),Ceftriaxone 1 g inj,box of 10 vials,10,199,171410.19,0.1,154269.17,po,45,
2024-03-15,Site Makassar,Surgika Utama,DES-SUR,Drug-eluting coronary stent (Surgika),Drug-eluting stent,each,1,8,16526240.26,0.2,13220992.21,po,60,
2024-03-15,Site Makassar,Nusantara Farma,GLV-M-NUS,Nitrile exam gloves M (Nusantara),Nitrile gloves M,box of 100,100,161,105920.77,0.15,90032.65,po,30,
2024-03-15,Site Makassar,Prima Alkes,HBA1C-PRI,HbA1c reagent (Prima),HbA1c reagent,kit of 100 tests,100,8,6369130.38,0.2,5095304.3,po,30,
2024-03-15,Site Makassar,Prima Alkes,IVC22-PRI,IV cannula 22G (Prima),IV cannula 22G,box of 50,50,27,696225.99,0.2,556980.79,po,30,
2024-03-15,Site Makassar,Prima Alkes,PCT1G-PRI,Paracetamol 1 g infusion (Prima),Paracetamol 1 g infusion,box of 12 bottles,12,131,441460.42,0.2,353168.34,po,30,
2024-03-15,Site Makassar,Surgika Utama,SUT20-SUR,Absorbable suture 2-0 (Surgika),Absorbable suture 2-0,box of 12,12,37,1059382.6,0.2,847506.08,po,60,
2024-03-15,Site Makassar,Prima Alkes,SYR3-PRI,Syringe 3 mL luer lock (Prima),Syringe 3 mL,box of 50,50,96,98578.11,0.2,78862.49,po,30,
2024-03-15,Site Makassar,Sehat Medika,TNI-SEH,Troponin I reagent (Sehat),Troponin I reagent,kit of 200 tests,200,3,23867498.71,0.12,21003398.86,po,30,
2024-03-15,Site Medan,Nusantara Farma,CEF1G-NUS,Ceftriaxone 1 g injection (Nusantara),Ceftriaxone 1 g inj,vial,1,2841,16679.88,0.05,15845.89,po,45,
2024-03-15,Site Medan,Surgika Utama,DES-SUR,Drug-eluting coronary stent (Surgika),Drug-eluting stent,each,1,11,14068327.63,0.12,12380128.31,po,60,
2024-03-15,Site Medan,Nusantara Farma,GLV-M-NUS,Nitrile exam gloves M (Nusantara),Nitrile gloves M,box of 100,100,259,90392.67,0.05,85873.04,po,45,
2024-03-15,Site Medan,Sehat Medika,HBA1C-SEH,HbA1c reagent (Sehat),HbA1c reagent,kit of 50 tests,50,21,2512943.61,0.15,2136002.07,po,45,
2024-03-15,Site Medan,Prima Alkes,IVC22-PRI,IV cannula 22G (Prima),IV cannula 22G,box of 50,50,32,556878.7,0.05,529034.76,po,30,
2024-03-15,Site Medan,Prima Alkes,PCT1G-PRI,Paracetamol 1 g infusion (Prima),Paracetamol 1 g infusion,box of 12 bottles,12,178,352476.6,0.05,334852.77,po,30,
2024-03-15,Site Medan,Surgika Utama,SUT20-SUR,Absorbable suture 2-0 (Surgika),Absorbable suture 2-0,box of 12,12,51,911145.1,0.12,801807.69,po,60,
2024-03-15,Site Medan,Medisindo,SYR3-MED,Syringe 3 mL luer lock (Medisindo),Syringe 3 mL,box of 100,100,73,183544.5,0.15,156012.82,po,45,
2024-03-15,Site Medan,Sehat Medika,TNI-SEH,Troponin I reagent (Sehat),Troponin I reagent,kit of 200 tests,200,4,23584762.39,0.15,20047048.03,po,45,
2024-03-15,Site Surabaya,Sehat Medika,CEF1G-SEH,Ceftriaxone 1 g injection (Sehat),Ceftriaxone 1 g inj,box of 100 vials,100,37,1798002.49,0.1,1618202.24,po,60,
2024-03-15,Site Surabaya,Surgika Utama,DES-SUR,Drug-eluting coronary stent (Surgika),Drug-eluting stent,each,1,18,13045612.78,0.08,12001963.76,po,45,
2024-03-15,Site Surabaya,Medisindo,GLV-M-MED,Nitrile exam gloves M (Medisindo),Nitrile gloves M,box of 200,200,181,170128.02,0.1,153115.22,po,45,
2024-03-15,Site Surabaya,Sehat Medika,HBA1C-SEH,HbA1c reagent (Sehat),HbA1c reagent,kit of 50 tests,50,35,2260183.23,0.1,2034164.91,po,60,
2024-03-15,Site Surabaya,Medisindo,IVC22-MED,IV cannula 22G (Medisindo),IV cannula 22G,each,1,2766,11922.29,0.1,10730.06,po,45,
2024-03-15,Site Surabaya,Nusantara Farma,PCT1G-NUS,Paracetamol 1 g infusion (Nusantara),Paracetamol 1 g infusion,bottle,1,2978,30806.4,0.05,29266.08,po,45,
2024-03-15,Site Surabaya,Medisindo,SUT20-MED,Absorbable suture 2-0 (Medisindo),Absorbable suture 2-0,box of 36,36,25,2423748.89,0.1,2181374.0,po,45,
2024-03-15,Site Surabaya,Medisindo,SYR3-MED,Syringe 3 mL luer lock (Medisindo),Syringe 3 mL,box of 100,100,107,165618.83,0.1,149056.95,po,45,
2024-03-15,Site Surabaya,Global Diagnostika,TNI-GLO,Troponin I reagent (Global),Troponin I reagent,kit of 100 tests,100,11,10381167.24,0.15,8823992.15,po,45,
2024-03-15,Site Tangerang,Medisindo,CEF1G-MED,Ceftriaxone 1 g injection (Medisindo),Ceftriaxone 1 g inj,box of 10 vials,10,359,160769.0,0.12,141476.72,po,30,
2024-03-15,Site Tangerang,Surgika Utama,DES-SUR,Drug-eluting coronary stent (Surgika),Drug-eluting stent,each,1,14,13544265.03,0.1,12189838.53,po,30,
2024-03-15,Site Tangerang,Nusantara Farma,GLV-M-NUS,Nitrile exam gloves M (Nusantara),Nitrile gloves M,box of 100,100,324,93083.16,0.1,83774.84,po,60,
2024-03-15,Site Tangerang,Prima Alkes,HBA1C-PRI,HbA1c reagent (Prima),HbA1c reagent,kit of 100 tests,100,16,5167570.27,0.08,4754164.65,po,60,
2024-03-15,Site Tangerang,Prima Alkes,IVC22-PRI,IV cannula 22G (Prima),IV cannula 22G,box of 50,50,44,567006.6,0.08,521646.07,po,60,
2024-03-15,Site Tangerang,Nusantara Farma,PCT1G-NUS,Paracetamol 1 g infusion (Nusantara),Paracetamol 1 g infusion,bottle,1,2574,33179.42,0.1,29861.48,po,60,
2024-03-15,Site Tangerang,Medisindo,SUT20-MED,Absorbable suture 2-0 (Medisindo),Absorbable suture 2-0,box of 36,36,22,2559719.56,0.12,2252553.21,po,30,
2024-03-15,Site Tangerang,Global Diagnostika,SYR3-GLO,Syringe 3 mL luer lock (Global),Syringe 3 mL,each,1,9802,2033.59,0.2,1626.87,po,30,
2024-03-15,Site Tangerang,Sehat Medika,TNI-SEH,Troponin I reagent (Sehat),Troponin I reagent,kit of 200 tests,200,5,20943653.87,0.08,19268161.56,po,60,
2024-04-01,Site Jakarta South,Medisindo,GLV-M-MED,Nitrile exam gloves M (Medisindo),Nitrile gloves M,box of 200,200,2340,176088.58,0.12,154957.95,contract,45,2025-03-31
2024-04-01,Site Jakarta West,Sehat Medika,TNI-SEH,Troponin I reagent (Sehat),Troponin I reagent,kit of 200 tests,200,86,21929972.81,0.15,18640476.89,contract,30,2025-03-31
2024-04-01,Site Makassar,Prima Alkes,SYR3-PRI,Syringe 3 mL luer lock (Prima),Syringe 3 mL,box of 50,50,1296,100180.09,0.2,80144.07,contract,30,2025-03-31
2024-04-01,Site Tangerang,Sehat Medika,TNI-SEH,Troponin I reagent (Sehat),Troponin I reagent,kit of 200 tests,200,59,20964080.16,0.08,19286953.75,contract,60,2025-03-31
2024-04-15,Site Jakarta South,Prima Alkes,CEF1G-NUS,Ceftriaxone 1 g injection (Nusantara),Ceftriaxone 1 g inj,vial,1,4938,18293.72,0.15,15549.66,po,60,
2024-04-15,Site Jakarta South,Surgika Utama,DES-SUR,Drug-eluting coronary stent (Surgika),Drug-eluting stent,each,1,18,14998177.91,0.2,11998542.33,po,45,
2024-04-15,Site Jakarta South,Medisindo,GLV-M-MED,Nitrile exam gloves M (Medisindo),Nitrile gloves M,box of 200,200,199,175353.04,0.12,154310.68,po,45,
2024-04-15,Site Jakarta South,Global Diagnostika,HBA1C-GLO,HbA1c reagent (Global),HbA1c reagent,kit of 100 tests,100,19,4675264.44,0.08,4301243.28,po,60,
2024-04-15,Site Jakarta South,Medisindo,IVC22-MED,IV cannula 22G (Medisindo),IV cannula 22G,each,1,2721,12293.63,0.12,10818.39,po,45,
2024-04-15,Site Jakarta South,Prima Alkes,PCT1G-PRI,Paracetamol 1 g infusion (Prima),Paracetamol 1 g infusion,box of 12 bottles,12,260,382593.8,0.15,325204.73,po,60,
2024-04-15,Site Jakarta South,Surgika Utama,SUT20-SUR,Absorbable suture 2-0 (Surgika),Absorbable suture 2-0,box of 12,12,77,975122.28,0.2,780097.82,po,45,
2024-04-15,Site Jakarta South,Global Diagnostika,SYR3-GLO,Syringe 3 mL luer lock (Global),Syringe 3 mL,each,1,12138,1766.17,0.08,1624.88,po,60,
2024-04-15,Site Jakarta South,Global Diagnostika,TNI-GLO,Troponin I reagent (Global),Troponin I reagent,kit of 100 tests,100,12,9939202.51,0.08,9144066.31,po,60,
2024-04-15,Site Jakarta West,Sehat Medika,CEF1G-SEH,Ceftriaxone 1 g injection (Sehat),Ceftriaxone 1 g inj,box of 100 vials,100,51,1862044.11,0.15,1582737.49,po,30,
2024-04-15,Site Jakarta West,Surgika Utama,DES-SUR,Drug-eluting coronary stent (Surgika),Drug-eluting stent,each,1,21,13034658.9,0.1,11731193.01,po,45,
2024-04-15,Site Jakarta West,Nusantara Farma,GLV-M-NUS,Nitrile exam gloves M (Nusantara),Nitrile gloves M,box of 100,100,507,87588.17,0.1,78829.35,po,60,
2024-04-15,Site Jakarta West,Prima Alkes,HBA1C-PRI,HbA1c reagent (Prima),HbA1c reagent,kit of 100 tests,100,24,5556861.09,0.2,4445488.87,po,60,
2024-04-15,Site Jakarta West,Sehat Medika,IVC22-SEH,IV cannula 22G (Sehat),IV cannula 22G,box of 100,100,33,1107213.82,0.15,941131.75,po,30,
2024-04-15,Site Jakarta West,Prima Alkes,PCT1G-PRI,Paracetamol 1 g infusion (Prima),Paracetamol 1 g infusion,box of 12 bottles,12,314,395145.04,0.2,316116.03,po,60,
2024-04-15,Site Jakarta West,Surgika Utama,SUT20-SUR,Absorbable suture 2-0 (Surgika),Absorbable suture 2-0,box of 12,12,91,840895.25,0.1,756805.72,po,45,
2024-04-15,Site Jakarta West,Global Diagnostika,SYR3-GLO,Syringe 3 mL luer lock (Global),Syringe 3 mL,each,1,15959,1743.26,0.1,1568.93,po,30,
2024-04-15,Site Jakarta West,Sehat Medika,TNI-SEH,Troponin I reagent (Sehat),Troponin I reagent,kit of 200 tests,200,8,21793702.48,0.15,18524647.11,po,30,
2024-04-15,Site Makassar,Medisindo,CEF1G-MED,Ceftriaxone 1 g injection (Medisindo),Ceftriaxone 1 g inj,box of 10 vials,10,188,171863.45,0.1,154677.11,po,45,
2024-04-15,Site Makassar,Surgika Utama,DES-SUR,Drug-eluting coronary stent (Surgika),Drug-eluting stent,each,1,9,16391141.25,0.2,13112913.0,po,60,
2024-04-15,Site Makassar,Nusantara Farma,GLV-M-NUS,Nitrile exam gloves M (Nusantara),Nitrile gloves M,box of 100,100,198,105485.59,0.15,89662.75,po,30,
2024-04-15,Site Makassar,Prima Alkes,HBA1C-PRI,HbA1c reagent (Prima),HbA1c reagent,kit of 100 tests,100,9,6325256.45,0.2,5060205.16,po,30,
2024-04-15,Site Makassar,Prima Alkes,IVC22-PRI,IV cannula 22G (Prima),IV cannula 22G,box of 50,50,24,711439.2,0.2,569151.36,po,30,
2024-04-15,Site Makassar,Prima Alkes,PCT1G-PRI,Paracetamol 1 g infusion (Prima),Paracetamol 1 g infusion,box of 12 bottles,12,126,446322.83,0.2,357058.26,po,30,
2024-04-15,Site Makassar,Surgika Utama,SUT20-SUR,Absorbable suture 2-0 (Surgika),Absorbable suture 2-0,box of 12,12,37,1071504.05,0.2,857203.24,po,60,
2024-04-15,Site Makassar,Prima Alkes,SYR3-PRI,Syringe 3 mL luer lock (Prima),Syringe 3 mL,box of 50,50,113,98662.97,0.2,78930.38,po,30,
2024-04-15,Site Makassar,Sehat Medika,TNI-SEH,Troponin I reagent (Sehat),Troponin I reagent,kit of 200 tests,200,2,23600670.78,0.12,20768590.29,po,30,
2024-04-15,Site Medan,Nusantara Farma,CEF1G-NUS,Ceftriaxone 1 g injection (Nusantara),Ceftriaxone 1 g inj,vial,1,2958,16629.15,0.05,15797.69,po,45,
2024-04-15,Site Medan,Surgika Utama,DES-SUR,Drug-eluting coronary stent (Surgika),Drug-eluting stent,each,1,11,14239741.15,0.12,12530972.21,po,60,
2024-04-15,Site Medan,Nusantara Farma,GLV-M-NUS,Nitrile exam gloves M (Nusantara),Nitrile gloves M,box of 100,100,231,89509.39,0.05,85033.92,po,45,
2024-04-15,Site Medan,Sehat Medika,HBA1C-SEH,HbA1c reagent (Sehat),HbA1c reagent,kit of 50 tests,50,20,2514523.32,0.15,2137344.82,po,45,
2024-04-15,Site Medan,Prima Alkes,IVC22-PRI,IV cannula 22G (Prima),IV cannula 22G,box of 50,50,36,569316.84,0.05,540851.0,po,30,
2024-04-15,Site Medan,Prima Alkes,PCT1G-PRI,Paracetamol 1 g infusion (Prima),Paracetamol 1 g infusion,box of 12 bottles,12,185,355650.37,0.05,337867.85,po,30,
2024-04-15,Site Medan,Surgika Utama,SUT20-SUR,Absorbable suture 2-0 (Surgika),Absorbable suture 2-0,box of 12,12,50,929758.1,0.12,818187.13,po,60,
2024-04-15,Site Medan,Medisindo,SYR3-MED,Syringe 3 mL luer lock (Medisindo),Syringe 3 mL,box of 100,100,80,186377.92,0.15,158421.23,po,45,
2024-04-15,Site Medan,Sehat Medika,TNI-SEH,Troponin I reagent (Sehat),Troponin I reagent,kit of 200 tests,200,3,23547944.49,0.15,20015752.82,po,45,
2024-04-15,Site Surabaya,Sehat Medika,CEF1G-SEH,Ceftriaxone 1 g injection (Sehat),Ceftriaxone 1 g inj,box of 100 vials,100,41,1799148.65,0.1,1619233.78,po,60,
2024-04-15,Site Surabaya,Surgika Utama,DES-SUR,Drug-eluting coronary stent (Surgika),Drug-eluting stent,each,1,18,13013138.18,0.08,11972087.13,po,45,
2024-04-15,Site Surabaya,Medisindo,GLV-M-MED,Nitrile exam gloves M (Medisindo),Nitrile gloves M,box of 200,200,168,168881.06,0.1,151992.95,po,45,
2024-04-15,Site Surabaya,Sehat Medika,HBA1C-SEH,HbA1c reagent (Sehat),HbA1c reagent,kit of 50 tests,50,33,2248026.78,0.1,2023224.1,po,60,
2024-04-15,Site Surabaya,Medisindo,IVC22-MED,IV cannula 22G (Medisindo),IV cannula 22G,each,1,2384,11981.43,0.1,10783.29,po,45,
2024-04-15,Site Surabaya,Nusantara Farma,PCT1G-NUS,Paracetamol 1 g infusion (Nusantara),Paracetamol 1 g infusion,bottle,1,3376,30481.49,0.05,28957.42,po,45,
2024-04-15,Site Surabaya,Medisindo,SUT20-MED,Absorbable suture 2-0 (Medisindo),Absorbable suture 2-0,box of 36,36,23,2411355.93,0.1,2170220.34,po,45,
2024-04-15,Site Surabaya,Medisindo,SYR3-MED,Syringe 3 mL luer lock (Medisindo),Syringe 3 mL,box of 100,100,105,167881.92,0.1,151093.73,po,45,
2024-04-15,Site Surabaya,Global Diagnostika,TNI-GLO,Troponin I reagent (Global),Troponin I reagent,kit of 100 tests,100,10,10654880.77,0.15,9056648.65,po,45,
2024-04-15,Site Tangerang,Medisindo,CEF1G-MED,Ceftriaxone 1 g injection (Medisindo),Ceftriaxone 1 g inj,box of 10 vials,10,415,160881.74,0.12,141575.93,po,30,
2024-04-15,Site Tangerang,Surgika Utama,DES-SUR,Drug-eluting coronary stent (Surgika),Drug-eluting stent,each,1,16,13680488.86,0.1,12312439.97,po,30,
2024-04-15,Site Tangerang,Nusantara Farma,GLV-M-NUS,Nitrile exam gloves M (Nusantara),Nitrile gloves M,box of 100,100,315,92262.46,0.1,83036.21,po,60,
2024-04-15,Site Tangerang,Prima Alkes,HBA1C-PRI,HbA1c reagent (Prima),HbA1c reagent,kit of 100 tests,100,15,5079583.3,0.08,4673216.64,po,60,
2024-04-15,Site Tangerang,Prima Alkes,IVC22-PRI,IV cannula 22G (Prima),IV cannula 22G,box of 50,50,52,569369.59,0.08,523820.02,po,60,
2024-04-15,Site Tangerang,Nusantara Farma,PCT1G-NUS,Paracetamol 1 g infusion (Nusantara),Paracetamol 1 g infusion,bottle,1,3052,33698.21,0.1,30328.39,po,60,
2024-04-15,Site Tangerang,Medisindo,SUT20-MED,Absorbable suture 2-0 (Medisindo),Absorbable suture 2-0,box of 36,36,19,2582877.64,0.12,2272932.32,po,30,
2024-04-15,Site Tangerang,Global Diagnostika,SYR3-GLO,Syringe 3 mL luer lock (Global),Syringe 3 mL,each,1,10099,2064.53,0.2,1651.62,po,30,
2024-04-15,Site Tangerang,Sehat Medika,TNI-SEH,Troponin I reagent (Sehat),Troponin I reagent,kit of 200 tests,200,5,21186115.39,0.08,19491226.16,po,60,
2024-05-01,Site Jakarta West,Sehat Medika,CEF1G-SEH,Ceftriaxone 1 g injection (Sehat),Ceftriaxone 1 g inj,box of 100 vials,100,672,1898194.64,0.15,1613465.44,contract,30,2025-04-30
2024-05-01,Site Jakarta West,Surgika Utama,SUT20-SUR,Absorbable suture 2-0 (Surgika),Absorbable suture 2-0,box of 12,12,1120,851418.73,0.1,766276.86,contract,45,2025-04-30
2024-05-01,Site Makassar,Prima Alkes,IVC22-PRI,IV cannula 22G (Prima),IV cannula 22G,box of 50,50,317,701530.39,0.2,561224.31,contract,30,2025-04-30
2024-05-01,Site Medan,Nusantara Farma,GLV-M-NUS,Nitrile exam gloves M (Nusantara),Nitrile gloves M,box of 100,100,2880,89366.18,0.05,84897.87,contract,45,2025-04-30
2024-05-01,Site Medan,Prima Alkes,PCT1G-PRI,Paracetamol 1 g infusion (Prima),Paracetamol 1 g infusion,box of 12 bottles,12,2080,351000.99,0.05,333450.94,contract,30,2025-04-30
2024-05-01,Site Medan,Medisindo,SYR3-MED,Syringe 3 mL luer lock (Medisindo),Syringe 3 mL,box of 100,100,864,186659.97,0.15,158660.97,contract,45,2025-04-30
2024-05-01,Site Surabaya,Sehat Medika,CEF1G-SEH,Ceftriaxone 1 g injection (Sehat),Ceftriaxone 1 g inj,box of 100 vials,100,504,1822040.35,0.1,1639836.32,contract,60,2025-04-30
2024-05-15,Site Jakarta South,Prima Alkes,CEF1G-NUS,Ceftriaxone 1 g injection (Nusantara),Ceftriaxone 1 g inj,vial,1,4593,18300.47,0.15,15555.4,po,60,
2024-05-15,Site Jakarta South,Surgika Utama,DES-SUR,Drug-eluting coronary stent (Surgika),Drug-eluting stent,each,1,16,15162630.85,0.2,12130104.68,po,45,
2024-05-15,Site Jakarta South,Medisindo,GLV-M-MED,Nitrile exam gloves M (Medisindo),Nitrile gloves M,box of 200,200,189,176937.48,0.12,155704.98,po,45,
2024-05-15,Site Jakarta South,Global Diagnostika,HBA1C-GLO,HbA1c reagent (Global),HbA1c reagent,kit of 100 tests,100,18,4693992.42,0.08,4318473.03,po,60,
2024-05-15,Site Jakarta South,Medisindo,IVC22-MED,IV cannula 22G (Medisindo),IV cannula 22G,each,1,2844,12217.58,0.12,10751.47,po,45,
2024-05-15,Site Jakarta South,Prima Alkes,PCT1G-PRI,Paracetamol 1 g infusion (Prima),Paracetamol 1 g infusion,box of 12 bottles,12,310,379803.73,0.15,322833.17,po,60,
2024-05-15,Site Jakarta South,Surgika Utama,SUT20-SUR,Absorbable suture 2-0 (Surgika),Absorbable suture 2-0,box of 12,12,67,979029.33,0.2,783223.46,po,45,
2024-05-15,Site Jakarta South,Global Diagnostika,SYR3-GLO,Syringe 3 mL luer lock (Global),Syringe 3 mL,each,1,12524,1757.36,0.08,1616.77,po,60,
2024-05-15,Site Jakarta South,Global Diagnostika,TNI-GLO,Troponin I reagent (Global),Troponin I reagent,kit of 100 tests,100,13,9797249.84,0.08,9013469.85,po,60,
2024-05-15,Site Jakarta West,Sehat Medika,CEF1G-SEH,Ceftriaxone 1 g injection (Sehat),Ceftriaxone 1 g inj,box of 100 vials,100,59,1870231.94,0.15,1589697.15,po,30,
2024-05-15,Site Jakarta West,Surgika Utama,DES-SUR,Drug-eluting coronary stent (Surgika),Drug-eluting stent,each,1,20,13165088.04,0.1,11848579.24,po,45,
2024-05-15,Site Jakarta West,Nusantara Farma,GLV-M-NUS,Nitrile exam gloves M (Nusantara),Nitrile gloves M,box of 100,100,442,88442.65,0.1,79598.38,po,60,
2024-05-15,Site Jakarta West,Prima Alkes,HBA1C-PRI,HbA1c reagent (Prima),HbA1c reagent,kit of 100 tests,100,21,5679337.66,0.2,4543470.13,po,60,
2024-05-15,Site Jakarta West,Sehat Medika,IVC22-SEH,IV cannula 22G (Sehat),IV cannula 22G,box of 100,100,33,1108402.35,0.15,942142.0,po,30,
2024-05-15,Site Jakarta West,Prima Alkes,PCT1G-PRI,Paracetamol 1 g infusion (Prima),Paracetamol 1 g infusion,box of 12 bottles,12,369,397410.96,0.2,317928.77,po,60,
2024-05-15,Site Jakarta West,Surgika Utama,SUT20-SUR,Absorbable suture 2-0 (Surgika),Absorbable suture 2-0,box of 12,12,86,845657.08,0.1,761091.37,po,45,
2024-05-15,Site Jakarta West,Global Diagnostika,SYR3-GLO,Syringe 3 mL luer lock (Global),Syringe 3 mL,each,1,14438,1733.52,0.1,1560.17,po,30,
2024-05-15,Site Jakarta West,Sehat Medika,TNI-SEH,Troponin I reagent (Sehat),Troponin I reagent,kit of 200 tests,200,8,21899642.79,0.15,18614696.37,po,30,
2024-05-15,Site Makassar,Medisindo,CEF1G-MED,Ceftriaxone 1 g injection (Medisindo),Ceftriaxone 1 g inj,box of 10 vials,10,200,172888.13,0.1,155599.32,po,45,
2024-05-15,Site Makassar,Surgika Utama,DES-SUR,Drug-eluting coronary stent (Surgika),Drug-eluting stent,each,1,8,16769276.8,0.2,13415421.44,po,60,
2024-05-15,Site Makassar,Nusantara Farma,GLV-M-NUS,Nitrile exam gloves M (Nusantara),Nitrile gloves M,box of 100,100,191,107139.07,0.15,91068.21,po,30,
2024-05-15,Site Makassar,Prima Alkes,HBA1C-PRI,HbA1c reagent (Prima),HbA1c reagent,kit of 100 tests,100,9,6371294.58,0.2,5097035.66,po,30,
2024-05-15,Site Makassar,Prima Alkes,IVC22-PRI,IV cannula 22G (Prima),IV cannula 22G,box of 50,50,25,705229.63,0.2,564183.7,po,30,
2024-05-15,Site Makassar,Prima Alkes,PCT1G-PRI,Paracetamol 1 g infusion (Prima),Paracetamol 1 g infusion,box of 12 bottles,12,124,439833.85,0.2,351867.08,po,30,
2024-05-15,Site Makassar,Surgika Utama,SUT20-SUR,Absorbable suture 2-0 (Surgika),Absorbable suture 2-0,box of 12,12,38,1080270.34,0.2,864216.27,po,60,
2024-05-15,Site Makassar,Prima Alkes,SYR3-PRI,Syringe 3 mL luer lock (Prima),Syringe 3 mL,box of 50,50,104,100039.91,0.2,80031.93,po,30,
2024-05-15,Site Makassar,Sehat Medika,TNI-SEH,Troponin I reagent (Sehat),Troponin I reagent,kit of 200 tests,200,3,24118049.58,0.12,21223883.63,po,30,
2024-05-15,Site Medan,Nusantara Farma,CEF1G-NUS,Ceftriaxone 1 g injection (Nusantara),Ceftriaxone 1 g inj,vial,1,2819,16572.05,0.05,15743.45,po,45,
2024-05-15,Site Medan,Surgika Utama,DES-SUR,Drug-eluting coronary stent (Surgika),Drug-eluting stent,each,1,12,14360854.1,0.12,12637551.61,po,60,
2024-05-15,Site Medan,Nusantara Farma,GLV-M-NUS,Nitrile exam gloves M (Nusantara),Nitrile gloves M,box of 100,100,259,89309.17,0.05,84843.71,po,45,
2024-05-15,Site Medan,Sehat Medika,HBA1C-SEH,HbA1c reagent (Sehat),HbA1c reagent,kit of 50 tests,50,22,2507842.13,0.15,2131665.81,po,45,
2024-05-15,Site Medan,Prima Alkes,IVC22-PRI,IV cannula 22G (Prima),IV cannula 22G,box of 50,50,39,569881.69,0.05,541387.61,po,30,
2024-05-15,Site Medan,Prima Alkes,PCT1G-PRI,Paracetamol 1 g infusion (Prima),Paracetamol 1 g infusion,box of 12 bottles,12,184,356519.41,0.05,338693.44,po,30,
2024-05-15,Site Medan,Surgika Utama,SUT20-SUR,Absorbable suture 2-0 (Surgika),Absorbable suture 2-0,box of 12,12,48,922120.07,0.12,811465.66,po,60,
2024-05-15,Site Medan,Medisindo,SYR3-MED,Syringe 3 mL luer lock (Medisindo),Syringe 3 mL,box of 100,100,72,187467.57,0.15,159347.43,po,45,
2024-05-15,Site Medan,Sehat Medika,TNI-SEH,Troponin I reagent (Sehat),Troponin I reagent,kit of 200 tests,200,3,23216372.83,0.15,19733916.91,po,45,
2024-05-15,Site Surabaya,Sehat Medika,CEF1G-SEH,Ceftriaxone 1 g injection (Sehat),Ceftriaxone 1 g inj,box of 100 vials,100,40,1812940.62,0.1,1631646.56,po,60,
2024-05-15,Site Surabaya,Surgika Utama,DES-SUR,Drug-eluting coronary stent (Surgika),Drug-eluting stent,each,1,18,13047478.02,0.08,12003679.78,po,45,
2024-05-15,Site Surabaya,Medisindo,GLV-M-MED,Nitrile exam gloves M (Medisindo),Nitrile gloves M,box of 200,200,196,172376.61,0.1,155138.95,po,45,
2024-05-15,Site Surabaya,Sehat Medika,HBA1C-SEH,HbA1c reagent (Sehat),HbA1c reagent,kit of 50 tests,50,34,2250893.4,0.1,2025804.06,po,60,
2024-05-15,Site Surabaya,Medisindo,IVC22-MED,IV cannula 22G (Medisindo),IV cannula 22G,each,1,2572,11845.93,0.1,10661.34,po,45,
2024-05-15,Site Surabaya,Nusantara Farma,PCT1G-NUS,Paracetamol 1 g infusion (Nusantara),Paracetamol 1 g infusion,bottle,1,3414,30407.49,0.05,28887.12,po,45,
2024-05-15,Site Surabaya,Medisindo,SUT20-MED,Absorbable suture 2-0 (Medisindo),Absorbable suture 2-0,box of 36,36,25,2435592.23,0.1,2192033.01,po,45,
2024-05-15,Site Surabaya,Medisindo,SYR3-MED,Syringe 3 mL luer lock (Medisindo),Syringe 3 mL,box of 100,100,104,167325.63,0.1,150593.07,po,45,
2024-05-15,Site Surabaya,Global Diagnostika,TNI-GLO,Troponin I reagent (Global),Troponin I reagent,kit of 100 tests,100,12,10517960.56,0.15,8940266.48,po,45,
2024-05-15,Site Tangerang,Medisindo,CEF1G-MED,Ceftriaxone 1 g injection (Medisindo),Ceftriaxone 1 g inj,box of 10 vials,10,401,163380.22,0.12,143774.59,po,30,
2024-05-15,Site Tangerang,Surgika Utama,DES-SUR,Drug-eluting coronary stent (Surgika),Drug-eluting stent,each,1,17,13715085.97,0.1,12343577.37,po,30,
2024-05-15,Site Tangerang,Nusantara Farma,GLV-M-NUS,Nitrile exam gloves M (Nusantara),Nitrile gloves M,box of 100,100,335,92130.97,0.1,82917.87,po,60,
2024-05-15,Site Tangerang,Prima Alkes,HBA1C-PRI,HbA1c reagent (Prima),HbA1c reagent,kit of 100 tests,100,14,5195066.87,0.08,4779461.52,po,60,
2024-05-15,Site Tangerang,Prima Alkes,IVC22-PRI,IV cannula 22G (Prima),IV cannula 22G,box of 50,50,48,576120.03,0.08,530030.43,po,60,
2024-05-15,Site Tangerang,Nusantara Farma,PCT1G-NUS,Paracetamol 1 g infusion (Nusantara),Paracetamol 1 g infusion,bottle,1,2527,33448.79,0.1,30103.91,po,60,
2024-05-15,Site Tangerang,Medisindo,SUT20-MED,Absorbable suture 2-0 (Medisindo),Absorbable suture 2-0,box of 36,36,22,2589093.86,0.12,2278402.6,po,30,
2024-05-15,Site Tangerang,Global Diagnostika,SYR3-GLO,Syringe 3 mL luer lock (Global),Syringe 3 mL,each,1,10665,2081.87,0.2,1665.5,po,30,
2024-05-15,Site Tangerang,Sehat Medika,TNI-SEH,Troponin I reagent (Sehat),Troponin I reagent,kit of 200 tests,200,5,21062324.16,0.08,19377338.23,po,60,
2024-06-01,Site Jakarta West,Nusantara Farma,GLV-M-NUS,Nitrile exam gloves M (Nusantara),Nitrile gloves M,box of 100,100,5760,88505.38,0.1,79654.84,contract,60,2025-05-31
2024-06-01,Site Makassar,Prima Alkes,PCT1G-PRI,Paracetamol 1 g infusion (Prima),Paracetamol 1 g infusion,box of 12 bottles,12,1560,447106.94,0.2,357685.55,contract,30,2025-05-31
2024-06-01,Site Tangerang,Nusantara Farma,PCT1G-NUS,Paracetamol 1 g infusion (Nusantara),Paracetamol 1 g infusion,bottle,1,34320,33187.79,0.1,29869.01,contract,60,2025-05-31
2024-06-15,Site Jakarta South,Prima Alkes,CEF1G-NUS,Ceftriaxone 1 g injection (Nusantara),Ceftriaxone 1 g inj,vial,1,4207,18585.2,0.15,15797.42,po,60,
2024-06-15,Site Jakarta South,Surgika Utama,DES-SUR,Drug-eluting coronary stent (Surgika),Drug-eluting stent,each,1,17,15111625.27,0.2,12089300.22,po,45,
2024-06-15,Site Jakarta South,Medisindo,GLV-M-MED,Nitrile exam gloves M (Medisindo),Nitrile gloves M,box of 200,200,202,177325.15,0.12,156046.13,po,45,
2024-06-15,Site Jakarta South,Global Diagnostika,HBA1C-GLO,HbA1c reagent (Global),HbA1c reagent,kit of 100 tests,100,20,4692592.23,0.08,4317184.85,po,60,
2024-06-15,Site Jakarta South,Medisindo,IVC22-MED,IV cannula 22G (Medisindo),IV cannula 22G,each,1,3116,12237.71,0.12,10769.18,po,45,
2024-06-15,Site Jakarta South,Prima Alkes,PCT1G-PRI,Paracetamol 1 g infusion (Prima),Paracetamol 1 g infusion,box of 12 bottles,12,277,381588.91,0.15,324350.57,po,60,
2024-06-15,Site Jakarta South,Surgika Utama,SUT20-SUR,Absorbable suture 2-0 (Surgika),Absorbable suture 2-0,box of 12,12,85,982888.03,0.2,786310.42,po,45,
2024-06-15,Site Jakarta South,Global Diagnostika,SYR3-GLO,Syringe 3 mL luer lock (Global),Syringe 3 mL,each,1,12594,1781.67,0.08,1639.14,po,60,
2024-06-15,Site Jakarta South,Global Diagnostika,TNI-GLO,Troponin I reagent (Global),Troponin I reagent,kit of 100 tests,100,13,9926685.58,0.08,9132550.73,po,60,
2024-06-15,Site Jakarta West,Sehat Medika,CEF1G-SEH,Ceftriaxone 1 g injection (Sehat),Ceftriaxone 1 g inj,box of 100 vials,100,60,1895381.11,0.15,1611073.94,po,30,
2024-06-15,Site Jakarta West,Surgika Utama,DES-SUR,Drug-eluting coronary stent (Surgika),Drug-eluting stent,each,1,23,13179068.86,0.1,11861161.97,po,45,
2024-06-15,Site Jakarta West,Nusantara Farma,GLV-M-NUS,Nitrile exam gloves M (Nusantara),Nitrile gloves M,box of 100,100,500,88058.12,0.1,79252.31,po,60,
2024-06-15,Site Jakarta West,Prima Alkes,HBA1C-PRI,HbA1c reagent (Prima),HbA1c reagent,kit of 100 tests,100,22,5702292.52,0.2,4561834.02,po,60,
2024-06-15,Site Jakarta West,Sehat Medika,IVC22-SEH,IV cannula 22G (Sehat),IV cannula 22G,box of 100,100,34,1094513.81,0.15,930336.74,po,30,
2024-06-15,Site Jakarta West,Prima Alkes,PCT1G-PRI,Paracetamol 1 g infusion (Prima),Paracetamol 1 g infusion,box of 12 bottles,12,314,398514.85,0.2,318811.88,po,60,
2024-06-15,Site Jakarta West,Surgika Utama,SUT20-SUR,Absorbable suture 2-0 (Surgika),Absorbable suture 2-0,box of 12,12,83,848737.2,0.1,763863.48,po,45,
2024-06-15,Site Jakarta West,Global Diagnostika,SYR3-GLO,Syringe 3 mL luer lock (Global),Syringe 3 mL,each,1,13994,1743.01,0.1,1568.71,po,30,
2024-06-15,Site Jakarta West,Sehat Medika,TNI-SEH,Troponin I reagent (Sehat),Troponin I reagent,kit of 200 tests,200,7,22042442.91,0.15,18736076.47,po,30,
2024-06-15,Site Makassar,Medisindo,CEF1G-MED,Ceftriaxone 1 g injection (Medisindo),Ceftriaxone 1 g inj,box of 10 vials,10,224,172959.0,0.1,155663.1,po,45,
2024-06-15,Site Makassar,Surgika Utama,DES-SUR,Drug-eluting coronary stent (Surgika),Drug-eluting stent,each,1,8,16798191.0,0.2,13438552.8,po,60,
2024-06-15,Site Makassar,Nusantara Farma,GLV-M-NUS,Nitrile exam gloves M (Nusantara),Nitrile gloves M,box of 100,100,171,105398.67,0.15,89588.87,po,30,
2024-06-15,Site Makassar,Prima Alkes,HBA1C-PRI,HbA1c reagent (Prima),HbA1c reagent,kit of 100 tests,100,9,6404268.81,0.2,5123415.05,po,30,
2024-06-15,Site Makassar,Prima Alkes,IVC22-PRI,IV cannula 22G (Prima),IV cannula 22G,box of 50,50,23,716064.14,0.2,572851.31,po,30,
2024-06-15,Site Makassar,Prima Alkes,PCT1G-PRI,Paracetamol 1 g infusion (Prima),Paracetamol 1 g infusion,box of 12 bottles,12,144,448941.13,0.2,359152.9,po,30,
2024-06-15,Site Makassar,Surgika Utama,SUT20-SUR,Absorbable suture 2-0 (Surgika),Absorbable suture 2-0,box of 12,12,38,1073656.95,0.2,858925.56,po,60,
2024-06-15,Site Makassar,Prima Alkes,SYR3-PRI,Syringe 3 mL luer lock (Prima),Syringe 3 mL,box of 50,50,110,99289.7,0.2,79431.76,po,30,
2024-06-15,Site Makassar,Sehat Medika,TNI-SEH,Troponin I reagent (Sehat),Troponin I reagent,kit of 200 tests,200,2,24168179.68,0.12,21267998.12,po,30,
2024-06-15,Site Medan,Nusantara Farma,CEF1G-NUS,Ceftriaxone 1 g injection (Nusantara),Ceftriaxone 1 g inj,vial,1,2835,16911.26,0.05,16065.7,po,45,
2024-06-15,Site Medan,Surgika Utama,DES-SUR,Drug-eluting coronary stent (Surgika),Drug-eluting stent,each,1,10,14309918.17,0.12,12592727.99,po,60,
2024-06-15,Site Medan,Nusantara Farma,GLV-M-NUS,Nitrile exam gloves M (Nusantara),Nitrile gloves M,box of 100,100,255,89316.58,0.05,84850.75,po,45,
2024-06-15,Site Medan,Sehat Medika,HBA1C-SEH,HbA1c reagent (Sehat),HbA1c reagent,kit of 50 tests,50,24,2517911.57,0.15,2140224.83,po,45,
2024-06-15,Site Medan,Prima Alkes,IVC22-PRI,IV cannula 22G (Prima),IV cannula 22G,box of 50,50,37,570533.31,0.05,542006.64,po,30,
2024-06-15,Site Medan,Prima Alkes,PCT1G-PRI,Paracetamol 1 g infusion (Prima),Paracetamol 1 g infusion,box of 12 bottles,12,184,353766.31,0.05,336077.99,po,30,
2024-06-15,Site Medan,Surgika Utama,SUT20-SUR,Absorbable suture 2-0 (Surgika),Absorbable suture 2-0,box of 12,12,45,937905.41,0.12,825356.76,po,60,
2024-06-15,Site Medan,Medisindo,SYR3-MED,Syringe 3 mL luer lock (Medisindo),Syringe 3 mL,box of 100,100,74,186962.56,0.15,158918.18,po,45,
2024-06-15,Site Medan,Sehat Medika,TNI-SEH,Troponin I reagent (Sehat),Troponin I reagent,kit of 200 tests,200,3,23720942.05,0.15,20162800.74,po,45,
2024-06-15,Site Surabaya,Sehat Medika,CEF1G-SEH,Ceftriaxone 1 g injection (Sehat),Ceftriaxone 1 g inj,box of 100 vials,100,47,1832619.28,0.1,1649357.35,po,60,
2024-06-15,Site Surabaya,Surgika Utama,DES-SUR,Drug-eluting coronary stent (Surgika),Drug-eluting stent,each,1,19,13125001.56,0.08,12075001.44,po,45,
2024-06-15,Site Surabaya,Medisindo,GLV-M-MED,Nitrile exam gloves M (Medisindo),Nitrile gloves M,box of 200,200,201,171361.96,0.1,154225.76,po,45,
2024-06-15,Site Surabaya,Sehat Medika,HBA1C-SEH,HbA1c reagent (Sehat),HbA1c reagent,kit of 50 tests,50,35,2249556.71,0.1,2024601.04,po,60,
2024-06-15,Site Surabaya,Medisindo,IVC22-MED,IV cannula 22G (Medisindo),IV cannula 22G,each,1,2431,12024.85,0.1,10822.36,po,45,
2024-06-15,Site Surabaya,Nusantara Farma,PCT1G-NUS,Paracetamol 1 g infusion (Nusantara),Paracetamol 1 g infusion,bottle,1,3098,31070.42,0.05,29516.9,po,45,
2024-06-15,Site Surabaya,Medisindo,SUT20-MED,Absorbable suture 2-0 (Medisindo),Absorbable suture 2-0,box of 36,36,24,2455622.64,0.1,2210060.38,po,45,
2024-06-15,Site Surabaya,Medisindo,SYR3-MED,Syringe 3 mL luer lock (Medisindo),Syringe 3 mL,box of 100,100,111,169228.6,0.1,152305.74,po,45,
2024-06-15,Site Surabaya,Global Diagnostika,TNI-GLO,Troponin I reagent (Global),Troponin I reagent,kit of 100 tests,100,11,10585571.47,0.15,8997735.75,po,45,
2024-06-15,Site Tangerang,Medisindo,CEF1G-MED,Ceftriaxone 1 g injection (Medisindo),Ceftriaxone 1 g inj,box of 10 vials,10,339,163635.16,0.12,143998.94,po,30,
2024-06-15,Site Tangerang,Surgika Utama,DES-SUR,Drug-eluting coronary stent (Surgika),Drug-eluting stent,each,1,17,13845296.71,0.1,12460767.04,po,30,
2024-06-15,Site Tangerang,Nusantara Farma,GLV-M-NUS,Nitrile exam gloves M (Nusantara),Nitrile gloves M,box of 100,100,367,94295.68,0.1,84866.11,po,60,
2024-06-15,Site Tangerang,Prima Alkes,HBA1C-PRI,HbA1c reagent (Prima),HbA1c reagent,kit of 100 tests,100,14,5138356.65,0.08,4727288.12,po,60,
2024-06-15,Site Tangerang,Prima Alkes,IVC22-PRI,IV cannula 22G (Prima),IV cannula 22G,box of 50,50,44,568060.27,0.08,522615.45,po,60,
2024-06-15,Site Tangerang,Nusantara Farma,PCT1G-NUS,Paracetamol 1 g infusion (Nusantara),Paracetamol 1 g infusion,bottle,1,2619,33628.8,0.1,30265.92,po,60,
2024-06-15,Site Tangerang,Medisindo,SUT20-MED,Absorbable suture 2-0 (Medisindo),Absorbable suture 2-0,box of 36,36,24,2560315.07,0.12,2253077.26,po,30,
2024-06-15,Site Tangerang,Global Diagnostika,SYR3-GLO,Syringe 3 mL luer lock (Global),Syringe 3 mL,each,1,10614,2088.21,0.2,1670.57,po,30,
2024-06-15,Site Tangerang,Sehat Medika,TNI-SEH,Troponin I reagent (Sehat),Troponin I reagent,kit of 200 tests,200,5,21382284.75,0.08,19671701.97,po,60,
2024-07-01,Site Jakarta South,Global Diagnostika,HBA1C-GLO,HbA1c reagent (Global),HbA1c reagent,kit of 100 tests,100,218,4735573.04,0.08,4356727.2,contract,60,2025-06-30
2024-07-01,Site Makassar,Medisindo,CEF1G-MED,Ceftriaxone 1 g injection (Medisindo),Ceftriaxone 1 g inj,box of 10 vials,10,2520,173319.02,0.1,155987.12,contract,45,2025-06-30
2024-07-01,Site Tangerang,Medisindo,SUT20-MED,Absorbable suture 2-0 (Medisindo),Absorbable suture 2-0,box of 36,36,257,2589789.03,0.12,2279014.35,contract,30,2025-06-30
2024-07-01,Site Tangerang,Global Diagnostika,SYR3-GLO,Syringe 3 mL luer lock (Global),Syringe 3 mL,each,1,118800,2067.55,0.2,1654.04,contract,30,2025-06-30
2024-07-15,Site Jakarta South,Prima Alkes,CEF1G-NUS,Ceftriaxone 1 g injection (Nusantara),Ceftriaxone 1 g inj,vial,1,4673,18527.02,0.15,15747.97,po,60,
2024-07-15,Site Jakarta South,Surgika Utama,DES-SUR,Drug-eluting coronary stent (Surgika),Drug-eluting stent,each,1,19,15362894.55,0.2,12290315.64,po,45,
2024-07-15,Site Jakarta South,Medisindo,GLV-M-MED,Nitrile exam gloves M (Medisindo),Nitrile gloves M,box of 200,200,196,176342.65,0.12,155181.53,po,45,
2024-07-15,Site Jakarta South,Global Diagnostika,HBA1C-GLO,HbA1c reagent (Global),HbA1c reagent,kit of 100 tests,100,20,4748944.44,0.08,4369028.88,po,60,
2024-07-15,Site Jakarta South,Medisindo,IVC22-MED,IV cannula 22G (Medisindo),IV cannula 22G,each,1,2574,12445.81,0.12,10952.31,po,45,
2024-07-15,Site Jakarta South,Prima Alkes,PCT1G-PRI,Paracetamol 1 g infusion (Prima),Paracetamol 1 g infusion,box of 12 bottles,12,293,380231.3,0.15,323196.6,po,60,
2024-07-15,Site Jakarta South,Surgika Utama,SUT20-SUR,Absorbable suture 2-0 (Surgika),Absorbable suture 2-0,box of 12,12,81,979673.01,0.2,783738.41,po,45,
2024-07-15,Site Jakarta South,Global Diagnostika,SYR3-GLO,Syringe 3 mL luer lock (Global),Syringe 3 mL,each,1,12705,1772.97,0.08,1631.13,po,60,
2024-07-15,Site Jakarta South,Global Diagnostika,TNI-GLO,Troponin I reagent (Global),Troponin I reagent,kit of 100 tests,100,11,9823765.97,0.08,9037864.69,po,60,
2024-07-15,Site Jakarta West,Sehat Medika,CEF1G-SEH,Ceftriaxone 1 g injection (Sehat),Ceftriaxone 1 g inj,box of 100 vials,100,62,1876292.25,0.15,1594848.41,po,30,
2024-07-15,Site Jakarta West,Surgika Utama,DES-SUR,Drug-eluting coronary stent (Surgika),Drug-eluting stent,each,1,21,13230621.62,0.1,11907559.46,po,45,
2024-07-15,Site Jakarta West,Nusantara Farma,GLV-M-NUS,Nitrile exam gloves M (Nusantara),Nitrile gloves M,box of 100,100,496,88338.56,0.1,79504.7,po,60,
2024-07-15,Site Jakarta West,Prima Alkes,HBA1C-PRI,HbA1c reagent (Prima),HbA1c reagent,kit of 100 tests,100,20,5635064.52,0.2,4508051.62,po,60,
2024-07-15,Site Jakarta West,Sehat Medika,IVC22-SEH,IV cannula 22G (Sehat),IV cannula 22G,box of 100,100,39,1113422.56,0.15,946409.18,po,30,
2024-07-15,Site Jakarta West,Prima Alkes,PCT1G-PRI,Paracetamol 1 g infusion (Prima),Paracetamol 1 g infusion,box of 12 bottles,12,358,396083.57,0.2,316866.86,po,60,
2024-07-15,Site Jakarta West,Surgika Utama,SUT20-SUR,Absorbable suture 2-0 (Surgika),Absorbable suture 2-0,box of 12,12,86,852879.03,0.1,767591.13,po,45,
2024-07-15,Site Jakarta West,Global Diagnostika,SYR3-GLO,Syringe 3 mL luer lock (Global),Syringe 3 mL,each,1,15925,1767.4,0.1,1590.66,po,30,
2024-07-15,Site Jakarta West,Sehat Medika,TNI-SEH,Troponin I reagent (Sehat),Troponin I reagent,kit of 200 tests,200,7,21936686.02,0.15,18646183.12,po,30,
2024-07-15,Site Makassar,Medisindo,CEF1G-MED,Ceftriaxone 1 g injection (Medisindo),Ceftriaxone 1 g inj,box of 10 vials,10,210,170688.31,0.1,153619.48,po,45,
2024-07-15,Site Makassar,Surgika Utama,DES-SUR,Drug-eluting coronary stent (Surgika),Drug-eluting stent,each,1,9,16894009.7,0.2,13515207.76,po,60,
2024-07-15,Site Makassar,Nusantara Farma,GLV-M-NUS,Nitrile exam gloves M (Nusantara),Nitrile gloves M,box of 100,100,163,106898.53,0.15,90863.75,po,30,
2024-07-15,Site Makassar,Prima Alkes,HBA1C-PRI,HbA1c reagent (Prima),HbA1c reagent,kit of 100 tests,100,9,6469467.43,0.2,5175573.94,po,30,
2024-07-15,Site Makassar,Prima Alkes,IVC22-PRI,IV cannula 22G (Prima),IV cannula 22G,box of 50,50,28,719839.45,0.2,575871.56,po,30,
2024-07-15,Site Makassar,Prima Alkes,PCT1G-PRI,Paracetamol 1 g infusion (Prima),Paracetamol 1 g infusion,box of 12 bottles,12,136,442782.69,0.2,354226.15,po,30,
2024-07-15,Site Makassar,Surgika Utama,SUT20-SUR,Absorbable suture 2-0 (Surgika),Absorbable suture 2-0,box of 12,12,39,1091156.46,0.2,872925.17,po,60,
2024-07-15,Site Makassar,Prima Alkes,SYR3-PRI,Syringe 3 mL luer lock (Prima),Syringe 3 mL,box of 50,50,114,101454.28,0.2,81163.42,po,30,
2024-07-15,Site Makassar,Sehat Medika,TNI-SEH,Troponin I reagent (Sehat),Troponin I reagent,kit of 200 tests,200,2,24015440.81,0.12,21133587.91,po,30,
2024-07-15,Site Medan,Nusantara Farma,CEF1G-NUS,Ceftriaxone 1 g injection (Nusantara),Ceftriaxone 1 g inj,vial,1,2904,16965.79,0.05,16117.5,po,45,
2024-07-15,Site Medan,Surgika Utama,DES-SUR,Drug-eluting coronary stent (Surgika),Drug-eluting stent,each,1,10,14319589.99,0.12,12601239.19,po,60,
2024-07-15,Site Medan,Nusantara Farma,GLV-M-NUS,Nitrile exam gloves M (Nusantara),Nitrile gloves M,box of 100,100,255,91323.49,0.05,86757.32,po,45,
2024-07-15,Site Medan,Sehat Medika,HBA1C-SEH,HbA1c reagent (Sehat),HbA1c reagent,kit of 50 tests,50,24,2536111.04,0.15,2155694.38,po,45,
2024-07-15,Site Medan,Prima Alkes,IVC22-PRI,IV cannula 22G (Prima),IV cannula 22G,box of 50,50,34,572922.64,0.05,544276.51,po,30,
2024-07-15,Site Medan,Prima Alkes,PCT1G-PRI,Paracetamol 1 g infusion (Prima),Paracetamol 1 g infusion,box of 12 bottles,12,162,355846.6,0.05,338054.27,po,30,
2024-07-15,Site Medan,Surgika Utama,SUT20-SUR,Absorbable suture 2-0 (Surgika),Absorbable suture 2-0,box of 12,12,51,934232.61,0.12,822124.7,po,60,
2024-07-15,Site Medan,Medisindo,SYR3-MED,Syringe 3 mL luer lock (Medisindo),Syringe 3 mL,box of 100,100,75,188876.0,0.15,160544.6,po,45,
2024-07-15,Site Medan,Sehat Medika,TNI-SEH,Troponin I reagent (Sehat),Troponin I reagent,kit of 200 tests,200,4,23550950.46,0.15,20018307.89,po,45,
2024-07-15,Site Surabaya,Sehat Medika,CEF1G-SEH,Ceftriaxone 1 g injection (Sehat),Ceftriaxone 1 g inj,box of 100 vials,100,45,1834982.28,0.1,1651484.05,po,60,
2024-07-15,Site Surabaya,Surgika Utama,DES-SUR,Drug-eluting coronary stent (Surgika),Drug-eluting stent,each,1,18,13249414.77,0.08,12189461.59,po,45,
2024-07-15,Site Surabaya,Medisindo,GLV-M-MED,Nitrile exam gloves M (Medisindo),Nitrile gloves M,box of 200,200,195,173035.03,0.1,155731.53,po,45,
2024-07-15,Site Surabaya,Sehat Medika,HBA1C-SEH,HbA1c reagent (Sehat),HbA1c reagent,kit of 50 tests,50,34,2288480.68,0.1,2059632.61,po,60,
2024-07-15,Site Surabaya,Medisindo,IVC22-MED,IV cannula 22G (Medisindo),IV cannula 22G,each,1,2443,12010.14,0.1,10809.13,po,45,
2024-07-15,Site Surabaya,Nusantara Farma,PCT1G-NUS,Paracetamol 1 g infusion (Nusantara),Paracetamol 1 g infusion,bottle,1,3031,30579.49,0.05,29050.52,po,45,
2024-07-15,Site Surabaya,Medisindo,SUT20-MED,Absorbable suture 2-0 (Medisindo),Absorbable suture 2-0,box of 36,36,22,2427781.84,0.1,2185003.66,po,45,
2024-07-15,Site Surabaya,Medisindo,SYR3-MED,Syringe 3 mL luer lock (Medisindo),Syringe 3 mL,box of 100,100,98,168466.7,0.1,151620.03,po,45,
2024-07-15,Site Surabaya,Global Diagnostika,TNI-GLO,Troponin I reagent (Global),Troponin I reagent,kit of 100 tests,100,11,10537287.43,0.15,8956694.32,po,45,
2024-07-15,Site Tangerang,Medisindo,CEF1G-MED,Ceftriaxone 1 g injection (Medisindo),Ceftriaxone 1 g inj,box of 10 vials,10,346,164911.7,0.12,145122.3,po,30,
2024-07-15,Site Tangerang,Surgika Utama,DES-SUR,Drug-eluting coronary stent (Surgika),Drug-eluting stent,each,1,15,13916460.27,0.1,12524814.24,po,30,
2024-07-15,Site Tangerang,Nusantara Farma,GLV-M-NUS,Nitrile exam gloves M (Nusantara),Nitrile gloves M,box of 100,100,320,92676.45,0.1,83408.8,po,60,
2024-07-15,Site Tangerang,Prima Alkes,HBA1C-PRI,HbA1c reagent (Prima),HbA1c reagent,kit of 100 tests,100,15,5132063.9,0.08,4721498.79,po,60,
2024-07-15,Site Tangerang,Prima Alkes,IVC22-PRI,IV cannula 22G (Prima),IV cannula 22G,box of 50,50,52,578697.1,0.08,532401.33,po,60,
2024-07-15,Site Tangerang,Nusantara Farma,PCT1G-NUS,Paracetamol 1 g infusion (Nusantara),Paracetamol 1 g infusion,bottle,1,2991,33391.36,0.1,30052.22,po,60,
2024-07-15,Site Tangerang,Medisindo,SUT20-MED,Absorbable suture 2-0 (Medisindo),Absorbable suture 2-0,box of 36,36,22,2616724.16,0.12,2302717.26,po,30,
2024-07-15,Site Tangerang,Global Diagnostika,SYR3-GLO,Syringe 3 mL luer lock (Global),Syringe 3 mL,each,1,9355,2090.98,0.2,1672.78,po,30,
2024-07-15,Site Tangerang,Sehat Medika,TNI-SEH,Troponin I reagent (Sehat),Troponin I reagent,kit of 200 tests,200,5,21348360.03,0.08,19640491.23,po,60,
2024-08-01,Site Makassar,Nusantara Farma,GLV-M-NUS,Nitrile exam gloves M (Nusantara),Nitrile gloves M,box of 100,100,2160,106185.29,0.15,90257.5,contract,30,2025-07-31
2024-08-01,Site Tangerang,Nusantara Farma,GLV-M-NUS,Nitrile exam gloves M (Nusantara),Nitrile gloves M,box of 100,100,3960,94992.56,0.1,85493.3,contract,60,2025-07-31
2024-08-15,Site Jakarta South,Prima Alkes,CEF1G-NUS,Ceftriaxone 1 g injection (Nusantara),Ceftriaxone 1 g inj,vial,1,4711,18486.75,0.15,15713.74,po,60,
2024-08-15,Site Jakarta South,Surgika Utama,DES-SUR,Drug-eluting coronary stent (Surgika),Drug-eluting stent,each,1,17,15373286.23,0.2,12298628.98,po,45,
2024-08-15,Site Jakarta South,Medisindo,GLV-M-MED,Nitrile exam gloves M (Medisindo),Nitrile gloves M,box of 200,200,184,179350.45,0.12,157828.4,po,45,
2024-08-15,Site Jakarta South,Global Diagnostika,HBA1C-GLO,HbA1c reagent (Global),HbA1c reagent,kit of 100 tests,100,19,4776114.16,0.08,4394025.03,po,60,
2024-08-15,Site Jakarta South,Medisindo,IVC22-MED,IV cannula 22G (Medisindo),IV cannula 22G,each,1,3028,12500.36,0.12,11000.32,po,45,
2024-08-15,Site Jakarta South,Prima Alkes,PCT1G-PRI,Paracetamol 1 g infusion (Prima),Paracetamol 1 g infusion,box of 12 bottles,12,309,386054.68,0.15,328146.48,po,60,
2024-08-15,Site Jakarta South,Surgika Utama,SUT20-SUR,Absorbable suture 2-0 (Surgika),Absorbable suture 2-0,box of 12,12,70,986068.95,0.2,788855.16,po,45,
2024-08-15,Site Jakarta South,Global Diagnostika,SYR3-GLO,Syringe 3 mL luer lock (Global),Syringe 3 mL,each,1,10297,1793.9,0.08,1650.39,po,60,
2024-08-15,Site Jakarta South,Global Diagnostika,TNI-GLO,Troponin I reagent (Global),Troponin I reagent,kit of 100 tests,100,13,9893456.26,0.08,9101979.76,po,60,
2024-08-15,Site Jakarta West,Sehat Medika,CEF1G-SEH,Ceftriaxone 1 g injection (Sehat),Ceftriaxone 1 g inj,box of 100 vials,100,53,1892481.55,0.15,1608609.32,po,30,
2024-08-15,Site Jakarta West,Surgika Utama,DES-SUR,Drug-eluting coronary stent (Surgika),Drug-eluting stent,each,1,23,13060207.07,0.1,11754186.36,po,45,
2024-08-15,Site Jakarta West,Nusantara Farma,GLV-M-NUS,Nitrile exam gloves M (Nusantara),Nitrile gloves M,box of 100,100,507,89724.28,0.1,80751.85,po,60,
2024-08-15,Site Jakarta West,Prima Alkes,HBA1C-PRI,HbA1c reagent (Prima),HbA1c reagent,kit of 100 tests,100,23,5685822.6,0.2,4548658.08,po,60,
2024-08-15,Site Jakarta West,Sehat Medika,IVC22-SEH,IV cannula 22G (Sehat),IV cannula 22G,box of 100,100,35,1117838.1,0.15,950162.39,po,30,
2024-08-15,Site Jakarta West,Prima Alkes,PCT1G-PRI,Paracetamol 1 g infusion (Prima),Paracetamol 1 g infusion,box of 12 bottles,12,331,396273.1,0.2,317018.48,po,60,
2024-08-15,Site Jakarta West,Surgika Utama,SUT20-SUR,Absorbable suture 2-0 (Surgika),Absorbable suture 2-0,box of 12,12,83,843954.0,0.1,759558.6,po,45,
2024-08-15,Site Jakarta West,Global Diagnostika,SYR3-GLO,Syringe 3 mL luer lock (Global),Syringe 3 mL,each,1,13774,1776.88,0.1,1599.19,po,30,
2024-08-15,Site Jakarta West,Sehat Medika,TNI-SEH,Troponin I reagent (Sehat),Troponin I reagent,kit of 200 tests,200,8,21869819.62,0.15,18589346.68,po,30,
2024-08-15,Site Makassar,Medisindo,CEF1G-MED,Ceftriaxone 1 g injection (Medisindo),Ceftriaxone 1 g inj,box of 10 vials,10,227,173835.78,0.1,156452.2,po,45,
2024-08-15,Site Makassar,Surgika Utama,DES-SUR,Drug-eluting coronary stent (Surgika),Drug-eluting stent,each,1,8,16874378.8,0.2,13499503.04,po,60,
2024-08-15,Site Makassar,Nusantara Farma,GLV-M-NUS,Nitrile exam gloves M (Nusantara),Nitrile gloves M,box of 100,100,161,106484.54,0.15,90511.86,po,30,
2024-08-15,Site Makassar,Prima Alkes,HBA1C-PRI,HbA1c reagent (Prima),HbA1c reagent,kit of 100 tests,100,7,6351533.99,0.2,5081227.19,po,30,
2024-08-15,Site Makassar,Prima Alkes,IVC22-PRI,IV cannula 22G (Prima),IV cannula 22G,box of 50,50,23,708739.42,0.2,566991.54,po,30,
2024-08-15,Site Makassar,Prima Alkes,PCT1G-PRI,Paracetamol 1 g infusion (Prima),Paracetamol 1 g infusion,box of 12 bottles,12,142,447539.31,0.2,358031.45,po,30,
2024-08-15,Site Makassar,Surgika Utama,SUT20-SUR,Absorbable suture 2-0 (Surgika),Absorbable suture 2-0,box of 12,12,36,1077447.75,0.2,861958.2,po,60,
2024-08-15,Site Makassar,Prima Alkes,SYR3-PRI,Syringe 3 mL luer lock (Prima),Syringe 3 mL,box of 50,50,110,99917.89,0.2,79934.31,po,30,
2024-08-15,Site Makassar,Sehat Medika,TNI-SEH,Troponin I reagent (Sehat),Troponin I reagent,kit of 200 tests,200,3,24051605.93,0.12,21165413.22,po,30,
2024-08-15,Site Medan,Nusantara Farma,CEF1G-NUS,Ceftriaxone 1 g injection (Nusantara),Ceftriaxone 1 g inj,vial,1,2506,16700.15,0.05,15865.14,po,45,
2024-08-15,Site Medan,Surgika Utama,DES-SUR,Drug-eluting coronary stent (Surgika),Drug-eluting stent,each,1,12,14269997.76,0.12,12557598.03,po,60,
2024-08-15,Site Medan,Nusantara Farma,GLV-M-NUS,Nitrile exam gloves M (Nusantara),Nitrile gloves M,box of 100,100,228,91631.12,0.05,87049.56,po,45,
2024-08-15,Site Medan,Sehat Medika,HBA1C-SEH,HbA1c reagent (Sehat),HbA1c reagent,kit of 50 tests,50,25,2545662.2,0.15,2163812.87,po,45,
2024-08-15,Site Medan,Prima Alkes,IVC22-PRI,IV cannula 22G (Prima),IV cannula 22G,box of 50,50,35,574075.8,0.05,545372.01,po,30,
2024-08-15,Site Medan,Prima Alkes,PCT1G-PRI,Paracetamol 1 g infusion (Prima),Paracetamol 1 g infusion,box of 12 bottles,12,166,361319.21,0.05,343253.25,po,30,
2024-08-15,Site Medan,Surgika Utama,SUT20-SUR,Absorbable suture 2-0 (Surgika),Absorbable suture 2-0,box of 12,12,43,940694.25,0.12,827810.94,po,60,
2024-08-15,Site Medan,Medisindo,SYR3-MED,Syringe 3 mL luer lock (Medisindo),Syringe 3 mL,box of 100,100,80,190328.7,0.15,161779.4,po,45,
2024-08-15,Site Medan,Sehat Medika,TNI-SEH,Troponin I reagent (Sehat),Troponin I reagent,kit of 200 tests,200,4,23839958.62,0.15,20263964.83,po,45,
2024-08-15,Site Surabaya,Sehat Medika,CEF1G-SEH,Ceftriaxone 1 g injection (Sehat),Ceftriaxone 1 g inj,box of 100 vials,100,39,1841756.57,0.1,1657580.91,po,60,
2024-08-15,Site Surabaya,Surgika Utama,DES-SUR,Drug-eluting coronary stent (Surgika),Drug-eluting stent,each,1,18,13191723.87,0.08,12136385.96,po,45,
2024-08-15,Site Surabaya,Medisindo,GLV-M-MED,Nitrile exam gloves M (Medisindo),Nitrile gloves M,box of 200,200,200,171999.3,0.1,154799.37,po,45,
2024-08-15,Site Surabaya,Sehat Medika,HBA1C-SEH,HbA1c reagent (Sehat),HbA1c reagent,kit of 50 tests,50,31,2248373.37,0.1,2023536.03,po,60,
2024-08-15,Site Surabaya,Medisindo,IVC22-MED,IV cannula 22G (Medisindo),IV cannula 22G,each,1,2559,12077.63,0.1,10869.87,po,45,
2024-08-15,Site Surabaya,Nusantara Farma,PCT1G-NUS,Paracetamol 1 g infusion (Nusantara),Paracetamol 1 g infusion,bottle,1,3061,31222.23,0.05,29661.12,po,45,
2024-08-15,Site Surabaya,Medisindo,SUT20-MED,Absorbable suture 2-0 (Medisindo),Absorbable suture 2-0,box of 36,36,26,2482013.63,0.1,2233812.27,po,45,
2024-08-15,Site Surabaya,Medisindo,SYR3-MED,Syringe 3 mL luer lock (Medisindo),Syringe 3 mL,box of 100,100,116,171442.3,0.1,154298.07,po,45,
2024-08-15,Site Surabaya,Global Diagnostika,TNI-GLO,Troponin I reagent (Global),Troponin I reagent,kit of 100 tests,100,12,10744246.53,0.15,9132609.55,po,45,
2024-08-15,Site Tangerang,Medisindo,CEF1G-MED,Ceftriaxone 1 g injection (Medisindo),Ceftriaxone 1 g inj,box of 10 vials,10,400,164819.18,0.12,145040.88,po,30,
2024-08-15,Site Tangerang,Surgika Utama,DES-SUR,Drug-eluting coronary stent (Surgika),Drug-eluting stent,each,1,14,13687534.34,0.1,12318780.91,po,30,
2024-08-15,Site Tangerang,Nusantara Farma,GLV-M-NUS,Nitrile exam gloves M (Nusantara),Nitrile gloves M,box of 100,100,340,94953.67,0.1,85458.3,po,60,
2024-08-15,Site Tangerang,Prima Alkes,HBA1C-PRI,HbA1c reagent (Prima),HbA1c reagent,kit of 100 tests,100,16,5137381.21,0.08,4726390.71,po,60,
2024-08-15,Site Tangerang,Prima Alkes,IVC22-PRI,IV cannula 22G (Prima),IV cannula 22G,box of 50,50,46,570715.55,0.08,525058.31,po,60,
2024-08-15,Site Tangerang,Nusantara Farma,PCT1G-NUS,Paracetamol 1 g infusion (Nusantara),Paracetamol 1 g infusion,bottle,1,2604,33802.83,0.1,30422.55,po,60,
2024-08-15,Site Tangerang,Medisindo,SUT20-MED,Absorbable suture 2-0 (Medisindo),Absorbable suture 2-0,box of 36,36,24,2617224.59,0.12,2303157.64,po,30,
2024-08-15,Site Tangerang,Global Diagnostika,SYR3-GLO,Syringe 3 mL luer lock (Global),Syringe 3 mL,each,1,8943,2074.46,0.2,1659.57,po,30,
2024-08-15,Site Tangerang,Sehat Medika,TNI-SEH,Troponin I reagent (Sehat),Troponin I reagent,kit of 200 tests,200,5,21242559.17,0.08,19543154.44,po,60,
2024-09-01,Site Jakarta West,Surgika Utama,DES-SUR,Drug-eluting coronary stent (Surgika),Drug-eluting stent,each,1,269,13293653.14,0.1,11964287.83,contract,45,2025-08-31
2024-09-01,Site Jakarta West,Sehat Medika,IVC22-SEH,IV cannula 22G (Sehat),IV cannula 22G,box of 100,100,422,1102407.1,0.15,937046.04,contract,30,2025-08-31
2024-09-01,Site Makassar,Prima Alkes,HBA1C-PRI,HbA1c reagent (Prima),HbA1c reagent,kit of 100 tests,100,101,6382131.4,0.2,5105705.12,contract,30,2025-08-31
2024-09-15,Site Jakarta South,Prima Alkes,CEF1G-NUS,Ceftriaxone 1 g injection (Nusantara),Ceftriaxone 1 g inj,vial,1,4378,18852.29,0.15,16024.45,po,60,
2024-09-15,Site Jakarta South,Surgika Utama,DES-SUR,Drug-eluting coronary stent (Surgika),Drug-eluting stent,each,1,20,15235233.63,0.2,12188186.9,po,45,
2024-09-15,Site Jakarta South,Medisindo,GLV-M-MED,Nitrile exam gloves M (Medisindo),Nitrile gloves M,box of 200,200,179,178517.25,0.12,157095.18,po,45,
2024-09-15,Site Jakarta South,Global Diagnostika,HBA1C-GLO,HbA1c reagent (Global),HbA1c reagent,kit of 100 tests,100,19,4740764.93,0.08,4361503.74,po,60,
2024-09-15,Site Jakarta South,Medisindo,IVC22-MED,IV cannula 22G (Medisindo),IV cannula 22G,each,1,2748,12405.41,0.12,10916.76,po,45,
2024-09-15,Site Jakarta South,Prima Alkes,PCT1G-PRI,Paracetamol 1 g infusion (Prima),Paracetamol 1 g infusion,box of 12 bottles,12,263,382419.35,0.15,325056.45,po,60,
2024-09-15,Site Jakarta South,Surgika Utama,SUT20-SUR,Absorbable suture 2-0 (Surgika),Absorbable suture 2-0,box of 12,12,67,984160.38,0.2,787328.3,po,45,
2024-09-15,Site Jakarta South,Global Diagnostika,SYR3-GLO,Syringe 3 mL luer lock (Global),Syringe 3 mL,each,1,10735,1784.59,0.08,1641.82,po,60,
2024-09-15,Site Jakarta South,Global Diagnostika,TNI-GLO,Troponin I reagent (Global),Troponin I reagent,kit of 100 tests,100,13,10083258.11,0.08,9276597.46,po,60,
2024-09-15,Site Jakarta West,Sehat Medika,CEF1G-SEH,Ceftriaxone 1 g injection (Sehat),Ceftriaxone 1 g inj,box of 100 vials,100,50,1888406.93,0.15,1605145.89,po,30,
2024-09-15,Site Jakarta West,Surgika Utama,DES-SUR,Drug-eluting coronary stent (Surgika),Drug-eluting stent,each,1,24,13170600.43,0.1,11853540.39,po,45,
2024-09-15,Site Jakarta West,Nusantara Farma,GLV-M-NUS,Nitrile exam gloves M (Nusantara),Nitrile gloves M,box of 100,100,466,89720.99,0.1,80748.89,po,60,
2024-09-15,Site Jakarta West,Prima Alkes,HBA1C-PRI,HbA1c reagent (Prima),HbA1c reagent,kit of 100 tests,100,25,5674377.15,0.2,4539501.72,po,60,
2024-09-15,Site Jakarta West,Sehat Medika,IVC22-SEH,IV cannula 22G (Sehat),IV cannula 22G,box of 100,100,34,1113278.46,0.15,946286.69,po,30,
2024-09-15,Site Jakarta West,Prima Alkes,PCT1G-PRI,Paracetamol 1 g infusion (Prima),Paracetamol 1 g infusion,box of 12 bottles,12,344,397823.12,0.2,318258.5,po,60,
2024-09-15,Site Jakarta West,Surgika Utama,SUT20-SUR,Absorbable suture 2-0 (Surgika),Absorbable suture 2-0,box of 12,12,90,852194.33,0.1,766974.9,po,45,
2024-09-15,Site Jakarta West,Global Diagnostika,SYR3-GLO,Syringe 3 mL luer lock (Global),Syringe 3 mL,each,1,15986,1752.66,0.1,1577.39,po,30,
2024-09-15,Site Jakarta West,Sehat Medika,TNI-SEH,Troponin I reagent (Sehat),Troponin I reagent,kit of 200 tests,200,7,22131762.83,0.15,18811998.41,po,30,
2024-09-15,Site Makassar,Medisindo,CEF1G-MED,Ceftriaxone 1 g injection (Medisindo),Ceftriaxone 1 g inj,box of 10 vials,10,223,170868.6,0.1,153781.74,po,45,
2024-09-15,Site Makassar,Surgika Utama,DES-SUR,Drug-eluting coronary stent (Surgika),Drug-eluting stent,each,1,8,16792260.93,0.2,13433808.74,po,60,
2024-09-15,Site Makassar,Nusantara Farma,GLV-M-NUS,Nitrile exam gloves M (Nusantara),Nitrile gloves M,box of 100,100,193,106649.02,0.15,90651.67,po,30,
2024-09-15,Site Makassar,Prima Alkes,HBA1C-PRI,HbA1c reagent (Prima),HbA1c reagent,kit of 100 tests,100,9,6431290.76,0.2,5145032.61,po,30,
2024-09-15,Site Makassar,Prima Alkes,IVC22-PRI,IV cannula 22G (Prima),IV cannula 22G,box of 50,50,27,716454.86,0.2,573163.89,po,30,
2024-09-15,Site Makassar,Prima Alkes,PCT1G-PRI,Paracetamol 1 g infusion (Prima),Paracetamol 1 g infusion,box of 12 bottles,12,126,451714.03,0.2,361371.22,po,30,
2024-09-15,Site Makassar,Surgika Utama,SUT20-SUR,Absorbable suture 2-0 (Surgika),Absorbable suture 2-0,box of 12,12,36,1089594.91,0.2,871675.93,po,60,
2024-09-15,Site Makassar,Prima Alkes,SYR3-PRI,Syringe 3 mL luer lock (Prima),Syringe 3 mL,box of 50,50,115,100657.35,0.2,80525.88,po,30,
2024-09-15,Site Makassar,Sehat Medika,TNI-SEH,Troponin I reagent (Sehat),Troponin I reagent,kit of 200 tests,200,3,24212482.58,0.12,21306984.67,po,30,
2024-09-15,Site Medan,Nusantara Farma,CEF1G-NUS,Ceftriaxone 1 g injection (Nusantara),Ceftriaxone 1 g inj,vial,1,3031,16912.9,0.05,16067.26,po,45,
2024-09-15,Site Medan,Surgika Utama,DES-SUR,Drug-eluting coronary stent (Surgika),Drug-eluting stent,each,1,10,14600808.15,0.12,12848711.17,po,60,
2024-09-15,Site Medan,Nusantara Farma,GLV-M-NUS,Nitrile exam gloves M (Nusantara),Nitrile gloves M,box of 100,100,222,91103.68,0.05,86548.5,po,45,
2024-09-15,Site Medan,Sehat Medika,HBA1C-SEH,HbA1c reagent (Sehat),HbA1c reagent,kit of 50 tests,50,24,2540110.21,0.15,2159093.68,po,45,
2024-09-15,Site Medan,Prima Alkes,IVC22-PRI,IV cannula 22G (Prima),IV cannula 22G,box of 50,50,38,575724.75,0.05,546938.51,po,30,
2024-09-15,Site Medan,Prima Alkes,PCT1G-PRI,Paracetamol 1 g infusion (Prima),Paracetamol 1 g infusion,box of 12 bottles,12,167,358566.92,0.05,340638.57,po,30,
2024-09-15,Site Medan,Surgika Utama,SUT20-SUR,Absorbable suture 2-0 (Surgika),Absorbable suture 2-0,box of 12,12,43,931167.97,0.12,819427.81,po,60,
2024-09-15,Site Medan,Medisindo,SYR3-MED,Syringe 3 mL luer lock (Medisindo),Syringe 3 mL,box of 100,100,72,187948.48,0.15,159756.21,po,45,
2024-09-15,Site Medan,Sehat Medika,TNI-SEH,Troponin I reagent (Sehat),Troponin I reagent,kit of 200 tests,200,4,23731870.18,0.15,20172089.65,po,45,
2024-09-15,Site Surabaya,Sehat Medika,CEF1G-SEH,Ceftriaxone 1 g injection (Sehat),Ceftriaxone 1 g inj,box of 100 vials,100,41,1811918.56,0.1,1630726.7,po,60,
2024-09-15,Site Surabaya,Surgika Utama,DES-SUR,Drug-eluting coronary stent (Surgika),Drug-eluting stent,each,1,16,13055979.32,0.08,12011500.97,po,45,
2024-09-15,Site Surabaya,Medisindo,GLV-M-MED,Nitrile exam gloves M (Medisindo),Nitrile gloves M,box of 200,200,172,172809.95,0.1,155528.96,po,45,
2024-09-15,Site Surabaya,Sehat Medika,HBA1C-SEH,HbA1c reagent (Sehat),HbA1c reagent,kit of 50 tests,50,33,2258042.63,0.1,2032238.37,po,60,
2024-09-15,Site Surabaya,Medisindo,IVC22-MED,IV cannula 22G (Medisindo),IV cannula 22G,each,1,2673,12063.73,0.1,10857.36,po,45,
2024-09-15,Site Surabaya,Nusantara Farma,PCT1G-NUS,Paracetamol 1 g infusion (Nusantara),Paracetamol 1 g infusion,bottle,1,3458,31440.28,0.05,29868.27,po,45,
2024-09-15,Site Surabaya,Medisindo,SUT20-MED,Absorbable suture 2-0 (Medisindo),Absorbable suture 2-0,box of 36,36,23,2452574.26,0.1,2207316.83,po,45,
2024-09-15,Site Surabaya,Medisindo,SYR3-MED,Syringe 3 mL luer lock (Medisindo),Syringe 3 mL,box of 100,100,105,169911.61,0.1,152920.45,po,45,
2024-09-15,Site Surabaya,Global Diagnostika,TNI-GLO,Troponin I reagent (Global),Troponin I reagent,kit of 100 tests,100,10,10768567.31,0.15,9153282.21,po,45,
2024-09-15,Site Tangerang,Medisindo,CEF1G-MED,Ceftriaxone 1 g injection (Medisindo),Ceftriaxone 1 g inj,box of 10 vials,10,425,163165.53,0.12,143585.67,po,30,
2024-09-15,Site Tangerang,Surgika Utama,DES-SUR,Drug-eluting coronary stent (Surgika),Drug-eluting stent,each,1,15,13959926.78,0.1,12563934.1,po,30,
2024-09-15,Site Tangerang,Nusantara Farma,GLV-M-NUS,Nitrile exam gloves M (Nusantara),Nitrile gloves M,box of 100,100,331,93111.12,0.1,83800.01,po,60,
2024-09-15,Site Tangerang,Prima Alkes,HBA1C-PRI,HbA1c reagent (Prima),HbA1c reagent,kit of 100 tests,100,17,5177067.67,0.08,4762902.26,po,60,
2024-09-15,Site Tangerang,Prima Alkes,IVC22-PRI,IV cannula 22G (Prima),IV cannula 22G,box of 50,50,51,583912.12,0.08,537199.15,po,60,
2024-09-15,Site Tangerang,Nusantara Farma,PCT1G-NUS,Paracetamol 1 g infusion (Nusantara),Paracetamol 1 g infusion,bottle,1,2929,33413.75,0.1,30072.38,po,60,
2024-09-15,Site Tangerang,Medisindo,SUT20-MED,Absorbable suture 2-0 (Medisindo),Absorbable suture 2-0,box of 36,36,23,2600570.2,0.12,2288501.78,po,30,
2024-09-15,Site Tangerang,Global Diagnostika,SYR3-GLO,Syringe 3 mL luer lock (Global),Syringe 3 mL,each,1,10112,2090.78,0.2,1672.62,po,30,
2024-09-15,Site Tangerang,Sehat Medika,TNI-SEH,Troponin I reagent (Sehat),Troponin I reagent,kit of 200 tests,200,5,21560894.33,0.08,19836022.78,po,60,
2024-10-01,Site Jakarta South,Prima Alkes,CEF1G-NUS,Ceftriaxone 1 g injection (Nusantara),Ceftriaxone 1 g inj,vial,1,54600,18888.75,0.15,16055.44,contract,60,2025-09-30
2024-10-01,Site Jakarta West,Prima Alkes,HBA1C-PRI,HbA1c reagent (Prima),HbA1c reagent,kit of 100 tests,100,269,5653405.84,0.2,4522724.67,contract,60,2025-09-30
2024-10-01,Site Medan,Sehat Medika,HBA1C-SEH,HbA1c reagent (Sehat),HbA1c reagent,kit of 50 tests,50,269,2529898.21,0.15,2150413.48,contract,45,2025-09-30
2024-10-01,Site Medan,Sehat Medika,TNI-SEH,Troponin I reagent (Sehat),Troponin I reagent,kit of 200 tests,200,43,23637670.67,0.15,20092020.07,contract,45,2025-09-30
2024-10-01,Site Surabaya,Medisindo,GLV-M-MED,Nitrile exam gloves M (Medisindo),Nitrile gloves M,box of 200,200,2160,171106.13,0.1,153995.52,contract,45,2025-09-30
2024-10-01,Site Tangerang,Surgika Utama,DES-SUR,Drug-eluting coronary stent (Surgika),Drug-eluting stent,each,1,185,14053738.95,0.1,12648365.05,contract,30,2025-09-30
2024-10-15,Site Jakarta South,Prima Alkes,CEF1G-NUS,Ceftriaxone 1 g injection (Nusantara),Ceftriaxone 1 g inj,vial,1,4154,18919.95,0.15,16081.96,po,60,
2024-10-15,Site Jakarta South,Surgika Utama,DES-SUR,Drug-eluting coronary stent (Surgika),Drug-eluting stent,each,1,19,15228125.26,0.2,12182500.21,po,45,
2024-10-15,Site Jakarta South,Medisindo,GLV-M-MED,Nitrile exam gloves M (Medisindo),Nitrile gloves M,box of 200,200,173,180729.45,0.12,159041.92,po,45,
2024-10-15,Site Jakarta South,Global Diagnostika,HBA1C-GLO,HbA1c reagent (Global),HbA1c reagent,kit of 100 tests,100,19,4818214.38,0.08,4432757.23,po,60,
2024-10-15,Site Jakarta South,Medisindo,IVC22-MED,IV cannula 22G (Medisindo),IV cannula 22G,each,1,2804,12584.69,0.12,11074.53,po,45,
2024-10-15,Site Jakarta South,Prima Alkes,PCT1G-PRI,Paracetamol 1 g infusion (Prima),Paracetamol 1 g infusion,box of 12 bottles,12,303,388983.73,0.15,330636.17,po,60,
2024-10-15,Site Jakarta South,Surgika Utama,SUT20-SUR,Absorbable suture 2-0 (Surgika),Absorbable suture 2-0,box of 12,12,69,984945.77,0.2,787956.62,po,45,
2024-10-15,Site Jakarta South,Global Diagnostika,SYR3-GLO,Syringe 3 mL luer lock (Global),Syringe 3 mL,each,1,12025,1788.05,0.08,1645.01,po,60,
2024-10-15,Site Jakarta South,Global Diagnostika,TNI-GLO,Troponin I reagent (Global),Troponin I reagent,kit of 100 tests,100,10,9881677.94,0.08,9091143.7,po,60,
2024-10-15,Site Jakarta West,Sehat Medika,CEF1G-SEH,Ceftriaxone 1 g injection (Sehat),Ceftriaxone 1 g inj,box of 100 vials,100,60,1920471.73,0.15,1632400.97,po,30,
2024-10-15,Site Jakarta West,Surgika Utama,DES-SUR,Drug-eluting coronary stent (Surgika),Drug-eluting stent,each,1,25,13260007.22,0.1,11934006.5,po,45,
2024-10-15,Site Jakarta West,Nusantara Farma,GLV-M-NUS,Nitrile exam gloves M (Nusantara),Nitrile gloves M,box of 100,100,458,89043.74,0.1,80139.37,po,60,
2024-10-15,Site Jakarta West,Prima Alkes,HBA1C-PRI,HbA1c reagent (Prima),HbA1c reagent,kit of 100 tests,100,20,5725200.1,0.2,4580160.08,po,60,
2024-10-15,Site Jakarta West,Sehat Medika,IVC22-SEH,IV cannula 22G (Sehat),IV cannula 22G,box of 100,100,39,1115542.71,0.15,948211.3,po,30,
2024-10-15,Site Jakarta West,Prima Alkes,PCT1G-PRI,Paracetamol 1 g infusion (Prima),Paracetamol 1 g infusion,box of 12 bottles,12,347,401314.46,0.2,321051.57,po,60,
2024-10-15,Site Jakarta West,Surgika Utama,SUT20-SUR,Absorbable suture 2-0 (Surgika),Absorbable suture 2-0,box of 12,12,86,854084.61,0.1,768676.15,po,45,
2024-10-15,Site Jakarta West,Global Diagnostika,SYR3-GLO,Syringe 3 mL luer lock (Global),Syringe 3 mL,each,1,14134,1783.03,0.1,1604.73,po,30,
2024-10-15,Site Jakarta West,Sehat Medika,TNI-SEH,Troponin I reagent (Sehat),Troponin I reagent,kit of 200 tests,200,7,22392516.72,0.15,19033639.21,po,30,
2024-10-15,Site Makassar,Medisindo,CEF1G-MED,Ceftriaxone 1 g injection (Medisindo),Ceftriaxone 1 g inj,box of 10 vials,10,227,172410.58,0.1,155169.52,po,45,
2024-10-15,Site Makassar,Surgika Utama,DES-SUR,Drug-eluting coronary stent (Surgika),Drug-eluting stent,each,1,9,16878585.26,0.2,13502868.21,po,60,
2024-10-15,Site Makassar,Nusantara Farma,GLV-M-NUS,Nitrile exam gloves M (Nusantara),Nitrile gloves M,box of 100,100,183,108708.28,0.15,92402.04,po,30,
2024-10-15,Site Makassar,Prima Alkes,HBA1C-PRI,HbA1c reagent (Prima),HbA1c reagent,kit of 100 tests,100,9,6430618.6,0.2,5144494.88,po,30,
2024-10-15,Site Makassar,Prima Alkes,IVC22-PRI,IV cannula 22G (Prima),IV cannula 22G,box of 50,50,25,723409.2,0.2,578727.36,po,30,
2024-10-15,Site Makassar,Prima Alkes,PCT1G-PRI,Paracetamol 1 g infusion (Prima),Paracetamol 1 g infusion,box of 12 bottles,12,125,448891.04,0.2,359112.83,po,30,
2024-10-15,Site Makassar,Surgika Utama,SUT20-SUR,Absorbable suture 2-0 (Surgika),Absorbable suture 2-0,box of 12,12,36,1082494.23,0.2,865995.38,po,60,
2024-10-15,Site Makassar,Prima Alkes,SYR3-PRI,Syringe 3 mL luer lock (Prima),Syringe 3 mL,box of 50,50,114,100990.26,0.2,80792.21,po,30,
2024-10-15,Site Makassar,Sehat Medika,TNI-SEH,Troponin I reagent (Sehat),Troponin I reagent,kit of 200 tests,200,3,24255271.32,0.12,21344638.76,po,30,
2024-10-15,Site Medan,Nusantara Farma,CEF1G-NUS,Ceftriaxone 1 g injection (Nusantara),Ceftriaxone 1 g inj,vial,1,2871,16916.11,0.05,16070.3,po,45,
2024-10-15,Site Medan,Surgika Utama,DES-SUR,Drug-eluting coronary stent (Surgika),Drug-eluting stent,each,1,12,14383413.06,0.12,12657403.49,po,60,
2024-10-15,Site Medan,Nusantara Farma,GLV-M-NUS,Nitrile exam gloves M (Nusantara),Nitrile gloves M,box of 100,100,238,91105.52,0.05,86550.24,po,45,
2024-10-15,Site Medan,Sehat Medika,HBA1C-SEH,HbA1c reagent (Sehat),HbA1c reagent,kit of 50 tests,50,23,2519989.31,0.15,2141990.91,po,45,
2024-10-15,Site Medan,Prima Alkes,IVC22-PRI,IV cannula 22G (Prima),IV cannula 22G,box of 50,50,34,566250.89,0.05,537938.35,po,30,
2024-10-15,Site Medan,Prima Alkes,PCT1G-PRI,Paracetamol 1 g infusion (Prima),Paracetamol 1 g infusion,box of 12 bottles,12,167,356941.09,0.05,339094.04,po,30,
2024-10-15,Site Medan,Surgika Utama,SUT20-SUR,Absorbable suture 2-0 (Surgika),Absorbable suture 2-0,box of 12,12,47,941149.05,0.12,828211.16,po,60,
2024-10-15,Site Medan,Medisindo,SYR3-MED,Syringe 3 mL luer lock (Medisindo),Syringe 3 mL,box of 100,100,71,190540.0,0.15,161959.0,po,45,
2024-10-15,Site Medan,Sehat Medika,TNI-SEH,Troponin I reagent (Sehat),Troponin I reagent,kit of 200 tests,200,4,23823967.62,0.15,20250372.48,po,45,
2024-10-15,Site Surabaya,Sehat Medika,CEF1G-SEH,Ceftriaxone 1 g injection (Sehat),Ceftriaxone 1 g inj,box of 100 vials,100,46,1831794.23,0.1,1648614.81,po,60,
2024-10-15,Site Surabaya,Surgika Utama,DES-SUR,Drug-eluting coronary stent (Surgika),Drug-eluting stent,each,1,19,13239438.37,0.08,12180283.3,po,45,
2024-10-15,Site Surabaya,Medisindo,GLV-M-MED,Nitrile exam gloves M (Medisindo),Nitrile gloves M,box of 200,200,187,174778.0,0.1,157300.2,po,45,
2024-10-15,Site Surabaya,Sehat Medika,HBA1C-SEH,HbA1c reagent (Sehat),HbA1c reagent,kit of 50 tests,50,35,2304634.78,0.1,2074171.3,po,60,
2024-10-15,Site Surabaya,Medisindo,IVC22-MED,IV cannula 22G (Medisindo),IV cannula 22G,each,1,2593,12085.52,0.1,10876.97,po,45,
2024-10-15,Site Surabaya,Nusantara Farma,PCT1G-NUS,Paracetamol 1 g infusion (Nusantara),Paracetamol 1 g infusion,bottle,1,3397,31068.1,0.05,29514.69,po,45,
2024-10-15,Site Surabaya,Medisindo,SUT20-MED,Absorbable suture 2-0 (Medisindo),Absorbable suture 2-0,box of 36,36,24,2486531.2,0.1,2237878.08,po,45,
2024-10-15,Site Surabaya,Medisindo,SYR3-MED,Syringe 3 mL luer lock (Medisindo),Syringe 3 mL,box of 100,100,115,169046.72,0.1,152142.05,po,45,
2024-10-15,Site Surabaya,Global Diagnostika,TNI-GLO,Troponin I reagent (Global),Troponin I reagent,kit of 100 tests,100,10,10830495.62,0.15,9205921.28,po,45,
2024-10-15,Site Tangerang,Medisindo,CEF1G-MED,Ceftriaxone 1 g injection (Medisindo),Ceftriaxone 1 g inj,box of 10 vials,10,424,163434.85,0.12,143822.67,po,30,
2024-10-15,Site Tangerang,Surgika Utama,DES-SUR,Drug-eluting coronary stent (Surgika),Drug-eluting stent,each,1,16,13903178.66,0.1,12512860.79,po,30,
2024-10-15,Site Tangerang,Nusantara Farma,GLV-M-NUS,Nitrile exam gloves M (Nusantara),Nitrile gloves M,box of 100,100,308,93378.44,0.1,84040.6,po,60,
2024-10-15,Site Tangerang,Prima Alkes,HBA1C-PRI,HbA1c reagent (Prima),HbA1c reagent,kit of 100 tests,100,14,5219434.28,0.08,4801879.54,po,60,
2024-10-15,Site Tangerang,Prima Alkes,IVC22-PRI,IV cannula 22G (Prima),IV cannula 22G,box of 50,50,47,576452.74,0.08,530336.52,po,60,
2024-10-15,Site Tangerang,Nusantara Farma,PCT1G-NUS,Paracetamol 1 g infusion (Nusantara),Paracetamol 1 g infusion,bottle,1,2993,33640.28,0.1,30276.25,po,60,
2024-10-15,Site Tangerang,Medisindo,SUT20-MED,Absorbable suture 2-0 (Medisindo),Absorbable suture 2-0,box of 36,36,22,2595876.81,0.12,2284371.59,po,30,
2024-10-15,Site Tangerang,Global Diagnostika,SYR3-GLO,Syringe 3 mL luer lock (Global),Syringe 3 mL,each,1,10058,2103.77,0.2,1683.02,po,30,
2024-10-15,Site Tangerang,Sehat Medika,TNI-SEH,Troponin I reagent (Sehat),Troponin I reagent,kit of 200 tests,200,5,21386625.58,0.08,19675695.53,po,60,
2024-11-01,Site Makassar,Surgika Utama,DES-SUR,Drug-eluting coronary stent (Surgika),Drug-eluting stent,each,1,101,17057312.69,0.2,13645850.15,contract,60,2025-10-31
2024-11-01,Site Makassar,Surgika Utama,SUT20-SUR,Absorbable suture 2-0 (Surgika),Absorbable suture 2-0,box of 12,12,420,1086155.81,0.2,868924.65,contract,60,2025-10-31
2024-11-01,Site Medan,Prima Alkes,IVC22-PRI,IV cannula 22G (Prima),IV cannula 22G,box of 50,50,422,571817.25,0.05,543226.39,contract,30,2025-10-31
2024-11-01,Site Medan,Surgika Utama,SUT20-SUR,Absorbable suture 2-0 (Surgika),Absorbable suture 2-0,box of 12,12,560,951848.53,0.12,837626.71,contract,60,2025-10-31
2024-11-01,Site Surabaya,Medisindo,SYR3-MED,Syringe 3 mL luer lock (Medisindo),Syringe 3 mL,box of 100,100,1296,169155.62,0.1,152240.06,contract,45,2025-10-31
2024-11-15,Site Jakarta South,Prima Alkes,CEF1G-NUS,Ceftriaxone 1 g injection (Nusantara),Ceftriaxone 1 g inj,vial,1,4140,18783.14,0.15,15965.67,po,60,
2024-11-15,Site Jakarta South,Surgika Utama,DES-SUR,Drug-eluting coronary stent (Surgika),Drug-eluting stent,each,1,20,15340133.45,0.2,12272106.76,po,45,
2024-11-15,Site Jakarta South,Medisindo,GLV-M-MED,Nitrile exam gloves M (Medisindo),Nitrile gloves M,box of 200,200,210,177196.31,0.12,155932.75,po,45,
2024-11-15,Site Jakarta South,Global Diagnostika,HBA1C-GLO,HbA1c reagent (Global),HbA1c reagent,kit of 100 tests,100,19,4748995.57,0.08,4369075.92,po,60,
2024-11-15,Site Jakarta South,Medisindo,IVC22-MED,IV cannula 22G (Medisindo),IV cannula 22G,each,1,3061,12609.92,0.12,11096.73,po,45,
2024-11-15,Site Jakarta South,Prima Alkes,PCT1G-PRI,Paracetamol 1 g infusion (Prima),Paracetamol 1 g infusion,box of 12 bottles,12,249,388508.46,0.15,330232.19,po,60,
2024-11-15,Site Jakarta South,Surgika Utama,SUT20-SUR,Absorbable suture 2-0 (Surgika),Absorbable suture 2-0,box of 12,12,73,985964.54,0.2,788771.63,po,45,
2024-11-15,Site Jakarta South,Global Diagnostika,SYR3-GLO,Syringe 3 mL luer lock (Global),Syringe 3 mL,each,1,11462,1789.0,0.08,1645.88,po,60,
2024-11-15,Site Jakarta South,Global Diagnostika,TNI-GLO,Troponin I reagent (Global),Troponin I reagent,kit of 100 tests,100,13,10119196.57,0.08,9309660.84,po,60,
2024-11-15,Site Jakarta West,Sehat Medika,CEF1G-SEH,Ceftriaxone 1 g injection (Sehat),Ceftriaxone 1 g inj,box of 100 vials,100,54,1912999.37,0.15,1626049.46,po,30,
2024-11-15,Site Jakarta West,Surgika Utama,DES-SUR,Drug-eluting coronary stent (Surgika),Drug-eluting stent,each,1,25,13281887.87,0.1,11953699.08,po,45,
2024-11-15,Site Jakarta West,Nusantara Farma,GLV-M-NUS,Nitrile exam gloves M (Nusantara),Nitrile gloves M,box of 100,100,525,90264.06,0.1,81237.65,po,60,
2024-11-15,Site Jakarta West,Prima Alkes,HBA1C-PRI,HbA1c reagent (Prima),HbA1c reagent,kit of 100 tests,100,21,5727106.58,0.2,4581685.26,po,60,
2024-11-15,Site Jakarta West,Sehat Medika,IVC22-SEH,IV cannula 22G (Sehat),IV cannula 22G,box of 100,100,38,1122000.07,0.15,953700.06,po,30,
2024-11-15,Site Jakarta West,Prima Alkes,PCT1G-PRI,Paracetamol 1 g infusion (Prima),Paracetamol 1 g infusion,box of 12 bottles,12,342,402355.53,0.2,321884.42,po,60,
2024-11-15,Site Jakarta West,Surgika Utama,SUT20-SUR,Absorbable suture 2-0 (Surgika),Absorbable suture 2-0,box of 12,12,94,864005.31,0.1,777604.78,po,45,
2024-11-15,Site Jakarta West,Global Diagnostika,SYR3-GLO,Syringe 3 mL luer lock (Global),Syringe 3 mL,each,1,13454,1799.41,0.1,1619.47,po,30,
2024-11-15,Site Jakarta West,Sehat Medika,TNI-SEH,Troponin I reagent (Sehat),Troponin I reagent,kit of 200 tests,200,7,22533050.67,0.15,19153093.07,po,30,
2024-11-15,Site Makassar,Medisindo,CEF1G-MED,Ceftriaxone 1 g injection (Medisindo),Ceftriaxone 1 g inj,box of 10 vials,10,204,173119.4,0.1,155807.46,po,45,
2024-11-15,Site Makassar,Surgika Utama,DES-SUR,Drug-eluting coronary stent (Surgika),Drug-eluting stent,each,1,8,16729771.86,0.2,13383817.49,po,60,
2024-11-15,Site Makassar,Nusantara Farma,GLV-M-NUS,Nitrile exam gloves M (Nusantara),Nitrile gloves M,box of 100,100,183,107069.93,0.15,91009.44,po,30,
2024-11-15,Site Makassar,Prima Alkes,HBA1C-PRI,HbA1c reagent (Prima),HbA1c reagent,kit of 100 tests,100,9,6467907.25,0.2,5174325.8,po,30,
2024-11-15,Site Makassar,Prima Alkes,IVC22-PRI,IV cannula 22G (Prima),IV cannula 22G,box of 50,50,30,714422.13,0.2,571537.7,po,30,
2024-11-15,Site Makassar,Prima Alkes,PCT1G-PRI,Paracetamol 1 g infusion (Prima),Paracetamol 1 g infusion,box of 12 bottles,12,135,447624.34,0.2,358099.47,po,30,
2024-11-15,Site Makassar,Surgika Utama,SUT20-SUR,Absorbable suture 2-0 (Surgika),Absorbable suture 2-0,box of 12,12,37,1091862.19,0.2,873489.75,po,60,
2024-11-15,Site Makassar,Prima Alkes,SYR3-PRI,Syringe 3 mL luer lock (Prima),Syringe 3 mL,box of 50,50,103,101292.17,0.2,81033.74,po,30,
2024-11-15,Site Makassar,Sehat Medika,TNI-SEH,Troponin I reagent (Sehat),Troponin I reagent,kit of 200 tests,200,3,24458980.73,0.12,21523903.04,po,30,
2024-11-15,Site Medan,Nusantara Farma,CEF1G-NUS,Ceftriaxone 1 g injection (Nusantara),Ceftriaxone 1 g inj,vial,1,2727,16869.84,0.05,16026.35,po,45,
2024-11-15,Site Medan,Surgika Utama,DES-SUR,Drug-eluting coronary stent (Surgika),Drug-eluting stent,each,1,12,14434487.2,0.12,12702348.74,po,60,
2024-11-15,Site Medan,Nusantara Farma,GLV-M-NUS,Nitrile exam gloves M (Nusantara),Nitrile gloves M,box of 100,100,246,92385.6,0.05,87766.32,po,45,
2024-11-15,Site Medan,Sehat Medika,HBA1C-SEH,HbA1c reagent (Sehat),HbA1c reagent,kit of 50 tests,50,22,2515313.0,0.15,2138016.05,po,45,
2024-11-15,Site Medan,Prima Alkes,IVC22-PRI,IV cannula 22G (Prima),IV cannula 22G,box of 50,50,35,579747.73,0.05,550760.34,po,30,
2024-11-15,Site Medan,Prima Alkes,PCT1G-PRI,Paracetamol 1 g infusion (Prima),Paracetamol 1 g infusion,box of 12 bottles,12,170,355886.42,0.05,338092.1,po,30,
2024-11-15,Site Medan,Surgika Utama,SUT20-SUR,Absorbable suture 2-0 (Surgika),Absorbable suture 2-0,box of 12,12,45,933783.31,0.12,821729.31,po,60,
2024-11-15,Site Medan,Medisindo,SYR3-MED,Syringe 3 mL luer lock (Medisindo),Syringe 3 mL,box of 100,100,80,189719.7,0.15,161261.74,po,45,
2024-11-15,Site Medan,Sehat Medika,TNI-SEH,Troponin I reagent (Sehat),Troponin I reagent,kit of 200 tests,200,3,23865817.9,0.15,20285945.21,po,45,
2024-11-15,Site Surabaya,Sehat Medika,CEF1G-SEH,Ceftriaxone 1 g injection (Sehat),Ceftriaxone 1 g inj,box of 100 vials,100,44,1824948.17,0.1,1642453.35,po,60,
2024-11-15,Site Surabaya,Surgika Utama,DES-SUR,Drug-eluting coronary stent (Surgika),Drug-eluting stent,each,1,16,13383317.78,0.08,12312652.36,po,45,
2024-11-15,Site Surabaya,Medisindo,GLV-M-MED,Nitrile exam gloves M (Medisindo),Nitrile gloves M,box of 200,200,195,173277.64,0.1,155949.88,po,45,
2024-11-15,Site Surabaya,Sehat Medika,HBA1C-SEH,HbA1c reagent (Sehat),HbA1c reagent,kit of 50 tests,50,34,2280526.51,0.1,2052473.86,po,60,
2024-11-15,Site Surabaya,Medisindo,IVC22-MED,IV cannula 22G (Medisindo),IV cannula 22G,each,1,2517,12055.83,0.1,10850.25,po,45,
2024-11-15,Site Surabaya,Nusantara Farma,PCT1G-NUS,Paracetamol 1 g infusion (Nusantara),Paracetamol 1 g infusion,bottle,1,2790,30962.62,0.05,29414.49,po,45,
2024-11-15,Site Surabaya,Medisindo,SUT20-MED,Absorbable suture 2-0 (Medisindo),Absorbable suture 2-0,box of 36,36,24,2511237.12,0.1,2260113.41,po,45,
2024-11-15,Site Surabaya,Medisindo,SYR3-MED,Syringe 3 mL luer lock (Medisindo),Syringe 3 mL,box of 100,100,113,169622.91,0.1,152660.62,po,45,
2024-11-15,Site Surabaya,Global Diagnostika,TNI-GLO,Troponin I reagent (Global),Troponin I reagent,kit of 100 tests,100,12,10816009.54,0.15,9193608.11,po,45,
2024-11-15,Site Tangerang,Medisindo,CEF1G-MED,Ceftriaxone 1 g injection (Medisindo),Ceftriaxone 1 g inj,box of 10 vials,10,342,164148.36,0.12,144450.56,po,30,
2024-11-15,Site Tangerang,Surgika Utama,DES-SUR,Drug-eluting coronary stent (Surgika),Drug-eluting stent,each,1,16,14121011.13,0.1,12708910.02,po,30,
2024-11-15,Site Tangerang,Nusantara Farma,GLV-M-NUS,Nitrile exam gloves M (Nusantara),Nitrile gloves M,box of 100,100,365,94907.28,0.1,85416.55,po,60,
2024-11-15,Site Tangerang,Prima Alkes,HBA1C-PRI,HbA1c reagent (Prima),HbA1c reagent,kit of 100 tests,100,14,5233741.83,0.08,4815042.48,po,60,
2024-11-15,Site Tangerang,Prima Alkes,IVC22-PRI,IV cannula 22G (Prima),IV cannula 22G,box of 50,50,46,575308.38,0.08,529283.71,po,60,
2024-11-15,Site Tangerang,Nusantara Farma,PCT1G-NUS,Paracetamol 1 g infusion (Nusantara),Paracetamol 1 g infusion,bottle,1,2775,34229.75,0.1,30806.78,po,60,
2024-11-15,Site Tangerang,Medisindo,SUT20-MED,Absorbable suture 2-0 (Medisindo),Absorbable suture 2-0,box of 36,36,24,2603327.66,0.12,2290928.34,po,30,
2024-11-15,Site Tangerang,Global Diagnostika,SYR3-GLO,Syringe 3 mL luer lock (Global),Syringe 3 mL,each,1,10638,2111.21,0.2,1688.97,po,30,
2024-11-15,Site Tangerang,Sehat Medika,TNI-SEH,Troponin I reagent (Sehat),Troponin I reagent,kit of 200 tests,200,5,21545388.21,0.08,19821757.15,po,60,
2024-12-01,Site Jakarta South,Surgika Utama,DES-SUR,Drug-eluting coronary stent (Surgika),Drug-eluting stent,each,1,218,15558179.52,0.2,12446543.62,contract,45,2025-11-30
2024-12-01,Site Jakarta South,Medisindo,IVC22-MED,IV cannula 22G (Medisindo),IV cannula 22G,each,1,34320,12701.66,0.12,11177.46,contract,45,2025-11-30
2024-12-01,Site Jakarta South,Global Diagnostika,SYR3-GLO,Syringe 3 mL luer lock (Global),Syringe 3 mL,each,1,140400,1798.82,0.08,1654.91,contract,60,2025-11-30
2024-12-01,Site Jakarta West,Global Diagnostika,SYR3-GLO,Syringe 3 mL luer lock (Global),Syringe 3 mL,each,1,172800,1777.85,0.1,1600.07,contract,30,2025-11-30
2024-12-01,Site Surabaya,Surgika Utama,DES-SUR,Drug-eluting coronary stent (Surgika),Drug-eluting stent,each,1,202,13153966.11,0.08,12101648.82,contract,45,2025-11-30
2024-12-01,Site Tangerang,Prima Alkes,HBA1C-PRI,HbA1c reagent (Prima),HbA1c reagent,kit of 100 tests,100,185,5248112.59,0.08,4828263.58,contract,60,2025-11-30
2024-12-15,Site Jakarta South,Prima Alkes,CEF1G-NUS,Ceftriaxone 1 g injection (Nusantara),Ceftriaxone 1 g inj,vial,1,5033,18769.39,0.15,15953.98,po,60,
2024-12-15,Site Jakarta South,Surgika Utama,DES-SUR,Drug-eluting coronary stent (Surgika),Drug-eluting stent,each,1,17,15450763.41,0.2,12360610.73,po,45,
2024-12-15,Site Jakarta South,Medisindo,GLV-M-MED,Nitrile exam gloves M (Medisindo),Nitrile gloves M,box of 200,200,196,179468.96,0.12,157932.68,po,45,
2024-12-15,Site Jakarta South,Global Diagnostika,HBA1C-GLO,HbA1c reagent (Global),HbA1c reagent,kit of 100 tests,100,19,4765209.89,0.08,4383993.1,po,60,
2024-12-15,Site Jakarta South,Medisindo,IVC22-MED,IV cannula 22G (Medisindo),IV cannula 22G,each,1,3122,12649.78,0.12,11131.81,po,45,
2024-12-15,Site Jakarta South,Prima Alkes,PCT1G-PRI,Paracetamol 1 g infusion (Prima),Paracetamol 1 g infusion,box of 12 bottles,12,310,392792.2,0.15,333873.37,po,60,
2024-12-15,Site Jakarta South,Surgika Utama,SUT20-SUR,Absorbable suture 2-0 (Surgika),Absorbable suture 2-0,box of 12,12,73,1005207.63,0.2,804166.1,po,45,
2024-12-15,Site Jakarta South,Global Diagnostika,SYR3-GLO,Syringe 3 mL luer lock (Global),Syringe 3 mL,each,1,12676,1813.04,0.08,1668.0,po,60,
2024-12-15,Site Jakarta South,Global Diagnostika,TNI-GLO,Troponin I reagent (Global),Troponin I reagent,kit of 100 tests,100,12,9995433.14,0.08,9195798.49,po,60,
2024-12-15,Site Jakarta West,Sehat Medika,CEF1G-SEH,Ceftriaxone 1 g injection (Sehat),Ceftriaxone 1 g inj,box of 100 vials,100,52,1917582.01,0.15,1629944.71,po,30,
2024-12-15,Site Jakarta West,Surgika Utama,DES-SUR,Drug-eluting coronary stent (Surgika),Drug-eluting stent,each,1,24,13248402.0,0.1,11923561.8,po,45,
2024-12-15,Site Jakarta West,Nusantara Farma,GLV-M-NUS,Nitrile exam gloves M (Nusantara),Nitrile gloves M,box of 100,100,513,90780.3,0.1,81702.27,po,60,
2024-12-15,Site Jakarta West,Prima Alkes,HBA1C-PRI,HbA1c reagent (Prima),HbA1c reagent,kit of 100 tests,100,22,5789955.31,0.2,4631964.25,po,60,
2024-12-15,Site Jakarta West,Sehat Medika,IVC22-SEH,IV cannula 22G (Sehat),IV cannula 22G,box of 100,100,37,1123625.74,0.15,955081.88,po,30,
2024-12-15,Site Jakarta West,Prima Alkes,PCT1G-PRI,Paracetamol 1 g infusion (Prima),Paracetamol 1 g infusion,box of 12 bottles,12,334,401147.48,0.2,320917.98,po,60,
2024-12-15,Site Jakarta West,Surgika Utama,SUT20-SUR,Absorbable suture 2-0 (Surgika),Absorbable suture 2-0,box of 12,12,103,866707.74,0.1,780036.97,po,45,
2024-12-15,Site Jakarta West,Global Diagnostika,SYR3-GLO,Syringe 3 mL luer lock (Global),Syringe 3 mL,each,1,14966,1785.3,0.1,1606.77,po,30,
2024-12-15,Site Jakarta West,Sehat Medika,TNI-SEH,Troponin I reagent (Sehat),Troponin I reagent,kit of 200 tests,200,7,22519407.76,0.15,19141496.6,po,30,
2024-12-15,Site Makassar,Medisindo,CEF1G-MED,Ceftriaxone 1 g injection (Medisindo),Ceftriaxone 1 g inj,box of 10 vials,10,211,176314.05,0.1,158682.64,po,45,
2024-12-15,Site Makassar,Surgika Utama,DES-SUR,Drug-eluting coronary stent (Surgika),Drug-eluting stent,each,1,9,16914411.42,0.2,13531529.14,po,60,
2024-12-15,Site Makassar,Nusantara Farma,GLV-M-NUS,Nitrile exam gloves M (Nusantara),Nitrile gloves M,box of 100,100,164,108344.77,0.15,92093.05,po,30,
2024-12-15,Site Makassar,Prima Alkes,HBA1C-PRI,HbA1c reagent (Prima),HbA1c reagent,kit of 100 tests,100,8,6512756.94,0.2,5210205.55,po,30,
2024-12-15,Site Makassar,Prima Alkes,IVC22-PRI,IV cannula 22G (Prima),IV cannula 22G,box of 50,50,26,714951.17,0.2,571960.94,po,30,
2024-12-15,Site Makassar,Prima Alkes,PCT1G-PRI,Paracetamol 1 g infusion (Prima),Paracetamol 1 g infusion,box of 12 bottles,12,145,456455.11,0.2,365164.09,po,30,
2024-12-15,Site Makassar,Surgika Utama,SUT20-SUR,Absorbable suture 2-0 (Surgika),Absorbable suture 2-0,box of 12,12,31,1097245.29,0.2,877796.23,po,60,
2024-12-15,Site Makassar,Prima Alkes,SYR3-PRI,Syringe 3 mL luer lock (Prima),Syringe 3 mL,box of 50,50,106,101797.78,0.2,81438.22,po,30,
2024-12-15,Site Makassar,Sehat Medika,TNI-SEH,Troponin I reagent (Sehat),Troponin I reagent,kit of 200 tests,200,2,24384682.04,0.12,21458520.2,po,30,
2024-12-15,Site Medan,Nusantara Farma,CEF1G-NUS,Ceftriaxone 1 g injection (Nusantara),Ceftriaxone 1 g inj,vial,1,2726,17216.07,0.05,16355.27,po,45,
2024-12-15,Site Medan,Surgika Utama,DES-SUR,Drug-eluting coronary stent (Surgika),Drug-eluting stent,each,1,12,14638201.83,0.12,12881617.61,po,60,
2024-12-15,Site Medan,Nusantara Farma,GLV-M-NUS,Nitrile exam gloves M (Nusantara),Nitrile gloves M,box of 100,100,241,92402.43,0.05,87782.31,po,45,
2024-12-15,Site Medan,Sehat Medika,HBA1C-SEH,HbA1c reagent (Sehat),HbA1c reagent,kit of 50 tests,50,21,2539219.22,0.15,2158336.34,po,45,
2024-12-15,Site Medan,Prima Alkes,IVC22-PRI,IV cannula 22G (Prima),IV cannula 22G,box of 50,50,32,577474.33,0.05,548600.61,po,30,
2024-12-15,Site Medan,Prima Alkes,PCT1G-PRI,Paracetamol 1 g infusion (Prima),Paracetamol 1 g infusion,box of 12 bottles,12,154,357412.62,0.05,339541.99,po,30,
2024-12-15,Site Medan,Surgika Utama,SUT20-SUR,Absorbable suture 2-0 (Surgika),Absorbable suture 2-0,box of 12,12,44,941679.77,0.12,828678.2,po,60,
2024-12-15,Site Medan,Medisindo,SYR3-MED,Syringe 3 mL luer lock (Medisindo),Syringe 3 mL,box of 100,100,80,191354.15,0.15,162651.03,po,45,
2024-12-15,Site Medan,Sehat Medika,TNI-SEH,Troponin I reagent (Sehat),Troponin I reagent,kit of 200 tests,200,3,23974203.81,0.15,20378073.24,po,45,
2024-12-15,Site Surabaya,Sehat Medika,CEF1G-SEH,Ceftriaxone 1 g injection (Sehat),Ceftriaxone 1 g inj,box of 100 vials,100,38,1828779.74,0.1,1645901.77,po,60,
2024-12-15,Site Surabaya,Surgika Utama,DES-SUR,Drug-eluting coronary stent (Surgika),Drug-eluting stent,each,1,17,13299119.7,0.08,12235190.12,po,45,
2024-12-15,Site Surabaya,Medisindo,GLV-M-MED,Nitrile exam gloves M (Medisindo),Nitrile gloves M,box of 200,200,160,171919.21,0.1,154727.29,po,45,
2024-12-15,Site Surabaya,Sehat Medika,HBA1C-SEH,HbA1c reagent (Sehat),HbA1c reagent,kit of 50 tests,50,33,2296621.78,0.1,2066959.6,po,60,
2024-12-15,Site Surabaya,Medisindo,IVC22-MED,IV cannula 22G (Medisindo),IV cannula 22G,each,1,2562,12302.14,0.1,11071.93,po,45,
2024-12-15,Site Surabaya,Nusantara Farma,PCT1G-NUS,Paracetamol 1 g infusion (Nusantara),Paracetamol 1 g infusion,bottle,1,3223,31663.78,0.05,30080.59,po,45,
2024-12-15,Site Surabaya,Medisindo,SUT20-MED,Absorbable suture 2-0 (Medisindo),Absorbable suture 2-0,box of 36,36,24,2468613.83,0.1,2221752.45,po,45,
2024-12-15,Site Surabaya,Medisindo,SYR3-MED,Syringe 3 mL luer lock (Medisindo),Syringe 3 mL,box of 100,100,112,169733.93,0.1,152760.54,po,45,
2024-12-15,Site Surabaya,Global Diagnostika,TNI-GLO,Troponin I reagent (Global),Troponin I reagent,kit of 100 tests,100,12,10782725.73,0.15,9165316.87,po,45,
2024-12-15,Site Tangerang,Medisindo,CEF1G-MED,Ceftriaxone 1 g injection (Medisindo),Ceftriaxone 1 g inj,box of 10 vials,10,352,166411.84,0.12,146442.42,po,30,
2024-12-15,Site Tangerang,Surgika Utama,DES-SUR,Drug-eluting coronary stent (Surgika),Drug-eluting stent,each,1,14,14015989.55,0.1,12614390.6,po,30,
2024-12-15,Site Tangerang,Nusantara Farma,GLV-M-NUS,Nitrile exam gloves M (Nusantara),Nitrile gloves M,box of 100,100,357,94225.27,0.1,84802.74,po,60,
2024-12-15,Site Tangerang,Prima Alkes,HBA1C-PRI,HbA1c reagent (Prima),HbA1c reagent,kit of 100 tests,100,15,5301767.7,0.08,4877626.28,po,60,
2024-12-15,Site Tangerang,Prima Alkes,IVC22-PRI,IV cannula 22G (Prima),IV cannula 22G,box of 50,50,50,589896.2,0.08,542704.5,po,60,
2024-12-15,Site Tangerang,Nusantara Farma,PCT1G-NUS,Paracetamol 1 g infusion (Nusantara),Paracetamol 1 g infusion,bottle,1,2555,34399.78,0.1,30959.8,po,60,
2024-12-15,Site Tangerang,Medisindo,SUT20-MED,Absorbable suture 2-0 (Medisindo),Absorbable suture 2-0,box of 36,36,20,2601533.11,0.12,2289349.14,po,30,
2024-12-15,Site Tangerang,Global Diagnostika,SYR3-GLO,Syringe 3 mL luer lock (Global),Syringe 3 mL,each,1,8778,2085.97,0.2,1668.78,po,30,
2024-12-15,Site Tangerang,Sehat Medika,TNI-SEH,Troponin I reagent (Sehat),Troponin I reagent,kit of 200 tests,200,5,21898872.51,0.08,20146962.71,po,60,
2025-01-01,Site Surabaya,Nusantara Farma,PCT1G-NUS,Paracetamol 1 g infusion (Nusantara),Paracetamol 1 g infusion,bottle,1,37440,31439.87,0.05,29867.88,contract,45,2025-12-31
2025-01-01,Site Surabaya,Medisindo,SUT20-MED,Absorbable suture 2-0 (Medisindo),Absorbable suture 2-0,box of 36,36,280,2511540.04,0.1,2260386.04,contract,45,2025-12-31
2025-01-15,Site Jakarta South,Prima Alkes,CEF1G-NUS,Ceftriaxone 1 g injection (Nusantara),Ceftriaxone 1 g inj,vial,1,4698,18899.54,0.15,16064.61,po,60,
2025-01-15,Site Jakarta South,Surgika Utama,DES-SUR,Drug-eluting coronary stent (Surgika),Drug-eluting stent,each,1,19,15592897.09,0.2,12474317.67,po,45,
2025-01-15,Site Jakarta South,Medisindo,GLV-M-MED,Nitrile exam gloves M (Medisindo),Nitrile gloves M,box of 200,200,197,178223.06,0.12,156836.29,po,45,
2025-01-15,Site Jakarta South,Global Diagnostika,HBA1C-GLO,HbA1c reagent (Global),HbA1c reagent,kit of 100 tests,100,20,4765761.33,0.08,4384500.42,po,60,
2025-01-15,Site Jakarta South,Medisindo,IVC22-MED,IV cannula 22G (Medisindo),IV cannula 22G,each,1,2919,12478.16,0.12,10980.78,po,45,
2025-01-15,Site Jakarta South,Prima Alkes,PCT1G-PRI,Paracetamol 1 g infusion (Prima),Paracetamol 1 g infusion,box of 12 bottles,12,286,393234.24,0.15,334249.1,po,60,
2025-01-15,Site Jakarta South,Surgika Utama,SUT20-SUR,Absorbable suture 2-0 (Surgika),Absorbable suture 2-0,box of 12,12,74,1008819.93,0.2,807055.94,po,45,
2025-01-15,Site Jakarta South,Global Diagnostika,SYR3-GLO,Syringe 3 mL luer lock (Global),Syringe 3 mL,each,1,12098,1810.14,0.08,1665.33,po,60,
2025-01-15,Site Jakarta South,Global Diagnostika,TNI-GLO,Troponin I reagent (Global),Troponin I reagent,kit of 100 tests,100,13,10182954.39,0.08,9368318.04,po,60,
2025-01-15,Site Jakarta West,Sehat Medika,CEF1G-SEH,Ceftriaxone 1 g injection (Sehat),Ceftriaxone 1 g inj,box of 100 vials,100,62,1917893.97,0.15,1630209.87,po,30,
2025-01-15,Site Jakarta West,Surgika Utama,DES-SUR,Drug-eluting coronary stent (Surgika),Drug-eluting stent,each,1,21,13321793.89,0.1,11989614.5,po,45,
2025-01-15,Site Jakarta West,Nusantara Farma,GLV-M-NUS,Nitrile exam gloves M (Nusantara),Nitrile gloves M,box of 100,100,443,90720.79,0.1,81648.71,po,60,
2025-01-15,Site Jakarta West,Prima Alkes,HBA1C-PRI,HbA1c reagent (Prima),HbA1c reagent,kit of 100 tests,100,23,5782110.54,0.2,4625688.43,po,60,
2025-01-15,Site Jakarta West,Sehat Medika,IVC22-SEH,IV cannula 22G (Sehat),IV cannula 22G,box of 100,100,35,1137131.78,0.15,966562.01,po,30,
2025-01-15,Site Jakarta West,Prima Alkes,PCT1G-PRI,Paracetamol 1 g infusion (Prima),Paracetamol 1 g infusion,box of 12 bottles,12,313,400141.58,0.2,320113.26,po,60,
2025-01-15,Site Jakarta West,Surgika Utama,SUT20-SUR,Absorbable suture 2-0 (Surgika),Absorbable suture 2-0,box of 12,12,99,872410.07,0.1,785169.06,po,45,
2025-01-15,Site Jakarta West,Global Diagnostika,SYR3-GLO,Syringe 3 mL luer lock (Global),Syringe 3 mL,each,1,14540,1788.69,0.1,1609.82,po,30,
2025-01-15,Site Jakarta West,Sehat Medika,TNI-SEH,Troponin I reagent (Sehat),Troponin I reagent,kit of 200 tests,200,8,22451801.43,0.15,19084031.22,po,30,
2025-01-15,Site Makassar,Medisindo,CEF1G-MED,Ceftriaxone 1 g injection (Medisindo),Ceftriaxone 1 g inj,box of 10 vials,10,207,174197.26,0.1,156777.53,po,45,
2025-01-15,Site Makassar,Surgika Utama,DES-SUR,Drug-eluting coronary stent (Surgika),Drug-eluting stent,each,1,8,16994802.48,0.2,13595841.98,po,60,
2025-01-15,Site Makassar,Nusantara Farma,GLV-M-NUS,Nitrile exam gloves M (Nusantara),Nitrile gloves M,box of 100,100,173,109479.64,0.15,93057.69,po,30,
2025-01-15,Site Makassar,Prima Alkes,HBA1C-PRI,HbA1c reagent (Prima),HbA1c reagent,kit of 100 tests,100,8,6454008.3,0.2,5163206.64,po,30,
2025-01-15,Site Makassar,Prima Alkes,IVC22-PRI,IV cannula 22G (Prima),IV cannula 22G,box of 50,50,24,723772.24,0.2,579017.79,po,30,
2025-01-15,Site Makassar,Prima Alkes,PCT1G-PRI,Paracetamol 1 g infusion (Prima),Paracetamol 1 g infusion,box of 12 bottles,12,118,449415.37,0.2,359532.3,po,30,
2025-01-15,Site Makassar,Surgika Utama,SUT20-SUR,Absorbable suture 2-0 (Surgika),Absorbable suture 2-0,box of 12,12,34,1109862.33,0.2,887889.86,po,60,
2025-01-15,Site Makassar,Prima Alkes,SYR3-PRI,Syringe 3 mL luer lock (Prima),Syringe 3 mL,box of 50,50,109,100904.02,0.2,80723.22,po,30,
2025-01-15,Site Makassar,Sehat Medika,TNI-SEH,Troponin I reagent (Sehat),Troponin I reagent,kit of 200 tests,200,2,24338628.22,0.12,21417992.83,po,30,
2025-01-15,Site Medan,Nusantara Farma,CEF1G-NUS,Ceftriaxone 1 g injection (Nusantara),Ceftriaxone 1 g inj,vial,1,2532,17262.32,0.05,16399.2,po,45,
2025-01-15,Site Medan,Surgika Utama,DES-SUR,Drug-eluting coronary stent (Surgika),Drug-eluting stent,each,1,12,14595446.17,0.12,12843992.63,po,60,
2025-01-15,Site Medan,Nusantara Farma,GLV-M-NUS,Nitrile exam gloves M (Nusantara),Nitrile gloves M,box of 100,100,263,92305.54,0.05,87690.26,po,45,
2025-01-15,Site Medan,Sehat Medika,HBA1C-SEH,HbA1c reagent (Sehat),HbA1c reagent,kit of 50 tests,50,21,2546260.24,0.15,2164321.2,po,45,
2025-01-15,Site Medan,Prima Alkes,IVC22-PRI,IV cannula 22G (Prima),IV cannula 22G,box of 50,50,39,581173.0,0.05,552114.35,po,30,
2025-01-15,Site Medan,Prima Alkes,PCT1G-PRI,Paracetamol 1 g infusion (Prima),Paracetamol 1 g infusion,box of 12 bottles,12,172,366548.31,0.05,348220.89,po,30,
2025-01-15,Site Medan,Surgika Utama,SUT20-SUR,Absorbable suture 2-0 (Surgika),Absorbable suture 2-0,box of 12,12,48,948242.37,0.12,834453.29,po,60,
2025-01-15,Site Medan,Medisindo,SYR3-MED,Syringe 3 mL luer lock (Medisindo),Syringe 3 mL,box of 100,100,65,188884.4,0.15,160551.74,po,45,
2025-01-15,Site Medan,Sehat Medika,TNI-SEH,Troponin I reagent (Sehat),Troponin I reagent,kit of 200 tests,200,3,24047936.57,0.15,20440746.08,po,45,
2025-01-15,Site Surabaya,Sehat Medika,CEF1G-SEH,Ceftriaxone 1 g injection (Sehat),Ceftriaxone 1 g inj,box of 100 vials,100,40,1836678.42,0.1,1653010.58,po,60,
2025-01-15,Site Surabaya,Surgika Utama,DES-SUR,Drug-eluting coronary stent (Surgika),Drug-eluting stent,each,1,19,13221121.42,0.08,12163431.71,po,45,
2025-01-15,Site Surabaya,Medisindo,GLV-M-MED,Nitrile exam gloves M (Medisindo),Nitrile gloves M,box of 200,200,172,176346.68,0.1,158712.01,po,45,
2025-01-15,Site Surabaya,Sehat Medika,HBA1C-SEH,HbA1c reagent (Sehat),HbA1c reagent,kit of 50 tests,50,35,2278021.27,0.1,2050219.14,po,60,
2025-01-15,Site Surabaya,Medisindo,IVC22-MED,IV cannula 22G (Medisindo),IV cannula 22G,each,1,2483,12186.88,0.1,10968.19,po,45,
2025-01-15,Site Surabaya,Nusantara Farma,PCT1G-NUS,Paracetamol 1 g infusion (Nusantara),Paracetamol 1 g infusion,bottle,1,2910,31701.95,0.05,30116.85,po,45,
2025-01-15,Site Surabaya,Medisindo,SUT20-MED,Absorbable suture 2-0 (Medisindo),Absorbable suture 2-0,box of 36,36,25,2506096.54,0.1,2255486.89,po,45,
2025-01-15,Site Surabaya,Medisindo,SYR3-MED,Syringe 3 mL luer lock (Medisindo),Syringe 3 mL,box of 100,100,119,171757.32,0.1,154581.59,po,45,
2025-01-15,Site Surabaya,Global Diagnostika,TNI-GLO,Troponin I reagent (Global),Troponin I reagent,kit of 100 tests,100,10,10685812.45,0.15,9082940.58,po,45,
2025-01-15,Site Tangerang,Medisindo,CEF1G-MED,Ceftriaxone 1 g injection (Medisindo),Ceftriaxone 1 g inj,box of 10 vials,10,420,167048.24,0.12,147002.45,po,30,
2025-01-15,Site Tangerang,Surgika Utama,DES-SUR,Drug-eluting coronary stent (Surgika),Drug-eluting stent,each,1,16,14161766.34,0.1,12745589.71,po,30,
2025-01-15,Site Tangerang,Nusantara Farma,GLV-M-NUS,Nitrile exam gloves M (Nusantara),Nitrile gloves M,box of 100,100,324,95728.98,0.1,86156.08,po,60,
2025-01-15,Site Tangerang,Prima Alkes,HBA1C-PRI,HbA1c reagent (Prima),HbA1c reagent,kit of 100 tests,100,15,5300984.35,0.08,4876905.6,po,60,
2025-01-15,Site Tangerang,Prima Alkes,IVC22-PRI,IV cannula 22G (Prima),IV cannula 22G,box of 50,50,47,583432.85,0.08,536758.22,po,60,
2025-01-15,Site Tangerang,Nusantara Farma,PCT1G-NUS,Paracetamol 1 g infusion (Nusantara),Paracetamol 1 g infusion,bottle,1,2527,33946.49,0.1,30551.84,po,60,
2025-01-15,Site Tangerang,Medisindo,SUT20-MED,Absorbable suture 2-0 (Medisindo),Absorbable suture 2-0,box of 36,36,24,2651584.17,0.12,2333394.07,po,30,
2025-01-15,Site Tangerang,Global Diagnostika,SYR3-GLO,Syringe 3 mL luer lock (Global),Syringe 3 mL,each,1,10662,2102.27,0.2,1681.82,po,30,
2025-01-15,Site Tangerang,Sehat Medika,TNI-SEH,Troponin I reagent (Sehat),Troponin I reagent,kit of 200 tests,200,5,21559621.18,0.08,19834851.49,po,60,
2025-02-01,Site Jakarta South,Prima Alkes,PCT1G-PRI,Paracetamol 1 g infusion (Prima),Paracetamol 1 g infusion,box of 12 bottles,12,3380,386691.81,0.15,328688.04,contract,60,2026-01-31
2025-02-01,Site Jakarta South,Surgika Utama,SUT20-SUR,Absorbable suture 2-0 (Surgika),Absorbable suture 2-0,box of 12,12,910,1008470.5,0.2,806776.4,contract,45,2026-01-31
2025-02-01,Site Jakarta South,Global Diagnostika,TNI-GLO,Troponin I reagent (Global),Troponin I reagent,kit of 100 tests,100,140,10165689.83,0.08,9352434.64,contract,60,2026-01-31
2025-02-01,Site Jakarta West,Prima Alkes,PCT1G-PRI,Paracetamol 1 g infusion (Prima),Paracetamol 1 g infusion,box of 12 bottles,12,4160,398372.84,0.2,318698.27,contract,60,2026-01-31
2025-02-01,Site Medan,Surgika Utama,DES-SUR,Drug-eluting coronary stent (Surgika),Drug-eluting stent,each,1,134,14601964.05,0.12,12849728.36,contract,60,2026-01-31
2025-02-01,Site Surabaya,Medisindo,IVC22-MED,IV cannula 22G (Medisindo),IV cannula 22G,each,1,31680,12296.34,0.1,11066.71,contract,45,2026-01-31
2025-02-01,Site Surabaya,Global Diagnostika,TNI-GLO,Troponin I reagent (Global),Troponin I reagent,kit of 100 tests,100,130,10778559.64,0.15,9161775.69,contract,45,2026-01-31
2025-02-15,Site Jakarta South,Prima Alkes,CEF1G-NUS,Ceftriaxone 1 g injection (Nusantara),Ceftriaxone 1 g inj,vial,1,4449,19130.28,0.15,16260.74,po,60,
2025-02-15,Site Jakarta South,Surgika Utama,DES-SUR,Drug-eluting coronary stent (Surgika),Drug-eluting stent,each,1,19,15701985.42,0.2,12561588.34,po,45,
2025-02-15,Site Jakarta South,Medisindo,GLV-M-MED,Nitrile exam gloves M (Medisindo),Nitrile gloves M,box of 200,200,198,182391.27,0.12,160504.32,po,45,
2025-02-15,Site Jakarta South,Global Diagnostika,HBA1C-GLO,HbA1c reagent (Global),HbA1c reagent,kit of 100 tests,100,20,4794883.79,0.08,4411293.09,po,60,
2025-02-15,Site Jakarta South,Medisindo,IVC22-MED,IV cannula 22G (Medisindo),IV cannula 22G,each,1,2820,12553.49,0.12,11047.07,po,45,
2025-02-15,Site Jakarta South,Prima Alkes,PCT1G-PRI,Paracetamol 1 g infusion (Prima),Paracetamol 1 g infusion,box of 12 bottles,12,295,394639.61,0.15,335443.67,po,60,
2025-02-15,Site Jakarta South,Surgika Utama,SUT20-SUR,Absorbable suture 2-0 (Surgika),Absorbable suture 2-0,box of 12,12,74,1007665.58,0.2,806132.46,po,45,
2025-02-15,Site Jakarta South,Global Diagnostika,SYR3-GLO,Syringe 3 mL luer lock (Global),Syringe 3 mL,each,1,10486,1797.39,0.08,1653.6,po,60,
2025-02-15,Site Jakarta South,Global Diagnostika,TNI-GLO,Troponin I reagent (Global),Troponin I reagent,kit of 100 tests,100,11,10029912.91,0.08,9227519.88,po,60,
2025-02-15,Site Jakarta West,Sehat Medika,CEF1G-SEH,Ceftriaxone 1 g injection (Sehat),Ceftriaxone 1 g inj,box of 100 vials,100,56,1943557.12,0.15,1652023.55,po,30,
2025-02-15,Site Jakarta West,Surgika Utama,DES-SUR,Drug-eluting coronary stent (Surgika),Drug-eluting stent,each,1,22,13269027.34,0.1,11942124.61,po,45,
2025-02-15,Site Jakarta West,Nusantara Farma,GLV-M-NUS,Nitrile exam gloves M (Nusantara),Nitrile gloves M,box of 100,100,469,91404.22,0.1,82263.8,po,60,
2025-02-15,Site Jakarta West,Prima Alkes,HBA1C-PRI,HbA1c reagent (Prima),HbA1c reagent,kit of 100 tests,100,20,5780429.0,0.2,4624343.2,po,60,
2025-02-15,Site Jakarta West,Sehat Medika,IVC22-SEH,IV cannula 22G (Sehat),IV cannula 22G,box of 100,100,36,1135376.0,0.15,965069.6,po,30,
2025-02-15,Site Jakarta West,Prima Alkes,PCT1G-PRI,Paracetamol 1 g infusion (Prima),Paracetamol 1 g infusion,box of 12 bottles,12,363,398512.64,0.2,318810.11,po,60,
2025-02-15,Site Jakarta West,Surgika Utama,SUT20-SUR,Absorbable suture 2-0 (Surgika),Absorbable suture 2-0,box of 12,12,96,859574.64,0.1,773617.18,po,45,
2025-02-15,Site Jakarta West,Global Diagnostika,SYR3-GLO,Syringe 3 mL luer lock (Global),Syringe 3 mL,each,1,15473,1809.65,0.1,1628.69,po,30,
2025-02-15,Site Jakarta West,Sehat Medika,TNI-SEH,Troponin I reagent (Sehat),Troponin I reagent,kit of 200 tests,200,7,22352446.07,0.15,18999579.16,po,30,
2025-02-15,Site Makassar,Medisindo,CEF1G-MED,Ceftriaxone 1 g injection (Medisindo),Ceftriaxone 1 g inj,box of 10 vials,10,213,176844.84,0.1,159160.36,po,45,
2025-02-15,Site Makassar,Surgika Utama,DES-SUR,Drug-eluting coronary stent (Surgika),Drug-eluting stent,each,1,9,16987087.1,0.2,13589669.68,po,60,
2025-02-15,Site Makassar,Nusantara Farma,GLV-M-NUS,Nitrile exam gloves M (Nusantara),Nitrile gloves M,box of 100,100,191,108900.89,0.15,92565.76,po,30,
2025-02-15,Site Makassar,Prima Alkes,HBA1C-PRI,HbA1c reagent (Prima),HbA1c reagent,kit of 100 tests,100,8,6491791.16,0.2,5193432.93,po,30,
2025-02-15,Site Makassar,Prima Alkes,IVC22-PRI,IV cannula 22G (Prima),IV cannula 22G,box of 50,50,24,720206.46,0.2,576165.17,po,30,
2025-02-15,Site Makassar,Prima Alkes,PCT1G-PRI,Paracetamol 1 g infusion (Prima),Paracetamol 1 g infusion,box of 12 bottles,12,140,459208.0,0.2,367366.4,po,30,
2025-02-15,Site Makassar,Surgika Utama,SUT20-SUR,Absorbable suture 2-0 (Surgika),Absorbable suture 2-0,box of 12,12,39,1114062.72,0.2,891250.18,po,60,
2025-02-15,Site Makassar,Prima Alkes,SYR3-PRI,Syringe 3 mL luer lock (Prima),Syringe 3 mL,box of 50,50,119,101144.1,0.2,80915.28,po,30,
2025-02-15,Site Makassar,Sehat Medika,TNI-SEH,Troponin I reagent (Sehat),Troponin I reagent,kit of 200 tests,200,3,24299422.06,0.12,21383491.41,po,30,
2025-02-15,Site Medan,Nusantara Farma,CEF1G-NUS,Ceftriaxone 1 g injection (Nusantara),Ceftriaxone 1 g inj,vial,1,3021,17212.75,0.05,16352.11,po,45,
2025-02-15,Site Medan,Surgika Utama,DES-SUR,Drug-eluting coronary stent (Surgika),Drug-eluting stent,each,1,12,14846613.79,0.12,13065020.14,po,60,
2025-02-15,Site Medan,Nusantara Farma,GLV-M-NUS,Nitrile exam gloves M (Nusantara),Nitrile gloves M,box of 100,100,254,91960.15,0.05,87362.14,po,45,
2025-02-15,Site Medan,Sehat Medika,HBA1C-SEH,HbA1c reagent (Sehat),HbA1c reagent,kit of 50 tests,50,24,2542985.68,0.15,2161537.83,po,45,
2025-02-15,Site Medan,Prima Alkes,IVC22-PRI,IV cannula 22G (Prima),IV cannula 22G,box of 50,50,38,572957.11,0.05,544309.25,po,30,
2025-02-15,Site Medan,Prima Alkes,PCT1G-PRI,Paracetamol 1 g infusion (Prima),Paracetamol 1 g infusion,box of 12 bottles,12,193,361120.37,0.05,343064.35,po,30,
2025-02-15,Site Medan,Surgika Utama,SUT20-SUR,Absorbable suture 2-0 (Surgika),Absorbable suture 2-0,box of 12,12,45,941659.57,0.12,828660.42,po,60,
2025-02-15,Site Medan,Medisindo,SYR3-MED,Syringe 3 mL luer lock (Medisindo),Syringe 3 mL,box of 100,100,78,192068.04,0.15,163257.83,po,45,
2025-02-15,Site Medan,Sehat Medika,TNI-SEH,Troponin I reagent (Sehat),Troponin I reagent,kit of 200 tests,200,4,23835841.32,0.15,20260465.12,po,45,
2025-02-15,Site Surabaya,Sehat Medika,CEF1G-SEH,Ceftriaxone 1 g injection (Sehat),Ceftriaxone 1 g inj,box of 100 vials,100,39,1862851.16,0.1,1676566.04,po,60,
2025-02-15,Site Surabaya,Surgika Utama,DES-SUR,Drug-eluting coronary stent (Surgika),Drug-eluting stent,each,1,18,13406191.74,0.08,12333696.4,po,45,
2025-02-15,Site Surabaya,Medisindo,GLV-M-MED,Nitrile exam gloves M (Medisindo),Nitrile gloves M,box of 200,200,170,175330.13,0.1,157797.12,po,45,
2025-02-15,Site Surabaya,Sehat Medika,HBA1C-SEH,HbA1c reagent (Sehat),HbA1c reagent,kit of 50 tests,50,34,2315928.85,0.1,2084335.97,po,60,
2025-02-15,Site Surabaya,Medisindo,IVC22-MED,IV cannula 22G (Medisindo),IV cannula 22G,each,1,2669,12334.69,0.1,11101.22,po,45,
2025-02-15,Site Surabaya,Nusantara Farma,PCT1G-NUS,Paracetamol 1 g infusion (Nusantara),Paracetamol 1 g infusion,bottle,1,3113,31457.3,0.05,29884.43,po,45,
2025-02-15,Site Surabaya,Medisindo,SUT20-MED,Absorbable suture 2-0 (Medisindo),Absorbable suture 2-0,box of 36,36,22,2511245.02,0.1,2260120.52,po,45,
2025-02-15,Site Surabaya,Medisindo,SYR3-MED,Syringe 3 mL luer lock (Medisindo),Syringe 3 mL,box of 100,100,105,172531.32,0.1,155278.19,po,45,
2025-02-15,Site Surabaya,Global Diagnostika,TNI-GLO,Troponin I reagent (Global),Troponin I reagent,kit of 100 tests,100,10,10765925.69,0.15,9151036.84,po,45,
2025-02-15,Site Tangerang,Medisindo,CEF1G-MED,Ceftriaxone 1 g injection (Medisindo),Ceftriaxone 1 g inj,box of 10 vials,10,345,167975.19,0.12,147818.17,po,30,
2025-02-15,Site Tangerang,Surgika Utama,DES-SUR,Drug-eluting coronary stent (Surgika),Drug-eluting stent,each,1,14,14076240.16,0.1,12668616.14,po,30,
2025-02-15,Site Tangerang,Nusantara Farma,GLV-M-NUS,Nitrile exam gloves M (Nusantara),Nitrile gloves M,box of 100,100,342,94493.22,0.1,85043.9,po,60,
2025-02-15,Site Tangerang,Prima Alkes,HBA1C-PRI,HbA1c reagent (Prima),HbA1c reagent,kit of 100 tests,100,17,5216457.81,0.08,4799141.19,po,60,
2025-02-15,Site Tangerang,Prima Alkes,IVC22-PRI,IV cannula 22G (Prima),IV cannula 22G,box of 50,50,50,586784.29,0.08,539841.55,po,60,
2025-02-15,Site Tangerang,Nusantara Farma,PCT1G-NUS,Paracetamol 1 g infusion (Nusantara),Paracetamol 1 g infusion,bottle,1,2609,34484.22,0.1,31035.8,po,60,
2025-02-15,Site Tangerang,Medisindo,SUT20-MED,Absorbable suture 2-0 (Medisindo),Absorbable suture 2-0,box of 36,36,19,2616771.84,0.12,2302759.22,po,30,
2025-02-15,Site Tangerang,Global Diagnostika,SYR3-GLO,Syringe 3 mL luer lock (Global),Syringe 3 mL,each,1,9731,2119.27,0.2,1695.42,po,30,
2025-02-15,Site Tangerang,Sehat Medika,TNI-SEH,Troponin I reagent (Sehat),Troponin I reagent,kit of 200 tests,200,5,21750461.15,0.08,20010424.26,po,60,
2025-03-01,Site Makassar,Sehat Medika,TNI-SEH,Troponin I reagent (Sehat),Troponin I reagent,kit of 200 tests,200,32,24812772.5,0.12,21835239.8,contract,30,2026-02-28
2025-03-01,Site Medan,Sehat Medika,CEF1G-SEH,Ceftriaxone 1 g injection (Sehat),Ceftriaxone 1 g inj,box of 100 vials,100,336,2090421.09,0.15,1776857.93,contract,45,2026-02-28
2025-03-01,Site Surabaya,Sehat Medika,HBA1C-SEH,HbA1c reagent (Sehat),HbA1c reagent,kit of 50 tests,50,403,2342677.21,0.1,2108409.49,contract,60,2026-02-28
2025-03-01,Site Tangerang,Medisindo,CEF1G-MED,Ceftriaxone 1 g injection (Medisindo),Ceftriaxone 1 g inj,box of 10 vials,10,4620,166243.5,0.12,146294.28,contract,30,2026-02-28
2025-03-01,Site Tangerang,Sehat Medika,IVC22-SEH,IV cannula 22G (Sehat),IV cannula 22G,box of 100,100,290,1107112.63,0.08,1018543.62,contract,60,2026-02-28
2025-03-15,Site Jakarta South,Prima Alkes,CEF1G-NUS,Ceftriaxone 1 g injection (Nusantara),Ceftriaxone 1 g inj,vial,1,4223,18949.66,0.15,16107.21,po,60,
2025-03-15,Site Jakarta South,Surgika Utama,DES-SUR,Drug-eluting coronary stent (Surgika),Drug-eluting stent,each,1,18,15710160.97,0.2,12568128.78,po,45,
2025-03-15,Site Jakarta South,Medisindo,GLV-M-MED,Nitrile exam gloves M (Medisindo),Nitrile gloves M,box of 200,200,190,179702.12,0.12,158137.87,po,45,
2025-03-15,Site Jakarta South,Sehat Medika,HBA1C-SEH,HbA1c reagent (Sehat),HbA1c reagent,kit of 50 tests,50,33,2638725.85,0.2,2110980.68,po,30,
2025-03-15,Site Jakarta South,Medisindo,IVC22-MED,IV cannula 22G (Medisindo),IV cannula 22G,each,1,2958,12633.19,0.12,11117.21,po,45,
2025-03-15,Site Jakarta South,Prima Alkes,PCT1G-PRI,Paracetamol 1 g infusion (Prima),Paracetamol 1 g infusion,box of 12 bottles,12,280,394932.73,0.15,335692.82,po,60,
2025-03-15,Site Jakarta South,Surgika Utama,SUT20-SUR,Absorbable suture 2-0 (Surgika),Absorbable suture 2-0,box of 12,12,75,1005991.24,0.2,804792.99,po,45,
2025-03-15,Site Jakarta South,Prima Alkes,SYR3-PRI,Syringe 3 mL luer lock (Prima),Syringe 3 mL,box of 50,50,217,87495.84,0.15,74371.46,po,60,
2025-03-15,Site Jakarta South,Global Diagnostika,TNI-GLO,Troponin I reagent (Global),Troponin I reagent,kit of 100 tests,100,12,10195739.48,0.08,9380080.32,po,60,
2025-03-15,Site Jakarta West,Sehat Medika,CEF1G-SEH,Ceftriaxone 1 g injection (Sehat),Ceftriaxone 1 g inj,box of 100 vials,100,56,1910955.27,0.15,1624311.98,po,30,
2025-03-15,Site Jakarta West,Surgika Utama,DES-SUR,Drug-eluting coronary stent (Surgika),Drug-eluting stent,each,1,23,13396611.05,0.1,12056949.95,po,45,
2025-03-15,Site Jakarta West,Medisindo,GLV-M-MED,Nitrile exam gloves M (Medisindo),Nitrile gloves M,box of 200,200,229,181108.21,0.15,153941.98,po,45,
2025-03-15,Site Jakarta West,Sehat Medika,HBA1C-SEH,HbA1c reagent (Sehat),HbA1c reagent,kit of 50 tests,50,47,2421668.19,0.15,2058417.96,po,30,
2025-03-15,Site Jakarta West,Sehat Medika,IVC22-SEH,IV cannula 22G (Sehat),IV cannula 22G,box of 100,100,39,1144746.06,0.15,973034.15,po,30,
2025-03-15,Site Jakarta West,Nusantara Farma,PCT1G-NUS,Paracetamol 1 g infusion (Nusantara),Paracetamol 1 g infusion,bottle,1,4088,32495.37,0.1,29245.83,po,60,
2025-03-15,Site Jakarta West,Medisindo,SUT20-MED,Absorbable suture 2-0 (Medisindo),Absorbable suture 2-0,box of 36,36,30,2582845.95,0.15,2195419.06,po,45,
2025-03-15,Site Jakarta West,Global Diagnostika,SYR3-GLO,Syringe 3 mL luer lock (Global),Syringe 3 mL,each,1,16089,1808.31,0.1,1627.48,po,30,
2025-03-15,Site Jakarta West,Sehat Medika,TNI-SEH,Troponin I reagent (Sehat),Troponin I reagent,kit of 200 tests,200,7,22664678.37,0.15,19264976.61,po,30,
2025-03-15,Site Makassar,Medisindo,CEF1G-MED,Ceftriaxone 1 g injection (Medisindo),Ceftriaxone 1 g inj,box of 10 vials,10,232,175637.9,0.1,158074.11,po,45,
2025-03-15,Site Makassar,Surgika Utama,DES-SUR,Drug-eluting coronary stent (Surgika),Drug-eluting stent,each,1,9,17006650.69,0.2,13605320.55,po,60,
2025-03-15,Site Makassar,Medisindo,GLV-M-MED,Nitrile exam gloves M (Medisindo),Nitrile gloves M,box of 200,200,90,194563.38,0.1,175107.04,po,45,
2025-03-15,Site Makassar,Prima Alkes,HBA1C-PRI,HbA1c reagent (Prima),HbA1c reagent,kit of 100 tests,100,9,6548953.16,0.2,5239162.53,po,30,
2025-03-15,Site Makassar,Prima Alkes,IVC22-PRI,IV cannula 22G (Prima),IV cannula 22G,box of 50,50,29,725403.4,0.2,580322.72,po,30,
2025-03-15,Site Makassar,Nusantara Farma,PCT1G-NUS,Paracetamol 1 g infusion (Nusantara),Paracetamol 1 g infusion,bottle,1,1612,38782.68,0.15,32965.28,po,30,
2025-03-15,Site Makassar,Medisindo,SUT20-MED,Absorbable suture 2-0 (Medisindo),Absorbable suture 2-0,box of 36,36,10,2778040.63,0.1,2500236.57,po,45,
2025-03-15,Site Makassar,Prima Alkes,SYR3-PRI,Syringe 3 mL luer lock (Prima),Syringe 3 mL,box of 50,50,118,102930.51,0.2,82344.41,po,30,
2025-03-15,Site Makassar,Sehat Medika,TNI-SEH,Troponin I reagent (Sehat),Troponin I reagent,kit of 200 tests,200,3,24832525.98,0.12,21852622.86,po,30,
2025-03-15,Site Medan,Sehat Medika,CEF1G-SEH,Ceftriaxone 1 g injection (Sehat),Ceftriaxone 1 g inj,box of 100 vials,100,26,2049053.04,0.15,1741695.08,po,45,
2025-03-15,Site Medan,Surgika Utama,DES-SUR,Drug-eluting coronary stent (Surgika),Drug-eluting stent,each,1,10,14601620.89,0.12,12849426.38,po,60,
2025-03-15,Site Medan,Nusantara Farma,GLV-M-NUS,Nitrile exam gloves M (Nusantara),Nitrile gloves M,box of 100,100,227,92584.3,0.05,87955.08,po,45,
2025-03-15,Site Medan,Global Diagnostika,HBA1C-GLO,HbA1c reagent (Global),HbA1c reagent,kit of 100 tests,100,11,4839209.64,0.05,4597249.16,po,60,
2025-03-15,Site Medan,Medisindo,IVC22-MED,IV cannula 22G (Medisindo),IV cannula 22G,each,1,1561,13488.88,0.15,11465.55,po,45,
2025-03-15,Site Medan,Nusantara Farma,PCT1G-NUS,Paracetamol 1 g infusion (Nusantara),Paracetamol 1 g infusion,bottle,1,1972,33479.42,0.05,31805.45,po,45,
2025-03-15,Site Medan,Medisindo,SUT20-MED,Absorbable suture 2-0 (Medisindo),Absorbable suture 2-0,box of 36,36,15,2775993.94,0.15,2359594.85,po,45,
2025-03-15,Site Medan,Medisindo,SYR3-MED,Syringe 3 mL luer lock (Medisindo),Syringe 3 mL,box of 100,100,73,193374.24,0.15,164368.1,po,45,
2025-03-15,Site Medan,Sehat Medika,TNI-SEH,Troponin I reagent (Sehat),Troponin I reagent,kit of 200 tests,200,4,23906004.15,0.15,20320103.53,po,45,
2025-03-15,Site Surabaya,Sehat Medika,CEF1G-SEH,Ceftriaxone 1 g injection (Sehat),Ceftriaxone 1 g inj,box of 100 vials,100,37,1872218.86,0.1,1684996.97,po,60,
2025-03-15,Site Surabaya,Surgika Utama,DES-SUR,Drug-eluting coronary stent (Surgika),Drug-eluting stent,each,1,17,13562218.41,0.08,12477240.94,po,45,
2025-03-15,Site Surabaya,Medisindo,GLV-M-MED,Nitrile exam gloves M (Medisindo),Nitrile gloves M,box of 200,200,193,173582.05,0.1,156223.85,po,45,
2025-03-15,Site Surabaya,Sehat Medika,HBA1C-SEH,HbA1c reagent (Sehat),HbA1c reagent,kit of 50 tests,50,32,2304096.64,0.1,2073686.98,po,60,
2025-03-15,Site Surabaya,Prima Alkes,IVC22-PRI,IV cannula 22G (Prima),IV cannula 22G,box of 50,50,48,570752.52,0.08,525092.32,po,30,
2025-03-15,Site Surabaya,Nusantara Farma,PCT1G-NUS,Paracetamol 1 g infusion (Nusantara),Paracetamol 1 g infusion,bottle,1,3214,31749.66,0.05,30162.18,po,45,
2025-03-15,Site Surabaya,Medisindo,SUT20-MED,Absorbable suture 2-0 (Medisindo),Absorbable suture 2-0,box of 36,36,21,2494406.42,0.1,2244965.78,po,45,
2025-03-15,Site Surabaya,Medisindo,SYR3-MED,Syringe 3 mL luer lock (Medisindo),Syringe 3 mL,box of 100,100,102,172975.46,0.1,155677.91,po,45,
2025-03-15,Site Surabaya,Global Diagnostika,TNI-GLO,Troponin I reagent (Global),Troponin I reagent,kit of 100 tests,100,10,10830025.98,0.15,9205522.08,po,45,
2025-03-15,Site Tangerang,Medisindo,CEF1G-MED,Ceftriaxone 1 g injection (Medisindo),Ceftriaxone 1 g inj,box of 10 vials,10,380,165808.53,0.12,145911.51,po,30,
2025-03-15,Site Tangerang,Surgika Utama,DES-SUR,Drug-eluting coronary stent (Surgika),Drug-eluting stent,each,1,14,14167474.43,0.1,12750726.99,po,30,
2025-03-15,Site Tangerang,Nusantara Farma,GLV-M-NUS,Nitrile exam gloves M (Nusantara),Nitrile gloves M,box of 100,100,357,95440.13,0.1,85896.12,po,60,
2025-03-15,Site Tangerang,Prima Alkes,HBA1C-PRI,HbA1c reagent (Prima),HbA1c reagent,kit of 100 tests,100,14,5236877.87,0.08,4817927.64,po,60,
2025-03-15,Site Tangerang,Sehat Medika,IVC22-SEH,IV cannula 22G (Sehat),IV cannula 22G,box of 100,100,25,1097778.61,0.08,1009956.32,po,60,
2025-03-15,Site Tangerang,Prima Alkes,PCT1G-PRI,Paracetamol 1 g infusion (Prima),Paracetamol 1 g infusion,box of 12 bottles,12,220,365309.17,0.08,336084.44,po,60,
2025-03-15,Site Tangerang,Medisindo,SUT20-MED,Absorbable suture 2-0 (Medisindo),Absorbable suture 2-0,box of 36,36,19,2631836.51,0.12,2316016.13,po,30,
2025-03-15,Site Tangerang,Global Diagnostika,SYR3-GLO,Syringe 3 mL luer lock (Global),Syringe 3 mL,each,1,9489,2131.1,0.2,1704.88,po,30,
2025-03-15,Site Tangerang,Sehat Medika,TNI-SEH,Troponin I reagent (Sehat),Troponin I reagent,kit of 200 tests,200,5,22128973.77,0.08,20358655.87,po,60,
2025-04-01,Site Jakarta South,Medisindo,GLV-M-MED,Nitrile exam gloves M (Medisindo),Nitrile gloves M,box of 200,200,2340,183352.76,0.12,161350.43,contract,45,2026-03-31
2025-04-01,Site Jakarta West,Sehat Medika,TNI-SEH,Troponin I reagent (Sehat),Troponin I reagent,kit of 200 tests,200,86,22518446.08,0.15,19140679.17,contract,30,2026-03-31
2025-04-01,Site Makassar,Prima Alkes,SYR3-PRI,Syringe 3 mL luer lock (Prima),Syringe 3 mL,box of 50,50,1296,102242.82,0.2,81794.26,contract,30,2026-03-31
2025-04-01,Site Tangerang,Sehat Medika,TNI-SEH,Troponin I reagent (Sehat),Troponin I reagent,kit of 200 tests,200,59,22095339.89,0.08,20327712.7,contract,60,2026-03-31
2025-04-15,Site Jakarta South,Prima Alkes,CEF1G-NUS,Ceftriaxone 1 g injection (Nusantara),Ceftriaxone 1 g inj,vial,1,4511,19133.24,0.15,16263.25,po,60,
2025-04-15,Site Jakarta South,Surgika Utama,DES-SUR,Drug-eluting coronary stent (Surgika),Drug-eluting stent,each,1,17,15450868.05,0.2,12360694.44,po,45,
2025-04-15,Site Jakarta South,Medisindo,GLV-M-MED,Nitrile exam gloves M (Medisindo),Nitrile gloves M,box of 200,200,177,182262.87,0.12,160391.33,po,45,
2025-04-15,Site Jakarta South,Sehat Medika,HBA1C-SEH,HbA1c reagent (Sehat),HbA1c reagent,kit of 50 tests,50,37,2668040.28,0.2,2134432.22,po,30,
2025-04-15,Site Jakarta South,Medisindo,IVC22-MED,IV cannula 22G (Medisindo),IV cannula 22G,each,1,2746,12760.24,0.12,11229.01,po,45,
2025-04-15,Site Jakarta South,Prima Alkes,PCT1G-PRI,Paracetamol 1 g infusion (Prima),Paracetamol 1 g infusion,box of 12 bottles,12,300,392762.26,0.15,333847.92,po,60,
2025-04-15,Site Jakarta South,Surgika Utama,SUT20-SUR,Absorbable suture 2-0 (Surgika),Absorbable suture 2-0,box of 12,12,83,1016933.5,0.2,813546.8,po,45,
2025-04-15,Site Jakarta South,Prima Alkes,SYR3-PRI,Syringe 3 mL luer lock (Prima),Syringe 3 mL,box of 50,50,240,87953.4,0.15,74760.39,po,60,
2025-04-15,Site Jakarta South,Global Diagnostika,TNI-GLO,Troponin I reagent (Global),Troponin I reagent,kit of 100 tests,100,12,10280394.8,0.08,9457963.22,po,60,
2025-04-15,Site Jakarta West,Sehat Medika,CEF1G-SEH,Ceftriaxone 1 g injection (Sehat),Ceftriaxone 1 g inj,box of 100 vials,100,58,1940367.35,0.15,1649312.25,po,30,
2025-04-15,Site Jakarta West,Surgika Utama,DES-SUR,Drug-eluting coronary stent (Surgika),Drug-eluting stent,each,1,23,13549853.9,0.1,12194868.51,po,45,
2025-04-15,Site Jakarta West,Medisindo,GLV-M-MED,Nitrile exam gloves M (Medisindo),Nitrile gloves M,box of 200,200,253,184084.46,0.15,156471.79,po,45,
2025-04-15,Site Jakarta West,Sehat Medika,HBA1C-SEH,HbA1c reagent (Sehat),HbA1c reagent,kit of 50 tests,50,46,2422382.97,0.15,2059025.52,po,30,
2025-04-15,Site Jakarta West,Sehat Medika,IVC22-SEH,IV cannula 22G (Sehat),IV cannula 22G,box of 100,100,38,1142287.46,0.15,970944.34,po,30,
2025-04-15,Site Jakarta West,Nusantara Farma,PCT1G-NUS,Paracetamol 1 g infusion (Nusantara),Paracetamol 1 g infusion,bottle,1,4184,32628.58,0.1,29365.72,po,60,
2025-04-15,Site Jakarta West,Medisindo,SUT20-MED,Absorbable suture 2-0 (Medisindo),Absorbable suture 2-0,box of 36,36,30,2622832.58,0.15,2229407.69,po,45,
2025-04-15,Site Jakarta West,Global Diagnostika,SYR3-GLO,Syringe 3 mL luer lock (Global),Syringe 3 mL,each,1,14568,1791.84,0.1,1612.66,po,30,
2025-04-15,Site Jakarta West,Sehat Medika,TNI-SEH,Troponin I reagent (Sehat),Troponin I reagent,kit of 200 tests,200,7,22347515.81,0.15,18995388.44,po,30,
2025-04-15,Site Makassar,Medisindo,CEF1G-MED,Ceftriaxone 1 g injection (Medisindo),Ceftriaxone 1 g inj,box of 10 vials,10,232,176301.43,0.1,158671.29,po,45,
2025-04-15,Site Makassar,Surgika Utama,DES-SUR,Drug-eluting coronary stent (Surgika),Drug-eluting stent,each,1,9,17141492.38,0.2,13713193.9,po,60,
2025-04-15,Site Makassar,Medisindo,GLV-M-MED,Nitrile exam gloves M (Medisindo),Nitrile gloves M,box of 200,200,83,196072.51,0.1,176465.26,po,45,
2025-04-15,Site Makassar,Prima Alkes,HBA1C-PRI,HbA1c reagent (Prima),HbA1c reagent,kit of 100 tests,100,7,6596212.44,0.2,5276969.95,po,30,
2025-04-15,Site Makassar,Prima Alkes,IVC22-PRI,IV cannula 22G (Prima),IV cannula 22G,box of 50,50,26,739526.59,0.2,591621.27,po,30,
2025-04-15,Site Makassar,Nusantara Farma,PCT1G-NUS,Paracetamol 1 g infusion (Nusantara),Paracetamol 1 g infusion,bottle,1,1516,39557.12,0.15,33623.55,po,30,
2025-04-15,Site Makassar,Medisindo,SUT20-MED,Absorbable suture 2-0 (Medisindo),Absorbable suture 2-0,box of 36,36,13,2824650.34,0.1,2542185.31,po,45,
2025-04-15,Site Makassar,Prima Alkes,SYR3-PRI,Syringe 3 mL luer lock (Prima),Syringe 3 mL,box of 50,50,103,102172.68,0.2,81738.14,po,30,
2025-04-15,Site Makassar,Sehat Medika,TNI-SEH,Troponin I reagent (Sehat),Troponin I reagent,kit of 200 tests,200,3,24729542.07,0.12,21761997.02,po,30,
2025-04-15,Site Medan,Sehat Medika,CEF1G-SEH,Ceftriaxone 1 g injection (Sehat),Ceftriaxone 1 g inj,box of 100 vials,100,31,2071055.74,0.15,1760397.38,po,45,
2025-04-15,Site Medan,Surgika Utama,DES-SUR,Drug-eluting coronary stent (Surgika),Drug-eluting stent,each,1,10,14662118.4,0.12,12902664.19,po,60,
2025-04-15,Site Medan,Nusantara Farma,GLV-M-NUS,Nitrile exam gloves M (Nusantara),Nitrile gloves M,box of 100,100,226,92615.85,0.05,87985.06,po,45,
2025-04-15,Site Medan,Global Diagnostika,HBA1C-GLO,HbA1c reagent (Global),HbA1c reagent,kit of 100 tests,100,12,4886847.64,0.05,4642505.26,po,60,
2025-04-15,Site Medan,Medisindo,IVC22-MED,IV cannula 22G (Medisindo),IV cannula 22G,each,1,1571,13652.45,0.15,11604.58,po,45,
2025-04-15,Site Medan,Nusantara Farma,PCT1G-NUS,Paracetamol 1 g infusion (Nusantara),Paracetamol 1 g infusion,bottle,1,2000,33241.98,0.05,31579.88,po,45,
2025-04-15,Site Medan,Medisindo,SUT20-MED,Absorbable suture 2-0 (Medisindo),Absorbable suture 2-0,box of 36,36,17,2788430.71,0.15,2370166.1,po,45,
2025-04-15,Site Medan,Medisindo,SYR3-MED,Syringe 3 mL luer lock (Medisindo),Syringe 3 mL,box of 100,100,70,191758.38,0.15,162994.62,po,45,
2025-04-15,Site Medan,Sehat Medika,TNI-SEH,Troponin I reagent (Sehat),Troponin I reagent,kit of 200 tests,200,4,24127561.85,0.15,20508427.57,po,45,
2025-04-15,Site Surabaya,Sehat Medika,CEF1G-SEH,Ceftriaxone 1 g injection (Sehat),Ceftriaxone 1 g inj,box of 100 vials,100,41,1846834.87,0.1,1662151.38,po,60,
2025-04-15,Site Surabaya,Surgika Utama,DES-SUR,Drug-eluting coronary stent (Surgika),Drug-eluting stent,each,1,18,13345431.73,0.08,12277797.19,po,45,
2025-04-15,Site Surabaya,Medisindo,GLV-M-MED,Nitrile exam gloves M (Medisindo),Nitrile gloves M,box of 200,200,170,175027.94,0.1,157525.15,po,45,
2025-04-15,Site Surabaya,Sehat Medika,HBA1C-SEH,HbA1c reagent (Sehat),HbA1c reagent,kit of 50 tests,50,32,2336395.74,0.1,2102756.17,po,60,
2025-04-15,Site Surabaya,Prima Alkes,IVC22-PRI,IV cannula 22G (Prima),IV cannula 22G,box of 50,50,47,574487.56,0.08,528528.56,po,30,
2025-04-15,Site Surabaya,Nusantara Farma,PCT1G-NUS,Paracetamol 1 g infusion (Nusantara),Paracetamol 1 g infusion,bottle,1,3478,31372.25,0.05,29803.64,po,45,
2025-04-15,Site Surabaya,Medisindo,SUT20-MED,Absorbable suture 2-0 (Medisindo),Absorbable suture 2-0,box of 36,36,22,2493626.35,0.1,2244263.72,po,45,
2025-04-15,Site Surabaya,Medisindo,SYR3-MED,Syringe 3 mL luer lock (Medisindo),Syringe 3 mL,box of 100,100,117,174794.34,0.1,157314.91,po,45,
2025-04-15,Site Surabaya,Global Diagnostika,TNI-GLO,Troponin I reagent (Global),Troponin I reagent,kit of 100 tests,100,11,10798023.04,0.15,9178319.58,po,45,
2025-04-15,Site Tangerang,Medisindo,CEF1G-MED,Ceftriaxone 1 g injection (Medisindo),Ceftriaxone 1 g inj,box of 10 vials,10,342,166010.8,0.12,146089.5,po,30,
2025-04-15,Site Tangerang,Surgika Utama,DES-SUR,Drug-eluting coronary stent (Surgika),Drug-eluting stent,each,1,17,14200962.84,0.1,12780866.56,po,30,
2025-04-15,Site Tangerang,Nusantara Farma,GLV-M-NUS,Nitrile exam gloves M (Nusantara),Nitrile gloves M,box of 100,100,330,96065.66,0.1,86459.09,po,60,
2025-04-15,Site Tangerang,Prima Alkes,HBA1C-PRI,HbA1c reagent (Prima),HbA1c reagent,kit of 100 tests,100,16,5244070.1,0.08,4824544.49,po,60,
2025-04-15,Site Tangerang,Sehat Medika,IVC22-SEH,IV cannula 22G (Sehat),IV cannula 22G,box of 100,100,27,1094613.23,0.08,1007044.17,po,60,
2025-04-15,Site Tangerang,Prima Alkes,PCT1G-PRI,Paracetamol 1 g infusion (Prima),Paracetamol 1 g infusion,box of 12 bottles,12,226,367094.62,0.08,337727.05,po,60,
2025-04-15,Site Tangerang,Medisindo,SUT20-MED,Absorbable suture 2-0 (Medisindo),Absorbable suture 2-0,box of 36,36,22,2642797.01,0.12,2325661.37,po,30,
2025-04-15,Site Tangerang,Global Diagnostika,SYR3-GLO,Syringe 3 mL luer lock (Global),Syringe 3 mL,each,1,10731,2153.32,0.2,1722.66,po,30,
2025-04-15,Site Tangerang,Sehat Medika,TNI-SEH,Troponin I reagent (Sehat),Troponin I reagent,kit of 200 tests,200,6,22151848.52,0.08,20379700.64,po,60,
2025-05-01,Site Jakarta West,Sehat Medika,CEF1G-SEH,Ceftriaxone 1 g injection (Sehat),Ceftriaxone 1 g inj,box of 100 vials,100,672,1948564.02,0.15,1656279.42,contract,30,2026-04-30
2025-05-01,Site Jakarta West,Medisindo,SUT20-MED,Absorbable suture 2-0 (Medisindo),Absorbable suture 2-0,box of 36,36,373,2624751.05,0.15,2231038.39,contract,45,2026-04-30
2025-05-01,Site Makassar,Prima Alkes,IVC22-PRI,IV cannula 22G (Prima),IV cannula 22G,box of 50,50,317,727670.32,0.2,582136.26,contract,30,2026-04-30
2025-05-01,Site Medan,Nusantara Farma,GLV-M-NUS,Nitrile exam gloves M (Nusantara),Nitrile gloves M,box of 100,100,2880,94021.85,0.05,89320.76,contract,45,2026-04-30
2025-05-01,Site Medan,Nusantara Farma,PCT1G-NUS,Paracetamol 1 g infusion (Nusantara),Paracetamol 1 g infusion,bottle,1,24960,33793.15,0.05,32103.49,contract,45,2026-04-30
2025-05-01,Site Medan,Medisindo,SYR3-MED,Syringe 3 mL luer lock (Medisindo),Syringe 3 mL,box of 100,100,864,191184.35,0.15,162506.7,contract,45,2026-04-30
2025-05-01,Site Surabaya,Sehat Medika,CEF1G-SEH,Ceftriaxone 1 g injection (Sehat),Ceftriaxone 1 g inj,box of 100 vials,100,504,1876634.77,0.1,1688971.29,contract,60,2026-04-30
2025-05-15,Site Jakarta South,Prima Alkes,CEF1G-NUS,Ceftriaxone 1 g injection (Nusantara),Ceftriaxone 1 g inj,vial,1,5072,19046.77,0.15,16189.75,po,60,
2025-05-15,Site Jakarta South,Surgika Utama,DES-SUR,Drug-eluting coronary stent (Surgika),Drug-eluting stent,each,1,18,15618018.48,0.2,12494414.78,po,45,
2025-05-15,Site Jakarta South,Medisindo,GLV-M-MED,Nitrile exam gloves M (Medisindo),Nitrile gloves M,box of 200,200,205,181331.53,0.12,159571.75,po,45,
2025-05-15,Site Jakarta South,Sehat Medika,HBA1C-SEH,HbA1c reagent (Sehat),HbA1c reagent,kit of 50 tests,50,35,2635959.73,0.2,2108767.78,po,30,
2025-05-15,Site Jakarta South,Medisindo,IVC22-MED,IV cannula 22G (Medisindo),IV cannula 22G,each,1,2843,12781.2,0.12,11247.46,po,45,
2025-05-15,Site Jakarta South,Prima Alkes,PCT1G-PRI,Paracetamol 1 g infusion (Prima),Paracetamol 1 g infusion,box of 12 bottles,12,302,393660.86,0.15,334611.73,po,60,
2025-05-15,Site Jakarta South,Surgika Utama,SUT20-SUR,Absorbable suture 2-0 (Surgika),Absorbable suture 2-0,box of 12,12,82,1004762.36,0.2,803809.89,po,45,
2025-05-15,Site Jakarta South,Prima Alkes,SYR3-PRI,Syringe 3 mL luer lock (Prima),Syringe 3 mL,box of 50,50,225,87856.47,0.15,74678.0,po,60,
2025-05-15,Site Jakarta South,Global Diagnostika,TNI-GLO,Troponin I reagent (Global),Troponin I reagent,kit of 100 tests,100,12,10078211.34,0.08,9271954.43,po,60,
2025-05-15,Site Jakarta West,Sehat Medika,CEF1G-SEH,Ceftriaxone 1 g injection (Sehat),Ceftriaxone 1 g inj,box of 100 vials,100,58,1959424.01,0.15,1665510.41,po,30,
2025-05-15,Site Jakarta West,Surgika Utama,DES-SUR,Drug-eluting coronary stent (Surgika),Drug-eluting stent,each,1,20,13552013.3,0.1,12196811.97,po,45,
2025-05-15,Site Jakarta West,Medisindo,GLV-M-MED,Nitrile exam gloves M (Medisindo),Nitrile gloves M,box of 200,200,233,183845.25,0.15,156268.46,po,45,
2025-05-15,Site Jakarta West,Sehat Medika,HBA1C-SEH,HbA1c reagent (Sehat),HbA1c reagent,kit of 50 tests,50,48,2418911.5,0.15,2056074.77,po,30,
2025-05-15,Site Jakarta West,Sehat Medika,IVC22-SEH,IV cannula 22G (Sehat),IV cannula 22G,box of 100,100,36,1146255.73,0.15,974317.37,po,30,
2025-05-15,Site Jakarta West,Nusantara Farma,PCT1G-NUS,Paracetamol 1 g infusion (Nusantara),Paracetamol 1 g infusion,bottle,1,4100,33253.9,0.1,29928.51,po,60,
2025-05-15,Site Jakarta West,Medisindo,SUT20-MED,Absorbable suture 2-0 (Medisindo),Absorbable suture 2-0,box of 36,36,30,2643915.43,0.15,2247328.12,po,45,
2025-05-15,Site Jakarta West,Global Diagnostika,SYR3-GLO,Syringe 3 mL luer lock (Global),Syringe 3 mL,each,1,15179,1829.83,0.1,1646.85,po,30,
2025-05-15,Site Jakarta West,Sehat Medika,TNI-SEH,Troponin I reagent (Sehat),Troponin I reagent,kit of 200 tests,200,7,22608265.79,0.15,19217025.92,po,30,
2025-05-15,Site Makassar,Medisindo,CEF1G-MED,Ceftriaxone 1 g injection (Medisindo),Ceftriaxone 1 g inj,box of 10 vials,10,207,175184.04,0.1,157665.64,po,45,
2025-05-15,Site Makassar,Surgika Utama,DES-SUR,Drug-eluting coronary stent (Surgika),Drug-eluting stent,each,1,9,17049891.81,0.2,13639913.45,po,60,
2025-05-15,Site Makassar,Medisindo,GLV-M-MED,Nitrile exam gloves M (Medisindo),Nitrile gloves M,box of 200,200,89,193781.2,0.1,174403.08,po,45,
2025-05-15,Site Makassar,Prima Alkes,HBA1C-PRI,HbA1c reagent (Prima),HbA1c reagent,kit of 100 tests,100,7,6649335.85,0.2,5319468.68,po,30,
2025-05-15,Site Makassar,Prima Alkes,IVC22-PRI,IV cannula 22G (Prima),IV cannula 22G,box of 50,50,27,725818.58,0.2,580654.86,po,30,
2025-05-15,Site Makassar,Nusantara Farma,PCT1G-NUS,Paracetamol 1 g infusion (Nusantara),Paracetamol 1 g infusion,bottle,1,1736,39007.33,0.15,33156.23,po,30,
2025-05-15,Site Makassar,Medisindo,SUT20-MED,Absorbable suture 2-0 (Medisindo),Absorbable suture 2-0,box of 36,36,12,2770331.32,0.1,2493298.19,po,45,
2025-05-15,Site Makassar,Prima Alkes,SYR3-PRI,Syringe 3 mL luer lock (Prima),Syringe 3 mL,box of 50,50,103,102180.75,0.2,81744.6,po,30,
2025-05-15,Site Makassar,Sehat Medika,TNI-SEH,Troponin I reagent (Sehat),Troponin I reagent,kit of 200 tests,200,3,24989308.46,0.12,21990591.44,po,30,
2025-05-15,Site Medan,Sehat Medika,CEF1G-SEH,Ceftriaxone 1 g injection (Sehat),Ceftriaxone 1 g inj,box of 100 vials,100,27,2090950.37,0.15,1777307.81,po,45,
2025-05-15,Site Medan,Surgika Utama,DES-SUR,Drug-eluting coronary stent (Surgika),Drug-eluting stent,each,1,12,14963471.97,0.12,13167855.33,po,60,
2025-05-15,Site Medan,Nusantara Farma,GLV-M-NUS,Nitrile exam gloves M (Nusantara),Nitrile gloves M,box of 100,100,223,91923.55,0.05,87327.37,po,45,
2025-05-15,Site Medan,Global Diagnostika,HBA1C-GLO,HbA1c reagent (Global),HbA1c reagent,kit of 100 tests,100,11,4900323.07,0.05,4655306.92,po,60,
2025-05-15,Site Medan,Medisindo,IVC22-MED,IV cannula 22G (Medisindo),IV cannula 22G,each,1,1722,13699.95,0.15,11644.96,po,45,
2025-05-15,Site Medan,Nusantara Farma,PCT1G-NUS,Paracetamol 1 g infusion (Nusantara),Paracetamol 1 g infusion,bottle,1,1899,33603.63,0.05,31923.45,po,45,
2025-05-15,Site Medan,Medisindo,SUT20-MED,Absorbable suture 2-0 (Medisindo),Absorbable suture 2-0,box of 36,36,15,2774232.51,0.15,2358097.63,po,45,
2025-05-15,Site Medan,Medisindo,SYR3-MED,Syringe 3 mL luer lock (Medisindo),Syringe 3 mL,box of 100,100,71,193451.76,0.15,164434.0,po,45,
2025-05-15,Site Medan,Sehat Medika,TNI-SEH,Troponin I reagent (Sehat),Troponin I reagent,kit of 200 tests,200,4,24085975.58,0.15,20473079.24,po,45,
2025-05-15,Site Surabaya,Sehat Medika,CEF1G-SEH,Ceftriaxone 1 g injection (Sehat),Ceftriaxone 1 g inj,box of 100 vials,100,45,1872720.22,0.1,1685448.2,po,60,
2025-05-15,Site Surabaya,Surgika Utama,DES-SUR,Drug-eluting coronary stent (Surgika),Drug-eluting stent,each,1,18,13354917.54,0.08,12286524.14,po,45,
2025-05-15,Site Surabaya,Medisindo,GLV-M-MED,Nitrile exam gloves M (Medisindo),Nitrile gloves M,box of 200,200,184,177035.31,0.1,159331.78,po,45,
2025-05-15,Site Surabaya,Sehat Medika,HBA1C-SEH,HbA1c reagent (Sehat),HbA1c reagent,kit of 50 tests,50,36,2342503.89,0.1,2108253.5,po,60,
2025-05-15,Site Surabaya,Prima Alkes,IVC22-PRI,IV cannula 22G (Prima),IV cannula 22G,box of 50,50,57,577181.58,0.08,531007.05,po,30,
2025-05-15,Site Surabaya,Nusantara Farma,PCT1G-NUS,Paracetamol 1 g infusion (Nusantara),Paracetamol 1 g infusion,bottle,1,3488,32048.48,0.05,30446.06,po,45,
2025-05-15,Site Surabaya,Medisindo,SUT20-MED,Absorbable suture 2-0 (Medisindo),Absorbable suture 2-0,box of 36,36,24,2515843.15,0.1,2264258.83,po,45,
2025-05-15,Site Surabaya,Medisindo,SYR3-MED,Syringe 3 mL luer lock (Medisindo),Syringe 3 mL,box of 100,100,108,174895.32,0.1,157405.79,po,45,
2025-05-15,Site Surabaya,Global Diagnostika,TNI-GLO,Troponin I reagent (Global),Troponin I reagent,kit of 100 tests,100,11,11057291.65,0.15,9398697.9,po,45,
2025-05-15,Site Tangerang,Medisindo,CEF1G-MED,Ceftriaxone 1 g injection (Medisindo),Ceftriaxone 1 g inj,box of 10 vials,10,399,166970.86,0.12,146934.36,po,30,
2025-05-15,Site Tangerang,Surgika Utama,DES-SUR,Drug-eluting coronary stent (Surgika),Drug-eluting stent,each,1,15,14297887.28,0.1,12868098.55,po,30,
2025-05-15,Site Tangerang,Nusantara Farma,GLV-M-NUS,Nitrile exam gloves M (Nusantara),Nitrile gloves M,box of 100,100,341,95399.27,0.1,85859.34,po,60,
2025-05-15,Site Tangerang,Prima Alkes,HBA1C-PRI,HbA1c reagent (Prima),HbA1c reagent,kit of 100 tests,100,17,5279767.27,0.08,4857385.89,po,60,
2025-05-15,Site Tangerang,Sehat Medika,IVC22-SEH,IV cannula 22G (Sehat),IV cannula 22G,box of 100,100,22,1098096.8,0.08,1010249.06,po,60,
2025-05-15,Site Tangerang,Prima Alkes,PCT1G-PRI,Paracetamol 1 g infusion (Prima),Paracetamol 1 g infusion,box of 12 bottles,12,258,371773.23,0.08,342031.37,po,60,
2025-05-15,Site Tangerang,Medisindo,SUT20-MED,Absorbable suture 2-0 (Medisindo),Absorbable suture 2-0,box of 36,36,21,2690881.07,0.12,2367975.34,po,30,
2025-05-15,Site Tangerang,Global Diagnostika,SYR3-GLO,Syringe 3 mL luer lock (Global),Syringe 3 mL,each,1,8971,2133.9,0.2,1707.12,po,30,
2025-05-15,Site Tangerang,Sehat Medika,TNI-SEH,Troponin I reagent (Sehat),Troponin I reagent,kit of 200 tests,200,5,21820017.83,0.08,20074416.4,po,60,
2025-06-01,Site Jakarta West,Medisindo,GLV-M-MED,Nitrile exam gloves M (Medisindo),Nitrile gloves M,box of 200,200,2880,181506.7,0.15,154280.7,contract,45,2026-05-31
2025-06-01,Site Makassar,Nusantara Farma,PCT1G-NUS,Paracetamol 1 g infusion (Nusantara),Paracetamol 1 g infusion,bottle,1,18720,39753.99,0.15,33790.89,contract,30,2026-05-31
2025-06-01,Site Tangerang,Prima Alkes,PCT1G-PRI,Paracetamol 1 g infusion (Prima),Paracetamol 1 g infusion,box of 12 bottles,12,2860,370337.86,0.08,340710.83,contract,60,2026-05-31
2025-06-15,Site Jakarta South,Prima Alkes,CEF1G-NUS,Ceftriaxone 1 g injection (Nusantara),Ceftriaxone 1 g inj,vial,1,4205,19027.34,0.15,16173.24,po,60,
2025-06-15,Site Jakarta South,Surgika Utama,DES-SUR,Drug-eluting coronary stent (Surgika),Drug-eluting stent,each,1,20,15541587.38,0.2,12433269.9,po,45,
2025-06-15,Site Jakarta South,Medisindo,GLV-M-MED,Nitrile exam gloves M (Medisindo),Nitrile gloves M,box of 200,200,174,181779.64,0.12,159966.08,po,45,
2025-06-15,Site Jakarta South,Sehat Medika,HBA1C-SEH,HbA1c reagent (Sehat),HbA1c reagent,kit of 50 tests,50,34,2633033.58,0.2,2106426.86,po,30,
2025-06-15,Site Jakarta South,Medisindo,IVC22-MED,IV cannula 22G (Medisindo),IV cannula 22G,each,1,2887,12660.6,0.12,11141.33,po,45,
2025-06-15,Site Jakarta South,Prima Alkes,PCT1G-PRI,Paracetamol 1 g infusion (Prima),Paracetamol 1 g infusion,box of 12 bottles,12,272,390783.8,0.15,332166.23,po,60,
2025-06-15,Site Jakarta South,Surgika Utama,SUT20-SUR,Absorbable suture 2-0 (Surgika),Absorbable suture 2-0,box of 12,12,71,1021616.15,0.2,817292.92,po,45,
2025-06-15,Site Jakarta South,Prima Alkes,SYR3-PRI,Syringe 3 mL luer lock (Prima),Syringe 3 mL,box of 50,50,236,88288.21,0.15,75044.98,po,60,
2025-06-15,Site Jakarta South,Global Diagnostika,TNI-GLO,Troponin I reagent (Global),Troponin I reagent,kit of 100 tests,100,11,10271237.97,0.08,9449538.93,po,60,
2025-06-15,Site Jakarta West,Sehat Medika,CEF1G-SEH,Ceftriaxone 1 g injection (Sehat),Ceftriaxone 1 g inj,box of 100 vials,100,60,1943005.19,0.15,1651554.41,po,30,
2025-06-15,Site Jakarta West,Surgika Utama,DES-SUR,Drug-eluting coronary stent (Surgika),Drug-eluting stent,each,1,20,13543316.38,0.1,12188984.74,po,45,
2025-06-15,Site Jakarta West,Medisindo,GLV-M-MED,Nitrile exam gloves M (Medisindo),Nitrile gloves M,box of 200,200,224,183639.09,0.15,156093.23,po,45,
2025-06-15,Site Jakarta West,Sehat Medika,HBA1C-SEH,HbA1c reagent (Sehat),HbA1c reagent,kit of 50 tests,50,40,2416599.3,0.15,2054109.4,po,30,
2025-06-15,Site Jakarta West,Sehat Medika,IVC22-SEH,IV cannula 22G (Sehat),IV cannula 22G,box of 100,100,39,1153766.96,0.15,980701.92,po,30,
2025-06-15,Site Jakarta West,Nusantara Farma,PCT1G-NUS,Paracetamol 1 g infusion (Nusantara),Paracetamol 1 g infusion,bottle,1,4310,32923.69,0.1,29631.32,po,60,
2025-06-15,Site Jakarta West,Medisindo,SUT20-MED,Absorbable suture 2-0 (Medisindo),Absorbable suture 2-0,box of 36,36,33,2621982.08,0.15,2228684.77,po,45,
2025-06-15,Site Jakarta West,Global Diagnostika,SYR3-GLO,Syringe 3 mL luer lock (Global),Syringe 3 mL,each,1,15925,1829.87,0.1,1646.88,po,30,
2025-06-15,Site Jakarta West,Sehat Medika,TNI-SEH,Troponin I reagent (Sehat),Troponin I reagent,kit of 200 tests,200,7,22737180.69,0.15,19326603.59,po,30,
2025-06-15,Site Makassar,Medisindo,CEF1G-MED,Ceftriaxone 1 g injection (Medisindo),Ceftriaxone 1 g inj,box of 10 vials,10,210,175296.5,0.1,157766.85,po,45,
2025-06-15,Site Makassar,Surgika Utama,DES-SUR,Drug-eluting coronary stent (Surgika),Drug-eluting stent,each,1,9,17385366.05,0.2,13908292.84,po,60,
2025-06-15,Site Makassar,Medisindo,GLV-M-MED,Nitrile exam gloves M (Medisindo),Nitrile gloves M,box of 200,200,85,196298.8,0.1,176668.92,po,45,
2025-06-15,Site Makassar,Prima Alkes,HBA1C-PRI,HbA1c reagent (Prima),HbA1c reagent,kit of 100 tests,100,9,6667090.28,0.2,5333672.22,po,30,
2025-06-15,Site Makassar,Prima Alkes,IVC22-PRI,IV cannula 22G (Prima),IV cannula 22G,box of 50,50,25,730234.36,0.2,584187.49,po,30,
2025-06-15,Site Makassar,Nusantara Farma,PCT1G-NUS,Paracetamol 1 g infusion (Nusantara),Paracetamol 1 g infusion,bottle,1,1643,39869.59,0.15,33889.15,po,30,
2025-06-15,Site Makassar,Medisindo,SUT20-MED,Absorbable suture 2-0 (Medisindo),Absorbable suture 2-0,box of 36,36,13,2834212.03,0.1,2550790.83,po,45,
2025-06-15,Site Makassar,Prima Alkes,SYR3-PRI,Syringe 3 mL luer lock (Prima),Syringe 3 mL,box of 50,50,97,104167.53,0.2,83334.02,po,30,
2025-06-15,Site Makassar,Sehat Medika,TNI-SEH,Troponin I reagent (Sehat),Troponin I reagent,kit of 200 tests,200,3,24985052.64,0.12,21986846.32,po,30,
2025-06-15,Site Medan,Sehat Medika,CEF1G-SEH,Ceftriaxone 1 g injection (Sehat),Ceftriaxone 1 g inj,box of 100 vials,100,27,2108821.02,0.15,1792497.87,po,45,
2025-06-15,Site Medan,Surgika Utama,DES-SUR,Drug-eluting coronary stent (Surgika),Drug-eluting stent,each,1,11,14934677.68,0.12,13142516.36,po,60,
2025-06-15,Site Medan,Nusantara Farma,GLV-M-NUS,Nitrile exam gloves M (Nusantara),Nitrile gloves M,box of 100,100,241,92501.11,0.05,87876.05,po,45,
2025-06-15,Site Medan,Global Diagnostika,HBA1C-GLO,HbA1c reagent (Global),HbA1c reagent,kit of 100 tests,100,10,4885659.76,0.05,4641376.77,po,60,
2025-06-15,Site Medan,Medisindo,IVC22-MED,IV cannula 22G (Medisindo),IV cannula 22G,each,1,1646,13835.03,0.15,11759.78,po,45,
2025-06-15,Site Medan,Nusantara Farma,PCT1G-NUS,Paracetamol 1 g infusion (Nusantara),Paracetamol 1 g infusion,bottle,1,1907,33794.77,0.05,32105.03,po,45,
2025-06-15,Site Medan,Medisindo,SUT20-MED,Absorbable suture 2-0 (Medisindo),Absorbable suture 2-0,box of 36,36,16,2816456.72,0.15,2393988.21,po,45,
2025-06-15,Site Medan,Medisindo,SYR3-MED,Syringe 3 mL luer lock (Medisindo),Syringe 3 mL,box of 100,100,80,193992.02,0.15,164893.22,po,45,
2025-06-15,Site Medan,Sehat Medika,TNI-SEH,Troponin I reagent (Sehat),Troponin I reagent,kit of 200 tests,200,3,24331033.55,0.15,20681378.52,po,45,
2025-06-15,Site Surabaya,Sehat Medika,CEF1G-SEH,Ceftriaxone 1 g injection (Sehat),Ceftriaxone 1 g inj,box of 100 vials,100,37,1885337.21,0.1,1696803.49,po,60,
2025-06-15,Site Surabaya,Surgika Utama,DES-SUR,Drug-eluting coronary stent (Surgika),Drug-eluting stent,each,1,16,13528950.26,0.08,12446634.24,po,45,
2025-06-15,Site Surabaya,Medisindo,GLV-M-MED,Nitrile exam gloves M (Medisindo),Nitrile gloves M,box of 200,200,167,177587.12,0.1,159828.41,po,45,
2025-06-15,Site Surabaya,Sehat Medika,HBA1C-SEH,HbA1c reagent (Sehat),HbA1c reagent,kit of 50 tests,50,34,2313106.55,0.1,2081795.89,po,60,
2025-06-15,Site Surabaya,Prima Alkes,IVC22-PRI,IV cannula 22G (Prima),IV cannula 22G,box of 50,50,56,572956.01,0.08,527119.53,po,30,
2025-06-15,Site Surabaya,Nusantara Farma,PCT1G-NUS,Paracetamol 1 g infusion (Nusantara),Paracetamol 1 g infusion,bottle,1,3412,32202.28,0.05,30592.17,po,45,
2025-06-15,Site Surabaya,Medisindo,SUT20-MED,Absorbable suture 2-0 (Medisindo),Absorbable suture 2-0,box of 36,36,25,2535139.36,0.1,2281625.42,po,45,
2025-06-15,Site Surabaya,Medisindo,SYR3-MED,Syringe 3 mL luer lock (Medisindo),Syringe 3 mL,box of 100,100,97,172981.8,0.1,155683.62,po,45,
2025-06-15,Site Surabaya,Global Diagnostika,TNI-GLO,Troponin I reagent (Global),Troponin I reagent,kit of 100 tests,100,10,10973886.17,0.15,9327803.24,po,45,
2025-06-15,Site Tangerang,Medisindo,CEF1G-MED,Ceftriaxone 1 g injection (Medisindo),Ceftriaxone 1 g inj,box of 10 vials,10,358,170451.43,0.12,149997.26,po,30,
2025-06-15,Site Tangerang,Surgika Utama,DES-SUR,Drug-eluting coronary stent (Surgika),Drug-eluting stent,each,1,16,14298858.69,0.1,12868972.82,po,30,
2025-06-15,Site Tangerang,Nusantara Farma,GLV-M-NUS,Nitrile exam gloves M (Nusantara),Nitrile gloves M,box of 100,100,353,97144.68,0.1,87430.21,po,60,
2025-06-15,Site Tangerang,Prima Alkes,HBA1C-PRI,HbA1c reagent (Prima),HbA1c reagent,kit of 100 tests,100,15,5305535.73,0.08,4881092.87,po,60,
2025-06-15,Site Tangerang,Sehat Medika,IVC22-SEH,IV cannula 22G (Sehat),IV cannula 22G,box of 100,100,24,1112002.1,0.08,1023041.93,po,60,
2025-06-15,Site Tangerang,Prima Alkes,PCT1G-PRI,Paracetamol 1 g infusion (Prima),Paracetamol 1 g infusion,box of 12 bottles,12,220,368663.86,0.08,339170.75,po,60,
2025-06-15,Site Tangerang,Medisindo,SUT20-MED,Absorbable suture 2-0 (Medisindo),Absorbable suture 2-0,box of 36,36,19,2641078.43,0.12,2324149.02,po,30,
2025-06-15,Site Tangerang,Global Diagnostika,SYR3-GLO,Syringe 3 mL luer lock (Global),Syringe 3 mL,each,1,9294,2171.72,0.2,1737.38,po,30,
2025-06-15,Site Tangerang,Sehat Medika,TNI-SEH,Troponin I reagent (Sehat),Troponin I reagent,kit of 200 tests,200,5,22070508.89,0.08,20304868.18,po,60,
2025-07-01,Site Jakarta South,Sehat Medika,HBA1C-SEH,HbA1c reagent (Sehat),HbA1c reagent,kit of 50 tests,50,437,2648874.22,0.2,2119099.38,contract,30,2026-06-30
2025-07-01,Site Makassar,Medisindo,CEF1G-MED,Ceftriaxone 1 g injection (Medisindo),Ceftriaxone 1 g inj,box of 10 vials,10,2520,178762.79,0.1,160886.51,contract,45,2026-06-30
2025-07-01,Site Tangerang,Medisindo,SUT20-MED,Absorbable suture 2-0 (Medisindo),Absorbable suture 2-0,box of 36,36,257,2689623.13,0.12,2366868.35,contract,30,2026-06-30
2025-07-01,Site Tangerang,Global Diagnostika,SYR3-GLO,Syringe 3 mL luer lock (Global),Syringe 3 mL,each,1,118800,2131.03,0.2,1704.82,contract,30,2026-06-30
2025-07-15,Site Jakarta South,Prima Alkes,CEF1G-NUS,Ceftriaxone 1 g injection (Nusantara),Ceftriaxone 1 g inj,vial,1,4885,19472.46,0.15,16551.59,po,60,
2025-07-15,Site Jakarta South,Surgika Utama,DES-SUR,Drug-eluting coronary stent (Surgika),Drug-eluting stent,each,1,18,15588760.15,0.2,12471008.12,po,45,
2025-07-15,Site Jakarta South,Medisindo,GLV-M-MED,Nitrile exam gloves M (Medisindo),Nitrile gloves M,box of 200,200,200,182940.39,0.12,160987.54,po,45,
2025-07-15,Site Jakarta South,Sehat Medika,HBA1C-SEH,HbA1c reagent (Sehat),HbA1c reagent,kit of 50 tests,50,35,2629094.19,0.2,2103275.35,po,30,
2025-07-15,Site Jakarta South,Medisindo,IVC22-MED,IV cannula 22G (Medisindo),IV cannula 22G,each,1,2878,12748.24,0.12,11218.45,po,45,
2025-07-15,Site Jakarta South,Prima Alkes,PCT1G-PRI,Paracetamol 1 g infusion (Prima),Paracetamol 1 g infusion,box of 12 bottles,12,248,400387.04,0.15,340328.98,po,60,
2025-07-15,Site Jakarta South,Surgika Utama,SUT20-SUR,Absorbable suture 2-0 (Surgika),Absorbable suture 2-0,box of 12,12,69,1018134.43,0.2,814507.54,po,45,
2025-07-15,Site Jakarta South,Prima Alkes,SYR3-PRI,Syringe 3 mL luer lock (Prima),Syringe 3 mL,box of 50,50,225,89857.3,0.15,76378.71,po,60,
2025-07-15,Site Jakarta South,Global Diagnostika,TNI-GLO,Troponin I reagent (Global),Troponin I reagent,kit of 100 tests,100,11,10147955.76,0.08,9336119.3,po,60,
2025-07-15,Site Jakarta West,Sehat Medika,CEF1G-SEH,Ceftriaxone 1 g injection (Sehat),Ceftriaxone 1 g inj,box of 100 vials,100,61,1971520.81,0.15,1675792.69,po,30,
2025-07-15,Site Jakarta West,Surgika Utama,DES-SUR,Drug-eluting coronary stent (Surgika),Drug-eluting stent,each,1,20,13767325.95,0.1,12390593.36,po,45,
2025-07-15,Site Jakarta West,Medisindo,GLV-M-MED,Nitrile exam gloves M (Medisindo),Nitrile gloves M,box of 200,200,243,184045.96,0.15,156439.07,po,45,
2025-07-15,Site Jakarta West,Sehat Medika,HBA1C-SEH,HbA1c reagent (Sehat),HbA1c reagent,kit of 50 tests,50,41,2458412.61,0.15,2089650.72,po,30,
2025-07-15,Site Jakarta West,Sehat Medika,IVC22-SEH,IV cannula 22G (Sehat),IV cannula 22G,box of 100,100,35,1141979.16,0.15,970682.29,po,30,
2025-07-15,Site Jakarta West,Nusantara Farma,PCT1G-NUS,Paracetamol 1 g infusion (Nusantara),Paracetamol 1 g infusion,bottle,1,4212,32800.9,0.1,29520.81,po,60,
2025-07-15,Site Jakarta West,Medisindo,SUT20-MED,Absorbable suture 2-0 (Medisindo),Absorbable suture 2-0,box of 36,36,35,2668980.82,0.15,2268633.7,po,45,
2025-07-15,Site Jakarta West,Global Diagnostika,SYR3-GLO,Syringe 3 mL luer lock (Global),Syringe 3 mL,each,1,15575,1805.53,0.1,1624.98,po,30,
2025-07-15,Site Jakarta West,Sehat Medika,TNI-SEH,Troponin I reagent (Sehat),Troponin I reagent,kit of 200 tests,200,8,22783861.88,0.15,19366282.6,po,30,
2025-07-15,Site Makassar,Medisindo,CEF1G-MED,Ceftriaxone 1 g injection (Medisindo),Ceftriaxone 1 g inj,box of 10 vials,10,231,177704.3,0.1,159933.87,po,45,
2025-07-15,Site Makassar,Surgika Utama,DES-SUR,Drug-eluting coronary stent (Surgika),Drug-eluting stent,each,1,7,17476659.11,0.2,13981327.29,po,60,
2025-07-15,Site Makassar,Medisindo,GLV-M-MED,Nitrile exam gloves M (Medisindo),Nitrile gloves M,box of 200,200,96,194278.15,0.1,174850.33,po,45,
2025-07-15,Site Makassar,Prima Alkes,HBA1C-PRI,HbA1c reagent (Prima),HbA1c reagent,kit of 100 tests,100,8,6601219.82,0.2,5280975.86,po,30,
2025-07-15,Site Makassar,Prima Alkes,IVC22-PRI,IV cannula 22G (Prima),IV cannula 22G,box of 50,50,25,734423.48,0.2,587538.78,po,30,
2025-07-15,Site Makassar,Nusantara Farma,PCT1G-NUS,Paracetamol 1 g infusion (Nusantara),Paracetamol 1 g infusion,bottle,1,1438,39292.67,0.15,33398.77,po,30,
2025-07-15,Site Makassar,Medisindo,SUT20-MED,Absorbable suture 2-0 (Medisindo),Absorbable suture 2-0,box of 36,36,12,2814192.27,0.1,2532773.04,po,45,
2025-07-15,Site Makassar,Prima Alkes,SYR3-PRI,Syringe 3 mL luer lock (Prima),Syringe 3 mL,box of 50,50,105,102742.25,0.2,82193.8,po,30,
2025-07-15,Site Makassar,Sehat Medika,TNI-SEH,Troponin I reagent (Sehat),Troponin I reagent,kit of 200 tests,200,3,24604625.92,0.12,21652070.81,po,30,
2025-07-15,Site Medan,Sehat Medika,CEF1G-SEH,Ceftriaxone 1 g injection (Sehat),Ceftriaxone 1 g inj,box of 100 vials,100,30,2113953.72,0.15,1796860.66,po,45,
2025-07-15,Site Medan,Surgika Utama,DES-SUR,Drug-eluting coronary stent (Surgika),Drug-eluting stent,each,1,11,14807458.3,0.12,13030563.3,po,60,
2025-07-15,Site Medan,Nusantara Farma,GLV-M-NUS,Nitrile exam gloves M (Nusantara),Nitrile gloves M,box of 100,100,264,92869.95,0.05,88226.45,po,45,
2025-07-15,Site Medan,Global Diagnostika,HBA1C-GLO,HbA1c reagent (Global),HbA1c reagent,kit of 100 tests,100,11,4931209.06,0.05,4684648.61,po,60,
2025-07-15,Site Medan,Medisindo,IVC22-MED,IV cannula 22G (Medisindo),IV cannula 22G,each,1,1745,13826.55,0.15,11752.57,po,45,
2025-07-15,Site Medan,Nusantara Farma,PCT1G-NUS,Paracetamol 1 g infusion (Nusantara),Paracetamol 1 g infusion,bottle,1,2125,33806.0,0.05,32115.7,po,45,
2025-07-15,Site Medan,Medisindo,SUT20-MED,Absorbable suture 2-0 (Medisindo),Absorbable suture 2-0,box of 36,36,14,2798496.98,0.15,2378722.43,po,45,
2025-07-15,Site Medan,Medisindo,SYR3-MED,Syringe 3 mL luer lock (Medisindo),Syringe 3 mL,box of 100,100,67,193898.26,0.15,164813.52,po,45,
2025-07-15,Site Medan,Sehat Medika,TNI-SEH,Troponin I reagent (Sehat),Troponin I reagent,kit of 200 tests,200,3,24452762.48,0.15,20784848.11,po,45,
2025-07-15,Site Surabaya,Sehat Medika,CEF1G-SEH,Ceftriaxone 1 g injection (Sehat),Ceftriaxone 1 g inj,box of 100 vials,100,44,1863275.98,0.1,1676948.38,po,60,
2025-07-15,Site Surabaya,Surgika Utama,DES-SUR,Drug-eluting coronary stent (Surgika),Drug-eluting stent,each,1,17,13495418.29,0.08,12415784.83,po,45,
2025-07-15,Site Surabaya,Medisindo,GLV-M-MED,Nitrile exam gloves M (Medisindo),Nitrile gloves M,box of 200,200,180,177776.99,0.1,159999.29,po,45,
2025-07-15,Site Surabaya,Sehat Medika,HBA1C-SEH,HbA1c reagent (Sehat),HbA1c reagent,kit of 50 tests,50,37,2368201.57,0.1,2131381.41,po,60,
2025-07-15,Site Surabaya,Prima Alkes,IVC22-PRI,IV cannula 22G (Prima),IV cannula 22G,box of 50,50,59,579985.44,0.08,533586.6,po,30,
2025-07-15,Site Surabaya,Nusantara Farma,PCT1G-NUS,Paracetamol 1 g infusion (Nusantara),Paracetamol 1 g infusion,bottle,1,3321,32067.4,0.05,30464.03,po,45,
2025-07-15,Site Surabaya,Medisindo,SUT20-MED,Absorbable suture 2-0 (Medisindo),Absorbable suture 2-0,box of 36,36,21,2543951.24,0.1,2289556.12,po,45,
2025-07-15,Site Surabaya,Medisindo,SYR3-MED,Syringe 3 mL luer lock (Medisindo),Syringe 3 mL,box of 100,100,117,174838.26,0.1,157354.43,po,45,
2025-07-15,Site Surabaya,Global Diagnostika,TNI-GLO,Troponin I reagent (Global),Troponin I reagent,kit of 100 tests,100,10,10940612.9,0.15,9299520.96,po,45,
2025-07-15,Site Tangerang,Medisindo,CEF1G-MED,Ceftriaxone 1 g injection (Medisindo),Ceftriaxone 1 g inj,box of 10 vials,10,363,169226.01,0.12,148918.89,po,30,
2025-07-15,Site Tangerang,Surgika Utama,DES-SUR,Drug-eluting coronary stent (Surgika),Drug-eluting stent,each,1,17,14298313.26,0.1,12868481.93,po,30,
2025-07-15,Site Tangerang,Nusantara Farma,GLV-M-NUS,Nitrile exam gloves M (Nusantara),Nitrile gloves M,box of 100,100,339,96956.15,0.1,87260.54,po,60,
2025-07-15,Site Tangerang,Prima Alkes,HBA1C-PRI,HbA1c reagent (Prima),HbA1c reagent,kit of 100 tests,100,14,5383722.6,0.08,4953024.79,po,60,
2025-07-15,Site Tangerang,Sehat Medika,IVC22-SEH,IV cannula 22G (Sehat),IV cannula 22G,box of 100,100,23,1110615.58,0.08,1021766.33,po,60,
2025-07-15,Site Tangerang,Prima Alkes,PCT1G-PRI,Paracetamol 1 g infusion (Prima),Paracetamol 1 g infusion,box of 12 bottles,12,232,373704.57,0.08,343808.2,po,60,
2025-07-15,Site Tangerang,Medisindo,SUT20-MED,Absorbable suture 2-0 (Medisindo),Absorbable suture 2-0,box of 36,36,20,2696161.84,0.12,2372622.42,po,30,
2025-07-15,Site Tangerang,Global Diagnostika,SYR3-GLO,Syringe 3 mL luer lock (Global),Syringe 3 mL,each,1,9952,2127.91,0.2,1702.33,po,30,
2025-07-15,Site Tangerang,Sehat Medika,TNI-SEH,Troponin I reagent (Sehat),Troponin I reagent,kit of 200 tests,200,4,22082611.86,0.08,20316002.91,po,60,
2025-08-01,Site Makassar,Medisindo,GLV-M-MED,Nitrile exam gloves M (Medisindo),Nitrile gloves M,box of 200,200,1080,197990.46,0.1,178191.41,contract,45,2026-07-31
2025-08-01,Site Tangerang,Nusantara Farma,GLV-M-NUS,Nitrile exam gloves M (Nusantara),Nitrile gloves M,box of 100,100,3960,98088.54,0.1,88279.69,contract,60,2026-07-31
2025-08-15,Site Jakarta South,Prima Alkes,CEF1G-NUS,Ceftriaxone 1 g injection (Nusantara),Ceftriaxone 1 g inj,vial,1,4763,19111.89,0.15,16245.11,po,60,
2025-08-15,Site Jakarta South,Surgika Utama,DES-SUR,Drug-eluting coronary stent (Surgika),Drug-eluting stent,each,1,18,15758915.67,0.2,12607132.54,po,45,
2025-08-15,Site Jakarta South,Medisindo,GLV-M-MED,Nitrile exam gloves M (Medisindo),Nitrile gloves M,box of 200,200,179,183137.28,0.12,161160.81,po,45,
2025-08-15,Site Jakarta South,Sehat Medika,HBA1C-SEH,HbA1c reagent (Sehat),HbA1c reagent,kit of 50 tests,50,36,2681196.95,0.2,2144957.56,po,30,
2025-08-15,Site Jakarta South,Medisindo,IVC22-MED,IV cannula 22G (Medisindo),IV cannula 22G,each,1,2709,12730.71,0.12,11203.02,po,45,
2025-08-15,Site Jakarta South,Prima Alkes,PCT1G-PRI,Paracetamol 1 g infusion (Prima),Paracetamol 1 g infusion,box of 12 bottles,12,282,399015.57,0.15,339163.23,po,60,
2025-08-15,Site Jakarta South,Surgika Utama,SUT20-SUR,Absorbable suture 2-0 (Surgika),Absorbable suture 2-0,box of 12,12,78,1026651.95,0.2,821321.56,po,45,
2025-08-15,Site Jakarta South,Prima Alkes,SYR3-PRI,Syringe 3 mL luer lock (Prima),Syringe 3 mL,box of 50,50,259,89354.52,0.15,75951.34,po,60,
2025-08-15,Site Jakarta South,Global Diagnostika,TNI-GLO,Troponin I reagent (Global),Troponin I reagent,kit of 100 tests,100,10,10204331.94,0.08,9387985.38,po,60,
2025-08-15,Site Jakarta West,Sehat Medika,CEF1G-SEH,Ceftriaxone 1 g injection (Sehat),Ceftriaxone 1 g inj,box of 100 vials,100,61,1952545.62,0.15,1659663.78,po,30,
2025-08-15,Site Jakarta West,Surgika Utama,DES-SUR,Drug-eluting coronary stent (Surgika),Drug-eluting stent,each,1,25,13649672.53,0.1,12284705.28,po,45,
2025-08-15,Site Jakarta West,Medisindo,GLV-M-MED,Nitrile exam gloves M (Medisindo),Nitrile gloves M,box of 200,200,256,185849.5,0.15,157972.07,po,45,
2025-08-15,Site Jakarta West,Sehat Medika,HBA1C-SEH,HbA1c reagent (Sehat),HbA1c reagent,kit of 50 tests,50,47,2449879.11,0.15,2082397.24,po,30,
2025-08-15,Site Jakarta West,Sehat Medika,IVC22-SEH,IV cannula 22G (Sehat),IV cannula 22G,box of 100,100,37,1161157.81,0.15,986984.14,po,30,
2025-08-15,Site Jakarta West,Nusantara Farma,PCT1G-NUS,Paracetamol 1 g infusion (Nusantara),Paracetamol 1 g infusion,bottle,1,4150,33042.09,0.1,29737.88,po,60,
2025-08-15,Site Jakarta West,Medisindo,SUT20-MED,Absorbable suture 2-0 (Medisindo),Absorbable suture 2-0,box of 36,36,29,2627925.69,0.15,2233736.84,po,45,
2025-08-15,Site Jakarta West,Global Diagnostika,SYR3-GLO,Syringe 3 mL luer lock (Global),Syringe 3 mL,each,1,15469,1829.42,0.1,1646.48,po,30,
2025-08-15,Site Jakarta West,Sehat Medika,TNI-SEH,Troponin I reagent (Sehat),Troponin I reagent,kit of 200 tests,200,6,22989085.23,0.15,19540722.45,po,30,
2025-08-15,Site Makassar,Medisindo,CEF1G-MED,Ceftriaxone 1 g injection (Medisindo),Ceftriaxone 1 g inj,box of 10 vials,10,213,176529.61,0.1,158876.65,po,45,
2025-08-15,Site Makassar,Surgika Utama,DES-SUR,Drug-eluting coronary stent (Surgika),Drug-eluting stent,each,1,8,17219848.79,0.2,13775879.03,po,60,
2025-08-15,Site Makassar,Medisindo,GLV-M-MED,Nitrile exam gloves M (Medisindo),Nitrile gloves M,box of 200,200,98,198289.75,0.1,178460.77,po,45,
2025-08-15,Site Makassar,Prima Alkes,HBA1C-PRI,HbA1c reagent (Prima),HbA1c reagent,kit of 100 tests,100,8,6581407.85,0.2,5265126.28,po,30,
2025-08-15,Site Makassar,Prima Alkes,IVC22-PRI,IV cannula 22G (Prima),IV cannula 22G,box of 50,50,29,743207.76,0.2,594566.21,po,30,
2025-08-15,Site Makassar,Nusantara Farma,PCT1G-NUS,Paracetamol 1 g infusion (Nusantara),Paracetamol 1 g infusion,bottle,1,1631,39772.92,0.15,33806.98,po,30,
2025-08-15,Site Makassar,Medisindo,SUT20-MED,Absorbable suture 2-0 (Medisindo),Absorbable suture 2-0,box of 36,36,13,2856992.51,0.1,2571293.26,po,45,
2025-08-15,Site Makassar,Prima Alkes,SYR3-PRI,Syringe 3 mL luer lock (Prima),Syringe 3 mL,box of 50,50,107,103827.93,0.2,83062.34,po,30,
2025-08-15,Site Makassar,Sehat Medika,TNI-SEH,Troponin I reagent (Sehat),Troponin I reagent,kit of 200 tests,200,3,24709625.34,0.12,21744470.3,po,30,
2025-08-15,Site Medan,Sehat Medika,CEF1G-SEH,Ceftriaxone 1 g injection (Sehat),Ceftriaxone 1 g inj,box of 100 vials,100,28,2091099.76,0.15,1777434.8,po,45,
2025-08-15,Site Medan,Surgika Utama,DES-SUR,Drug-eluting coronary stent (Surgika),Drug-eluting stent,each,1,12,14912467.91,0.12,13122971.76,po,60,
2025-08-15,Site Medan,Nusantara Farma,GLV-M-NUS,Nitrile exam gloves M (Nusantara),Nitrile gloves M,box of 100,100,225,94194.12,0.05,89484.41,po,45,
2025-08-15,Site Medan,Global Diagnostika,HBA1C-GLO,HbA1c reagent (Global),HbA1c reagent,kit of 100 tests,100,12,4944748.68,0.05,4697511.25,po,60,
2025-08-15,Site Medan,Medisindo,IVC22-MED,IV cannula 22G (Medisindo),IV cannula 22G,each,1,1887,13967.28,0.15,11872.19,po,45,
2025-08-15,Site Medan,Nusantara Farma,PCT1G-NUS,Paracetamol 1 g infusion (Nusantara),Paracetamol 1 g infusion,bottle,1,2298,33600.23,0.05,31920.22,po,45,
2025-08-15,Site Medan,Medisindo,SUT20-MED,Absorbable suture 2-0 (Medisindo),Absorbable suture 2-0,box of 36,36,14,2810356.75,0.15,2388803.24,po,45,
2025-08-15,Site Medan,Medisindo,SYR3-MED,Syringe 3 mL luer lock (Medisindo),Syringe 3 mL,box of 100,100,80,195260.62,0.15,165971.53,po,45,
2025-08-15,Site Medan,Sehat Medika,TNI-SEH,Troponin I reagent (Sehat),Troponin I reagent,kit of 200 tests,200,3,24179267.95,0.15,20552377.76,po,45,
2025-08-15,Site Surabaya,Sehat Medika,CEF1G-SEH,Ceftriaxone 1 g injection (Sehat),Ceftriaxone 1 g inj,box of 100 vials,100,39,1890877.3,0.1,1701789.57,po,60,
2025-08-15,Site Surabaya,Surgika Utama,DES-SUR,Drug-eluting coronary stent (Surgika),Drug-eluting stent,each,1,18,13638714.97,0.08,12547617.77,po,45,
2025-08-15,Site Surabaya,Medisindo,GLV-M-MED,Nitrile exam gloves M (Medisindo),Nitrile gloves M,box of 200,200,175,178417.74,0.1,160575.97,po,45,
2025-08-15,Site Surabaya,Sehat Medika,HBA1C-SEH,HbA1c reagent (Sehat),HbA1c reagent,kit of 50 tests,50,30,2351633.57,0.1,2116470.21,po,60,
2025-08-15,Site Surabaya,Prima Alkes,IVC22-PRI,IV cannula 22G (Prima),IV cannula 22G,box of 50,50,53,584761.39,0.08,537980.48,po,30,
2025-08-15,Site Surabaya,Nusantara Farma,PCT1G-NUS,Paracetamol 1 g infusion (Nusantara),Paracetamol 1 g infusion,bottle,1,3401,32437.82,0.05,30815.93,po,45,
2025-08-15,Site Surabaya,Medisindo,SUT20-MED,Absorbable suture 2-0 (Medisindo),Absorbable suture 2-0,box of 36,36,22,2565682.77,0.1,2309114.49,po,45,
2025-08-15,Site Surabaya,Medisindo,SYR3-MED,Syringe 3 mL luer lock (Medisindo),Syringe 3 mL,box of 100,100,113,174889.62,0.1,157400.66,po,45,
2025-08-15,Site Surabaya,Global Diagnostika,TNI-GLO,Troponin I reagent (Global),Troponin I reagent,kit of 100 tests,100,10,11105278.68,0.15,9439486.88,po,45,
2025-08-15,Site Tangerang,Medisindo,CEF1G-MED,Ceftriaxone 1 g injection (Medisindo),Ceftriaxone 1 g inj,box of 10 vials,10,404,169641.66,0.12,149284.66,po,30,
2025-08-15,Site Tangerang,Surgika Utama,DES-SUR,Drug-eluting coronary stent (Surgika),Drug-eluting stent,each,1,15,14336437.73,0.1,12902793.96,po,30,
2025-08-15,Site Tangerang,Nusantara Farma,GLV-M-NUS,Nitrile exam gloves M (Nusantara),Nitrile gloves M,box of 100,100,366,97821.56,0.1,88039.4,po,60,
2025-08-15,Site Tangerang,Prima Alkes,HBA1C-PRI,HbA1c reagent (Prima),HbA1c reagent,kit of 100 tests,100,17,5398919.81,0.08,4967006.23,po,60,
2025-08-15,Site Tangerang,Sehat Medika,IVC22-SEH,IV cannula 22G (Sehat),IV cannula 22G,box of 100,100,25,1125988.17,0.08,1035909.12,po,60,
2025-08-15,Site Tangerang,Prima Alkes,PCT1G-PRI,Paracetamol 1 g infusion (Prima),Paracetamol 1 g infusion,box of 12 bottles,12,219,370468.41,0.08,340830.94,po,60,
2025-08-15,Site Tangerang,Medisindo,SUT20-MED,Absorbable suture 2-0 (Medisindo),Absorbable suture 2-0,box of 36,36,20,2668251.53,0.12,2348061.35,po,30,
2025-08-15,Site Tangerang,Global Diagnostika,SYR3-GLO,Syringe 3 mL luer lock (Global),Syringe 3 mL,each,1,9233,2183.86,0.2,1747.09,po,30,
2025-08-15,Site Tangerang,Sehat Medika,TNI-SEH,Troponin I reagent (Sehat),Troponin I reagent,kit of 200 tests,200,5,22027798.25,0.08,20265574.39,po,60,
2025-09-01,Site Jakarta West,Surgika Utama,DES-SUR,Drug-eluting coronary stent (Surgika),Drug-eluting stent,each,1,269,13736097.03,0.1,12362487.33,contract,45,2026-08-31
2025-09-01,Site Jakarta West,Sehat Medika,IVC22-SEH,IV cannula 22G (Sehat),IV cannula 22G,box of 100,100,422,1146323.83,0.15,974375.26,contract,30,2026-08-31
2025-09-01,Site Makassar,Prima Alkes,HBA1C-PRI,HbA1c reagent (Prima),HbA1c reagent,kit of 100 tests,100,101,6678509.91,0.2,5342807.93,contract,30,2026-08-31
2025-09-15,Site Jakarta South,Prima Alkes,CEF1G-NUS,Ceftriaxone 1 g injection (Nusantara),Ceftriaxone 1 g inj,vial,1,4337,19414.16,0.15,16502.04,po,60,
2025-09-15,Site Jakarta South,Surgika Utama,DES-SUR,Drug-eluting coronary stent (Surgika),Drug-eluting stent,each,1,19,15806303.96,0.2,12645043.17,po,45,
2025-09-15,Site Jakarta South,Medisindo,GLV-M-MED,Nitrile exam gloves M (Medisindo),Nitrile gloves M,box of 200,200,199,184525.2,0.12,162382.18,po,45,
2025-09-15,Site Jakarta South,Sehat Medika,HBA1C-SEH,HbA1c reagent (Sehat),HbA1c reagent,kit of 50 tests,50,38,2667853.71,0.2,2134282.97,po,30,
2025-09-15,Site Jakarta South,Medisindo,IVC22-MED,IV cannula 22G (Medisindo),IV cannula 22G,each,1,2542,13020.18,0.12,11457.76,po,45,
2025-09-15,Site Jakarta South,Prima Alkes,PCT1G-PRI,Paracetamol 1 g infusion (Prima),Paracetamol 1 g infusion,box of 12 bottles,12,286,397442.74,0.15,337826.33,po,60,
2025-09-15,Site Jakarta South,Surgika Utama,SUT20-SUR,Absorbable suture 2-0 (Surgika),Absorbable suture 2-0,box of 12,12,78,1032644.9,0.2,826115.92,po,45,
2025-09-15,Site Jakarta South,Prima Alkes,SYR3-PRI,Syringe 3 mL luer lock (Prima),Syringe 3 mL,box of 50,50,244,89161.77,0.15,75787.5,po,60,
2025-09-15,Site Jakarta South,Global Diagnostika,TNI-GLO,Troponin I reagent (Global),Troponin I reagent,kit of 100 tests,100,12,10351083.65,0.08,9522996.96,po,60,
2025-09-15,Site Jakarta West,Sehat Medika,CEF1G-SEH,Ceftriaxone 1 g injection (Sehat),Ceftriaxone 1 g inj,box of 100 vials,100,62,1953852.47,0.15,1660774.6,po,30,
2025-09-15,Site Jakarta West,Surgika Utama,DES-SUR,Drug-eluting coronary stent (Surgika),Drug-eluting stent,each,1,20,13531426.79,0.1,12178284.11,po,45,
2025-09-15,Site Jakarta West,Medisindo,GLV-M-MED,Nitrile exam gloves M (Medisindo),Nitrile gloves M,box of 200,200,252,184856.0,0.15,157127.6,po,45,
2025-09-15,Site Jakarta West,Sehat Medika,HBA1C-SEH,HbA1c reagent (Sehat),HbA1c reagent,kit of 50 tests,50,49,2433516.94,0.15,2068489.4,po,30,
2025-09-15,Site Jakarta West,Sehat Medika,IVC22-SEH,IV cannula 22G (Sehat),IV cannula 22G,box of 100,100,37,1157622.09,0.15,983978.78,po,30,
2025-09-15,Site Jakarta West,Nusantara Farma,PCT1G-NUS,Paracetamol 1 g infusion (Nusantara),Paracetamol 1 g infusion,bottle,1,3749,33378.2,0.1,30040.38,po,60,
2025-09-15,Site Jakarta West,Medisindo,SUT20-MED,Absorbable suture 2-0 (Medisindo),Absorbable suture 2-0,box of 36,36,32,2628393.38,0.15,2234134.37,po,45,
2025-09-15,Site Jakarta West,Global Diagnostika,SYR3-GLO,Syringe 3 mL luer lock (Global),Syringe 3 mL,each,1,13708,1842.86,0.1,1658.57,po,30,
2025-09-15,Site Jakarta West,Sehat Medika,TNI-SEH,Troponin I reagent (Sehat),Troponin I reagent,kit of 200 tests,200,7,23076588.75,0.15,19615100.44,po,30,
2025-09-15,Site Makassar,Medisindo,CEF1G-MED,Ceftriaxone 1 g injection (Medisindo),Ceftriaxone 1 g inj,box of 10 vials,10,194,179622.74,0.1,161660.47,po,45,
2025-09-15,Site Makassar,Surgika Utama,DES-SUR,Drug-eluting coronary stent (Surgika),Drug-eluting stent,each,1,9,17366806.83,0.2,13893445.46,po,60,
2025-09-15,Site Makassar,Medisindo,GLV-M-MED,Nitrile exam gloves M (Medisindo),Nitrile gloves M,box of 200,200,90,196955.69,0.1,177260.12,po,45,
2025-09-15,Site Makassar,Prima Alkes,HBA1C-PRI,HbA1c reagent (Prima),HbA1c reagent,kit of 100 tests,100,8,6678234.46,0.2,5342587.57,po,30,
2025-09-15,Site Makassar,Prima Alkes,IVC22-PRI,IV cannula 22G (Prima),IV cannula 22G,box of 50,50,28,746988.2,0.2,597590.56,po,30,
2025-09-15,Site Makassar,Nusantara Farma,PCT1G-NUS,Paracetamol 1 g infusion (Nusantara),Paracetamol 1 g infusion,bottle,1,1480,39699.83,0.15,33744.86,po,30,
2025-09-15,Site Makassar,Medisindo,SUT20-MED,Absorbable suture 2-0 (Medisindo),Absorbable suture 2-0,box of 36,36,11,2803294.83,0.1,2522965.35,po,45,
2025-09-15,Site Makassar,Prima Alkes,SYR3-PRI,Syringe 3 mL luer lock (Prima),Syringe 3 mL,box of 50,50,114,103676.2,0.2,82940.96,po,30,
2025-09-15,Site Makassar,Sehat Medika,TNI-SEH,Troponin I reagent (Sehat),Troponin I reagent,kit of 200 tests,200,3,24884107.38,0.12,21898014.49,po,30,
2025-09-15,Site Medan,Sehat Medika,CEF1G-SEH,Ceftriaxone 1 g injection (Sehat),Ceftriaxone 1 g inj,box of 100 vials,100,29,2114374.68,0.15,1797218.48,po,45,
2025-09-15,Site Medan,Surgika Utama,DES-SUR,Drug-eluting coronary stent (Surgika),Drug-eluting stent,each,1,10,14808833.82,0.12,13031773.76,po,60,
2025-09-15,Site Medan,Nusantara Farma,GLV-M-NUS,Nitrile exam gloves M (Nusantara),Nitrile gloves M,box of 100,100,267,93987.28,0.05,89287.92,po,45,
2025-09-15,Site Medan,Global Diagnostika,HBA1C-GLO,HbA1c reagent (Global),HbA1c reagent,kit of 100 tests,100,10,4916563.85,0.05,4670735.66,po,60,
2025-09-15,Site Medan,Medisindo,IVC22-MED,IV cannula 22G (Medisindo),IV cannula 22G,each,1,1553,13787.74,0.15,11719.58,po,45,
2025-09-15,Site Medan,Nusantara Farma,PCT1G-NUS,Paracetamol 1 g infusion (Nusantara),Paracetamol 1 g infusion,bottle,1,1984,33463.12,0.05,31789.96,po,45,
2025-09-15,Site Medan,Medisindo,SUT20-MED,Absorbable suture 2-0 (Medisindo),Absorbable suture 2-0,box of 36,36,17,2862841.05,0.15,2433414.89,po,45,
2025-09-15,Site Medan,Medisindo,SYR3-MED,Syringe 3 mL luer lock (Medisindo),Syringe 3 mL,box of 100,100,73,196934.31,0.15,167394.16,po,45,
2025-09-15,Site Medan,Sehat Medika,TNI-SEH,Troponin I reagent (Sehat),Troponin I reagent,kit of 200 tests,200,4,24334617.87,0.15,20684425.19,po,45,
2025-09-15,Site Surabaya,Sehat Medika,CEF1G-SEH,Ceftriaxone 1 g injection (Sehat),Ceftriaxone 1 g inj,box of 100 vials,100,37,1878465.59,0.1,1690619.03,po,60,
2025-09-15,Site Surabaya,Surgika Utama,DES-SUR,Drug-eluting coronary stent (Surgika),Drug-eluting stent,each,1,17,13752163.23,0.08,12651990.17,po,45,
2025-09-15,Site Surabaya,Medisindo,GLV-M-MED,Nitrile exam gloves M (Medisindo),Nitrile gloves M,box of 200,200,181,178718.66,0.1,160846.79,po,45,
2025-09-15,Site Surabaya,Sehat Medika,HBA1C-SEH,HbA1c reagent (Sehat),HbA1c reagent,kit of 50 tests,50,36,2374148.05,0.1,2136733.25,po,60,
2025-09-15,Site Surabaya,Prima Alkes,IVC22-PRI,IV cannula 22G (Prima),IV cannula 22G,box of 50,50,52,587982.2,0.08,540943.62,po,30,
2025-09-15,Site Surabaya,Nusantara Farma,PCT1G-NUS,Paracetamol 1 g infusion (Nusantara),Paracetamol 1 g infusion,bottle,1,3163,32170.68,0.05,30562.15,po,45,
2025-09-15,Site Surabaya,Medisindo,SUT20-MED,Absorbable suture 2-0 (Medisindo),Absorbable suture 2-0,box of 36,36,24,2556982.76,0.1,2301284.48,po,45,
2025-09-15,Site Surabaya,Medisindo,SYR3-MED,Syringe 3 mL luer lock (Medisindo),Syringe 3 mL,box of 100,100,104,174538.99,0.1,157085.09,po,45,
2025-09-15,Site Surabaya,Global Diagnostika,TNI-GLO,Troponin I reagent (Global),Troponin I reagent,kit of 100 tests,100,10,11120262.02,0.15,9452222.72,po,45,
2025-09-15,Site Tangerang,Medisindo,CEF1G-MED,Ceftriaxone 1 g injection (Medisindo),Ceftriaxone 1 g inj,box of 10 vials,10,409,168963.38,0.12,148687.77,po,30,
2025-09-15,Site Tangerang,Surgika Utama,DES-SUR,Drug-eluting coronary stent (Surgika),Drug-eluting stent,each,1,15,14407729.05,0.1,12966956.15,po,30,
2025-09-15,Site Tangerang,Nusantara Farma,GLV-M-NUS,Nitrile exam gloves M (Nusantara),Nitrile gloves M,box of 100,100,340,97141.6,0.1,87427.44,po,60,
2025-09-15,Site Tangerang,Prima Alkes,HBA1C-PRI,HbA1c reagent (Prima),HbA1c reagent,kit of 100 tests,100,16,5342219.19,0.08,4914841.65,po,60,
2025-09-15,Site Tangerang,Sehat Medika,IVC22-SEH,IV cannula 22G (Sehat),IV cannula 22G,box of 100,100,22,1113683.87,0.08,1024589.16,po,60,
2025-09-15,Site Tangerang,Prima Alkes,PCT1G-PRI,Paracetamol 1 g infusion (Prima),Paracetamol 1 g infusion,box of 12 bottles,12,230,372268.5,0.08,342487.02,po,60,
2025-09-15,Site Tangerang,Medisindo,SUT20-MED,Absorbable suture 2-0 (Medisindo),Absorbable suture 2-0,box of 36,36,22,2676523.79,0.12,2355340.94,po,30,
2025-09-15,Site Tangerang,Global Diagnostika,SYR3-GLO,Syringe 3 mL luer lock (Global),Syringe 3 mL,each,1,8802,2176.96,0.2,1741.57,po,30,
2025-09-15,Site Tangerang,Sehat Medika,TNI-SEH,Troponin I reagent (Sehat),Troponin I reagent,kit of 200 tests,200,5,22506282.94,0.08,20705780.3,po,60,
2025-10-01,Site Jakarta South,Prima Alkes,CEF1G-NUS,Ceftriaxone 1 g injection (Nusantara),Ceftriaxone 1 g inj,vial,1,54600,19665.79,0.15,16715.92,contract,60,2026-09-30
2025-10-01,Site Jakarta West,Sehat Medika,HBA1C-SEH,HbA1c reagent (Sehat),HbA1c reagent,kit of 50 tests,50,538,2427639.48,0.15,2063493.56,contract,30,2026-09-30
2025-10-01,Site Medan,Global Diagnostika,HBA1C-GLO,HbA1c reagent (Global),HbA1c reagent,kit of 100 tests,100,134,4937071.74,0.05,4690218.15,contract,60,2026-09-30
2025-10-01,Site Medan,Sehat Medika,TNI-SEH,Troponin I reagent (Sehat),Troponin I reagent,kit of 200 tests,200,43,24474298.76,0.15,20803153.95,contract,45,2026-09-30
2025-10-01,Site Surabaya,Medisindo,GLV-M-MED,Nitrile exam gloves M (Medisindo),Nitrile gloves M,box of 200,200,2160,179055.16,0.1,161149.64,contract,45,2026-09-30
2025-10-01,Site Tangerang,Surgika Utama,DES-SUR,Drug-eluting coronary stent (Surgika),Drug-eluting stent,each,1,185,14468800.1,0.1,13021920.09,contract,30,2026-09-30
2025-10-15,Site Jakarta South,Prima Alkes,CEF1G-NUS,Ceftriaxone 1 g injection (Nusantara),Ceftriaxone 1 g inj,vial,1,4069,19210.1,0.15,16328.58,po,60,
2025-10-15,Site Jakarta South,Surgika Utama,DES-SUR,Drug-eluting coronary stent (Surgika),Drug-eluting stent,each,1,17,15845714.77,0.2,12676571.82,po,45,
2025-10-15,Site Jakarta South,Medisindo,GLV-M-MED,Nitrile exam gloves M (Medisindo),Nitrile gloves M,box of 200,200,187,183296.98,0.12,161301.34,po,45,
2025-10-15,Site Jakarta South,Sehat Medika,HBA1C-SEH,HbA1c reagent (Sehat),HbA1c reagent,kit of 50 tests,50,34,2691128.89,0.2,2152903.11,po,30,
2025-10-15,Site Jakarta South,Medisindo,IVC22-MED,IV cannula 22G (Medisindo),IV cannula 22G,each,1,3123,13039.48,0.12,11474.74,po,45,
2025-10-15,Site Jakarta South,Prima Alkes,PCT1G-PRI,Paracetamol 1 g infusion (Prima),Paracetamol 1 g infusion,box of 12 bottles,12,258,397800.29,0.15,338130.25,po,60,
2025-10-15,Site Jakarta South,Surgika Utama,SUT20-SUR,Absorbable suture 2-0 (Surgika),Absorbable suture 2-0,box of 12,12,79,1030220.39,0.2,824176.31,po,45,
2025-10-15,Site Jakarta South,Prima Alkes,SYR3-PRI,Syringe 3 mL luer lock (Prima),Syringe 3 mL,box of 50,50,228,88992.56,0.15,75643.68,po,60,
2025-10-15,Site Jakarta South,Global Diagnostika,TNI-GLO,Troponin I reagent (Global),Troponin I reagent,kit of 100 tests,100,11,10272364.26,0.08,9450575.12,po,60,
2025-10-15,Site Jakarta West,Sehat Medika,CEF1G-SEH,Ceftriaxone 1 g injection (Sehat),Ceftriaxone 1 g inj,box of 100 vials,100,62,1980251.7,0.15,1683213.94,po,30,
2025-10-15,Site Jakarta West,Surgika Utama,DES-SUR,Drug-eluting coronary stent (Surgika),Drug-eluting stent,each,1,23,13651251.28,0.1,12286126.15,po,45,
2025-10-15,Site Jakarta West,Medisindo,GLV-M-MED,Nitrile exam gloves M (Medisindo),Nitrile gloves M,box of 200,200,232,187793.08,0.15,159624.12,po,45,
2025-10-15,Site Jakarta West,Sehat Medika,HBA1C-SEH,HbA1c reagent (Sehat),HbA1c reagent,kit of 50 tests,50,49,2452111.91,0.15,2084295.12,po,30,
2025-10-15,Site Jakarta West,Sehat Medika,IVC22-SEH,IV cannula 22G (Sehat),IV cannula 22G,box of 100,100,34,1169363.31,0.15,993958.81,po,30,
2025-10-15,Site Jakarta West,Nusantara Farma,PCT1G-NUS,Paracetamol 1 g infusion (Nusantara),Paracetamol 1 g infusion,bottle,1,4387,33024.41,0.1,29721.97,po,60,
2025-10-15,Site Jakarta West,Medisindo,SUT20-MED,Absorbable suture 2-0 (Medisindo),Absorbable suture 2-0,box of 36,36,34,2663686.25,0.15,2264133.31,po,45,
2025-10-15,Site Jakarta West,Global Diagnostika,SYR3-GLO,Syringe 3 mL luer lock (Global),Syringe 3 mL,each,1,15416,1848.86,0.1,1663.97,po,30,
2025-10-15,Site Jakarta West,Sehat Medika,TNI-SEH,Troponin I reagent (Sehat),Troponin I reagent,kit of 200 tests,200,8,22963805.94,0.15,19519235.05,po,30,
2025-10-15,Site Makassar,Medisindo,CEF1G-MED,Ceftriaxone 1 g injection (Medisindo),Ceftriaxone 1 g inj,box of 10 vials,10,186,180092.07,0.1,162082.86,po,45,
2025-10-15,Site Makassar,Surgika Utama,DES-SUR,Drug-eluting coronary stent (Surgika),Drug-eluting stent,each,1,9,17432378.78,0.2,13945903.02,po,60,
2025-10-15,Site Makassar,Medisindo,GLV-M-MED,Nitrile exam gloves M (Medisindo),Nitrile gloves M,box of 200,200,84,196339.64,0.1,176705.68,po,45,
2025-10-15,Site Makassar,Prima Alkes,HBA1C-PRI,HbA1c reagent (Prima),HbA1c reagent,kit of 100 tests,100,9,6651637.35,0.2,5321309.88,po,30,
2025-10-15,Site Makassar,Prima Alkes,IVC22-PRI,IV cannula 22G (Prima),IV cannula 22G,box of 50,50,24,751409.47,0.2,601127.58,po,30,
2025-10-15,Site Makassar,Nusantara Farma,PCT1G-NUS,Paracetamol 1 g infusion (Nusantara),Paracetamol 1 g infusion,bottle,1,1478,39787.73,0.15,33819.57,po,30,
2025-10-15,Site Makassar,Medisindo,SUT20-MED,Absorbable suture 2-0 (Medisindo),Absorbable suture 2-0,box of 36,36,13,2857580.38,0.1,2571822.34,po,45,
2025-10-15,Site Makassar,Prima Alkes,SYR3-PRI,Syringe 3 mL luer lock (Prima),Syringe 3 mL,box of 50,50,109,105456.89,0.2,84365.51,po,30,
2025-10-15,Site Makassar,Sehat Medika,TNI-SEH,Troponin I reagent (Sehat),Troponin I reagent,kit of 200 tests,200,3,25237333.16,0.12,22208853.18,po,30,
2025-10-15,Site Medan,Sehat Medika,CEF1G-SEH,Ceftriaxone 1 g injection (Sehat),Ceftriaxone 1 g inj,box of 100 vials,100,27,2119454.02,0.15,1801535.92,po,45,
2025-10-15,Site Medan,Surgika Utama,DES-SUR,Drug-eluting coronary stent (Surgika),Drug-eluting stent,each,1,12,14853236.33,0.12,13070847.97,po,60,
2025-10-15,Site Medan,Nusantara Farma,GLV-M-NUS,Nitrile exam gloves M (Nusantara),Nitrile gloves M,box of 100,100,243,94017.12,0.05,89316.26,po,45,
2025-10-15,Site Medan,Global Diagnostika,HBA1C-GLO,HbA1c reagent (Global),HbA1c reagent,kit of 100 tests,100,12,4981362.39,0.05,4732294.27,po,60,
2025-10-15,Site Medan,Medisindo,IVC22-MED,IV cannula 22G (Medisindo),IV cannula 22G,each,1,1882,14085.13,0.15,11972.36,po,45,
2025-10-15,Site Medan,Nusantara Farma,PCT1G-NUS,Paracetamol 1 g infusion (Nusantara),Paracetamol 1 g infusion,bottle,1,1967,33794.5,0.05,32104.77,po,45,
2025-10-15,Site Medan,Medisindo,SUT20-MED,Absorbable suture 2-0 (Medisindo),Absorbable suture 2-0,box of 36,36,15,2844229.13,0.15,2417594.76,po,45,
2025-10-15,Site Medan,Medisindo,SYR3-MED,Syringe 3 mL luer lock (Medisindo),Syringe 3 mL,box of 100,100,80,196434.68,0.15,166969.48,po,45,
2025-10-15,Site Medan,Sehat Medika,TNI-SEH,Troponin I reagent (Sehat),Troponin I reagent,kit of 200 tests,200,3,24527527.75,0.15,20848398.59,po,45,
2025-10-15,Site Surabaya,Sehat Medika,CEF1G-SEH,Ceftriaxone 1 g injection (Sehat),Ceftriaxone 1 g inj,box of 100 vials,100,45,1888977.48,0.1,1700079.73,po,60,
2025-10-15,Site Surabaya,Surgika Utama,DES-SUR,Drug-eluting coronary stent (Surgika),Drug-eluting stent,each,1,15,13697574.48,0.08,12601768.52,po,45,
2025-10-15,Site Surabaya,Medisindo,GLV-M-MED,Nitrile exam gloves M (Medisindo),Nitrile gloves M,box of 200,200,179,177782.97,0.1,160004.67,po,45,
2025-10-15,Site Surabaya,Sehat Medika,HBA1C-SEH,HbA1c reagent (Sehat),HbA1c reagent,kit of 50 tests,50,35,2356592.92,0.1,2120933.63,po,60,
2025-10-15,Site Surabaya,Prima Alkes,IVC22-PRI,IV cannula 22G (Prima),IV cannula 22G,box of 50,50,52,586053.16,0.08,539168.91,po,30,
2025-10-15,Site Surabaya,Nusantara Farma,PCT1G-NUS,Paracetamol 1 g infusion (Nusantara),Paracetamol 1 g infusion,bottle,1,3164,32071.36,0.05,30467.79,po,45,
2025-10-15,Site Surabaya,Medisindo,SUT20-MED,Absorbable suture 2-0 (Medisindo),Absorbable suture 2-0,box of 36,36,22,2545772.1,0.1,2291194.89,po,45,
2025-10-15,Site Surabaya,Medisindo,SYR3-MED,Syringe 3 mL luer lock (Medisindo),Syringe 3 mL,box of 100,100,111,177193.72,0.1,159474.35,po,45,
2025-10-15,Site Surabaya,Global Diagnostika,TNI-GLO,Troponin I reagent (Global),Troponin I reagent,kit of 100 tests,100,10,11026845.48,0.15,9372818.66,po,45,
2025-10-15,Site Tangerang,Medisindo,CEF1G-MED,Ceftriaxone 1 g injection (Medisindo),Ceftriaxone 1 g inj,box of 10 vials,10,367,171949.55,0.12,151315.6,po,30,
2025-10-15,Site Tangerang,Surgika Utama,DES-SUR,Drug-eluting coronary stent (Surgika),Drug-eluting stent,each,1,16,14578075.55,0.1,13120268.0,po,30,
2025-10-15,Site Tangerang,Nusantara Farma,GLV-M-NUS,Nitrile exam gloves M (Nusantara),Nitrile gloves M,box of 100,100,293,98113.05,0.1,88301.75,po,60,
2025-10-15,Site Tangerang,Prima Alkes,HBA1C-PRI,HbA1c reagent (Prima),HbA1c reagent,kit of 100 tests,100,15,5369876.22,0.08,4940286.12,po,60,
2025-10-15,Site Tangerang,Sehat Medika,IVC22-SEH,IV cannula 22G (Sehat),IV cannula 22G,box of 100,100,22,1110435.5,0.08,1021600.66,po,60,
2025-10-15,Site Tangerang,Prima Alkes,PCT1G-PRI,Paracetamol 1 g infusion (Prima),Paracetamol 1 g infusion,box of 12 bottles,12,216,373069.31,0.08,343223.77,po,60,
2025-10-15,Site Tangerang,Medisindo,SUT20-MED,Absorbable suture 2-0 (Medisindo),Absorbable suture 2-0,box of 36,36,19,2707323.33,0.12,2382444.53,po,30,
2025-10-15,Site Tangerang,Global Diagnostika,SYR3-GLO,Syringe 3 mL luer lock (Global),Syringe 3 mL,each,1,10840,2192.22,0.2,1753.78,po,30,
2025-10-15,Site Tangerang,Sehat Medika,TNI-SEH,Troponin I reagent (Sehat),Troponin I reagent,kit of 200 tests,200,5,22110515.31,0.08,20341674.09,po,60,
2025-11-01,Site Makassar,Surgika Utama,DES-SUR,Drug-eluting coronary stent (Surgika),Drug-eluting stent,each,1,101,17506700.42,0.2,14005360.34,contract,60,2026-10-31
2025-11-01,Site Makassar,Medisindo,SUT20-MED,Absorbable suture 2-0 (Medisindo),Absorbable suture 2-0,box of 36,36,140,2843414.12,0.1,2559072.71,contract,45,2026-10-31
2025-11-01,Site Medan,Medisindo,IVC22-MED,IV cannula 22G (Medisindo),IV cannula 22G,each,1,21120,13899.11,0.15,11814.24,contract,45,2026-10-31
2025-11-01,Site Medan,Medisindo,SUT20-MED,Absorbable suture 2-0 (Medisindo),Absorbable suture 2-0,box of 36,36,187,2840922.64,0.15,2414784.24,contract,45,2026-10-31
2025-11-01,Site Surabaya,Medisindo,SYR3-MED,Syringe 3 mL luer lock (Medisindo),Syringe 3 mL,box of 100,100,1296,177381.45,0.1,159643.31,contract,45,2026-10-31
2025-11-15,Site Jakarta South,Prima Alkes,CEF1G-NUS,Ceftriaxone 1 g injection (Nusantara),Ceftriaxone 1 g inj,vial,1,4455,19435.57,0.15,16520.23,po,60,
2025-11-15,Site Jakarta South,Surgika Utama,DES-SUR,Drug-eluting coronary stent (Surgika),Drug-eluting stent,each,1,19,15901463.92,0.2,12721171.14,po,45,
2025-11-15,Site Jakarta South,Medisindo,GLV-M-MED,Nitrile exam gloves M (Medisindo),Nitrile gloves M,box of 200,200,180,186651.17,0.12,164253.03,po,45,
2025-11-15,Site Jakarta South,Sehat Medika,HBA1C-SEH,HbA1c reagent (Sehat),HbA1c reagent,kit of 50 tests,50,34,2700254.55,0.2,2160203.64,po,30,
2025-11-15,Site Jakarta South,Medisindo,IVC22-MED,IV cannula 22G (Medisindo),IV cannula 22G,each,1,3157,12849.38,0.12,11307.45,po,45,
2025-11-15,Site Jakarta South,Prima Alkes,PCT1G-PRI,Paracetamol 1 g infusion (Prima),Paracetamol 1 g infusion,box of 12 bottles,12,264,405847.85,0.15,344970.67,po,60,
2025-11-15,Site Jakarta South,Surgika Utama,SUT20-SUR,Absorbable suture 2-0 (Surgika),Absorbable suture 2-0,box of 12,12,74,1019750.36,0.2,815800.29,po,45,
2025-11-15,Site Jakarta South,Prima Alkes,SYR3-PRI,Syringe 3 mL luer lock (Prima),Syringe 3 mL,box of 50,50,229,90336.58,0.15,76786.09,po,60,
2025-11-15,Site Jakarta South,Global Diagnostika,TNI-GLO,Troponin I reagent (Global),Troponin I reagent,kit of 100 tests,100,11,10452062.08,0.08,9615897.11,po,60,
2025-11-15,Site Jakarta West,Sehat Medika,CEF1G-SEH,Ceftriaxone 1 g injection (Sehat),Ceftriaxone 1 g inj,box of 100 vials,100,61,1979824.35,0.15,1682850.7,po,30,
2025-11-15,Site Jakarta West,Surgika Utama,DES-SUR,Drug-eluting coronary stent (Surgika),Drug-eluting stent,each,1,23,13787946.59,0.1,12409151.93,po,45,
2025-11-15,Site Jakarta West,Medisindo,GLV-M-MED,Nitrile exam gloves M (Medisindo),Nitrile gloves M,box of 200,200,261,184722.28,0.15,157013.94,po,45,
2025-11-15,Site Jakarta West,Sehat Medika,HBA1C-SEH,HbA1c reagent (Sehat),HbA1c reagent,kit of 50 tests,50,44,2445279.21,0.15,2078487.33,po,30,
2025-11-15,Site Jakarta West,Sehat Medika,IVC22-SEH,IV cannula 22G (Sehat),IV cannula 22G,box of 100,100,36,1171878.38,0.15,996096.62,po,30,
2025-11-15,Site Jakarta West,Nusantara Farma,PCT1G-NUS,Paracetamol 1 g infusion (Nusantara),Paracetamol 1 g infusion,bottle,1,4583,33488.86,0.1,30139.97,po,60,
2025-11-15,Site Jakarta West,Medisindo,SUT20-MED,Absorbable suture 2-0 (Medisindo),Absorbable suture 2-0,box of 36,36,31,2695950.43,0.15,2291557.87,po,45,
2025-11-15,Site Jakarta West,Global Diagnostika,SYR3-GLO,Syringe 3 mL luer lock (Global),Syringe 3 mL,each,1,12841,1823.79,0.1,1641.41,po,30,
2025-11-15,Site Jakarta West,Sehat Medika,TNI-SEH,Troponin I reagent (Sehat),Troponin I reagent,kit of 200 tests,200,8,22910543.28,0.15,19473961.79,po,30,
2025-11-15,Site Makassar,Medisindo,CEF1G-MED,Ceftriaxone 1 g injection (Medisindo),Ceftriaxone 1 g inj,box of 10 vials,10,201,181041.04,0.1,162936.94,po,45,
2025-11-15,Site Makassar,Surgika Utama,DES-SUR,Drug-eluting coronary stent (Surgika),Drug-eluting stent,each,1,8,17554811.39,0.2,14043849.11,po,60,
2025-11-15,Site Makassar,Medisindo,GLV-M-MED,Nitrile exam gloves M (Medisindo),Nitrile gloves M,box of 200,200,82,199573.27,0.1,179615.94,po,45,
2025-11-15,Site Makassar,Prima Alkes,HBA1C-PRI,HbA1c reagent (Prima),HbA1c reagent,kit of 100 tests,100,9,6745151.88,0.2,5396121.5,po,30,
2025-11-15,Site Makassar,Prima Alkes,IVC22-PRI,IV cannula 22G (Prima),IV cannula 22G,box of 50,50,24,746172.48,0.2,596937.98,po,30,
2025-11-15,Site Makassar,Nusantara Farma,PCT1G-NUS,Paracetamol 1 g infusion (Nusantara),Paracetamol 1 g infusion,bottle,1,1705,39953.95,0.15,33960.86,po,30,
2025-11-15,Site Makassar,Medisindo,SUT20-MED,Absorbable suture 2-0 (Medisindo),Absorbable suture 2-0,box of 36,36,13,2839235.75,0.1,2555312.18,po,45,
2025-11-15,Site Makassar,Prima Alkes,SYR3-PRI,Syringe 3 mL luer lock (Prima),Syringe 3 mL,box of 50,50,119,105002.35,0.2,84001.88,po,30,
2025-11-15,Site Makassar,Sehat Medika,TNI-SEH,Troponin I reagent (Sehat),Troponin I reagent,kit of 200 tests,200,3,25338860.91,0.12,22298197.6,po,30,
2025-11-15,Site Medan,Sehat Medika,CEF1G-SEH,Ceftriaxone 1 g injection (Sehat),Ceftriaxone 1 g inj,box of 100 vials,100,29,2140788.03,0.15,1819669.83,po,45,
2025-11-15,Site Medan,Surgika Utama,DES-SUR,Drug-eluting coronary stent (Surgika),Drug-eluting stent,each,1,11,15210657.65,0.12,13385378.73,po,60,
2025-11-15,Site Medan,Nusantara Farma,GLV-M-NUS,Nitrile exam gloves M (Nusantara),Nitrile gloves M,box of 100,100,243,93566.33,0.05,88888.01,po,45,
2025-11-15,Site Medan,Global Diagnostika,HBA1C-GLO,HbA1c reagent (Global),HbA1c reagent,kit of 100 tests,100,12,4994182.28,0.05,4744473.17,po,60,
2025-11-15,Site Medan,Medisindo,IVC22-MED,IV cannula 22G (Medisindo),IV cannula 22G,each,1,1654,13866.12,0.15,11786.2,po,45,
2025-11-15,Site Medan,Nusantara Farma,PCT1G-NUS,Paracetamol 1 g infusion (Nusantara),Paracetamol 1 g infusion,bottle,1,2196,33767.54,0.05,32079.16,po,45,
2025-11-15,Site Medan,Medisindo,SUT20-MED,Absorbable suture 2-0 (Medisindo),Absorbable suture 2-0,box of 36,36,15,2838796.64,0.15,2412977.14,po,45,
2025-11-15,Site Medan,Medisindo,SYR3-MED,Syringe 3 mL luer lock (Medisindo),Syringe 3 mL,box of 100,100,76,197981.2,0.15,168284.02,po,45,
2025-11-15,Site Medan,Sehat Medika,TNI-SEH,Troponin I reagent (Sehat),Troponin I reagent,kit of 200 tests,200,4,24702005.66,0.15,20996704.81,po,45,
2025-11-15,Site Surabaya,Sehat Medika,CEF1G-SEH,Ceftriaxone 1 g injection (Sehat),Ceftriaxone 1 g inj,box of 100 vials,100,46,1925458.86,0.1,1732912.97,po,60,
2025-11-15,Site Surabaya,Surgika Utama,DES-SUR,Drug-eluting coronary stent (Surgika),Drug-eluting stent,each,1,19,13796226.78,0.08,12692528.64,po,45,
2025-11-15,Site Surabaya,Medisindo,GLV-M-MED,Nitrile exam gloves M (Medisindo),Nitrile gloves M,box of 200,200,161,181048.38,0.1,162943.54,po,45,
2025-11-15,Site Surabaya,Sehat Medika,HBA1C-SEH,HbA1c reagent (Sehat),HbA1c reagent,kit of 50 tests,50,31,2373891.09,0.1,2136501.98,po,60,
2025-11-15,Site Surabaya,Prima Alkes,IVC22-PRI,IV cannula 22G (Prima),IV cannula 22G,box of 50,50,59,580718.91,0.08,534261.4,po,30,
2025-11-15,Site Surabaya,Nusantara Farma,PCT1G-NUS,Paracetamol 1 g infusion (Nusantara),Paracetamol 1 g infusion,bottle,1,2974,32595.21,0.05,30965.45,po,45,
2025-11-15,Site Surabaya,Medisindo,SUT20-MED,Absorbable suture 2-0 (Medisindo),Absorbable suture 2-0,box of 36,36,22,2570345.08,0.1,2313310.57,po,45,
2025-11-15,Site Surabaya,Medisindo,SYR3-MED,Syringe 3 mL luer lock (Medisindo),Syringe 3 mL,box of 100,100,98,176933.29,0.1,159239.96,po,45,
2025-11-15,Site Surabaya,Global Diagnostika,TNI-GLO,Troponin I reagent (Global),Troponin I reagent,kit of 100 tests,100,10,11008779.43,0.15,9357462.52,po,45,
2025-11-15,Site Tangerang,Medisindo,CEF1G-MED,Ceftriaxone 1 g injection (Medisindo),Ceftriaxone 1 g inj,box of 10 vials,10,396,170932.33,0.12,150420.45,po,30,
2025-11-15,Site Tangerang,Surgika Utama,DES-SUR,Drug-eluting coronary stent (Surgika),Drug-eluting stent,each,1,16,14521557.82,0.1,13069402.04,po,30,
2025-11-15,Site Tangerang,Nusantara Farma,GLV-M-NUS,Nitrile exam gloves M (Nusantara),Nitrile gloves M,box of 100,100,312,97762.45,0.1,87986.21,po,60,
2025-11-15,Site Tangerang,Prima Alkes,HBA1C-PRI,HbA1c reagent (Prima),HbA1c reagent,kit of 100 tests,100,16,5404614.84,0.08,4972245.65,po,60,
2025-11-15,Site Tangerang,Sehat Medika,IVC22-SEH,IV cannula 22G (Sehat),IV cannula 22G,box of 100,100,27,1126644.65,0.08,1036513.08,po,60,
2025-11-15,Site Tangerang,Prima Alkes,PCT1G-PRI,Paracetamol 1 g infusion (Prima),Paracetamol 1 g infusion,box of 12 bottles,12,247,374135.72,0.08,344204.86,po,60,
2025-11-15,Site Tangerang,Medisindo,SUT20-MED,Absorbable suture 2-0 (Medisindo),Absorbable suture 2-0,box of 36,36,24,2695880.47,0.12,2372374.81,po,30,
2025-11-15,Site Tangerang,Global Diagnostika,SYR3-GLO,Syringe 3 mL luer lock (Global),Syringe 3 mL,each,1,11069,2167.56,0.2,1734.05,po,30,
2025-11-15,Site Tangerang,Sehat Medika,TNI-SEH,Troponin I reagent (Sehat),Troponin I reagent,kit of 200 tests,200,5,22280113.43,0.08,20497704.36,po,60,
2025-12-01,Site Jakarta South,Surgika Utama,DES-SUR,Drug-eluting coronary stent (Surgika),Drug-eluting stent,each,1,218,16062855.82,0.2,12850284.66,contract,45,2026-11-30
2025-12-01,Site Jakarta South,Medisindo,IVC22-MED,IV cannula 22G (Medisindo),IV cannula 22G,each,1,34320,12960.8,0.12,11405.5,contract,45,2026-11-30
2025-12-01,Site Jakarta South,Prima Alkes,SYR3-PRI,Syringe 3 mL luer lock (Prima),Syringe 3 mL,box of 50,50,2808,90573.63,0.15,76987.59,contract,60,2026-11-30
2025-12-01,Site Jakarta West,Global Diagnostika,SYR3-GLO,Syringe 3 mL luer lock (Global),Syringe 3 mL,each,1,172800,1833.34,0.1,1650.01,contract,30,2026-11-30
2025-12-01,Site Surabaya,Surgika Utama,DES-SUR,Drug-eluting coronary stent (Surgika),Drug-eluting stent,each,1,202,13692084.92,0.08,12596718.13,contract,45,2026-11-30
2025-12-01,Site Tangerang,Prima Alkes,HBA1C-PRI,HbA1c reagent (Prima),HbA1c reagent,kit of 100 tests,100,185,5484253.91,0.08,5045513.6,contract,60,2026-11-30
2025-12-15,Site Jakarta South,Prima Alkes,CEF1G-NUS,Ceftriaxone 1 g injection (Nusantara),Ceftriaxone 1 g inj,vial,1,4474,19547.09,0.15,16615.03,po,60,
2025-12-15,Site Jakarta South,Surgika Utama,DES-SUR,Drug-eluting coronary stent (Surgika),Drug-eluting stent,each,1,16,15840208.73,0.2,12672166.98,po,45,
2025-12-15,Site Jakarta South,Medisindo,GLV-M-MED,Nitrile exam gloves M (Medisindo),Nitrile gloves M,box of 200,200,179,187394.32,0.12,164907.0,po,45,
2025-12-15,Site Jakarta South,Sehat Medika,HBA1C-SEH,HbA1c reagent (Sehat),HbA1c reagent,kit of 50 tests,50,36,2682639.55,0.2,2146111.64,po,30,
2025-12-15,Site Jakarta South,Medisindo,IVC22-MED,IV cannula 22G (Medisindo),IV cannula 22G,each,1,2606,13092.14,0.12,11521.08,po,45,
2025-12-15,Site Jakarta South,Prima Alkes,PCT1G-PRI,Paracetamol 1 g infusion (Prima),Paracetamol 1 g infusion,box of 12 bottles,12,304,398423.99,0.15,338660.39,po,60,
2025-12-15,Site Jakarta South,Surgika Utama,SUT20-SUR,Absorbable suture 2-0 (Surgika),Absorbable suture 2-0,box of 12,12,78,1047215.84,0.2,837772.67,po,45,
2025-12-15,Site Jakarta South,Prima Alkes,SYR3-PRI,Syringe 3 mL luer lock (Prima),Syringe 3 mL,box of 50,50,249,89539.87,0.15,76108.89,po,60,
2025-12-15,Site Jakarta South,Global Diagnostika,TNI-GLO,Troponin I reagent (Global),Troponin I reagent,kit of 100 tests,100,12,10452550.79,0.08,9616346.73,po,60,
2025-12-15,Site Jakarta West,Sehat Medika,CEF1G-SEH,Ceftriaxone 1 g injection (Sehat),Ceftriaxone 1 g inj,box of 100 vials,100,56,1965714.13,0.15,1670857.01,po,30,
2025-12-15,Site Jakarta West,Surgika Utama,DES-SUR,Drug-eluting coronary stent (Surgika),Drug-eluting stent,each,1,25,13803310.77,0.1,12422979.69,po,45,
2025-12-15,Site Jakarta West,Medisindo,GLV-M-MED,Nitrile exam gloves M (Medisindo),Nitrile gloves M,box of 200,200,232,187949.59,0.15,159757.15,po,45,
2025-12-15,Site Jakarta West,Sehat Medika,HBA1C-SEH,HbA1c reagent (Sehat),HbA1c reagent,kit of 50 tests,50,40,2475696.99,0.15,2104342.44,po,30,
2025-12-15,Site Jakarta West,Sehat Medika,IVC22-SEH,IV cannula 22G (Sehat),IV cannula 22G,box of 100,100,37,1156417.86,0.15,982955.18,po,30,
2025-12-15,Site Jakarta West,Nusantara Farma,PCT1G-NUS,Paracetamol 1 g infusion (Nusantara),Paracetamol 1 g infusion,bottle,1,4430,33608.63,0.1,30247.77,po,60,
2025-12-15,Site Jakarta West,Medisindo,SUT20-MED,Absorbable suture 2-0 (Medisindo),Absorbable suture 2-0,box of 36,36,33,2706331.35,0.15,2300381.65,po,45,
2025-12-15,Site Jakarta West,Global Diagnostika,SYR3-GLO,Syringe 3 mL luer lock (Global),Syringe 3 mL,each,1,14151,1841.78,0.1,1657.6,po,30,
2025-12-15,Site Jakarta West,Sehat Medika,TNI-SEH,Troponin I reagent (Sehat),Troponin I reagent,kit of 200 tests,200,8,23278587.95,0.15,19786799.76,po,30,
2025-12-15,Site Makassar,Medisindo,CEF1G-MED,Ceftriaxone 1 g injection (Medisindo),Ceftriaxone 1 g inj,box of 10 vials,10,208,182400.7,0.1,164160.63,po,45,
2025-12-15,Site Makassar,Surgika Utama,DES-SUR,Drug-eluting coronary stent (Surgika),Drug-eluting stent,each,1,8,17578918.86,0.2,14063135.09,po,60,
2025-12-15,Site Makassar,Medisindo,GLV-M-MED,Nitrile exam gloves M (Medisindo),Nitrile gloves M,box of 200,200,81,199011.19,0.1,179110.07,po,45,
2025-12-15,Site Makassar,Prima Alkes,HBA1C-PRI,HbA1c reagent (Prima),HbA1c reagent,kit of 100 tests,100,9,6696946.78,0.2,5357557.42,po,30,
2025-12-15,Site Makassar,Prima Alkes,IVC22-PRI,IV cannula 22G (Prima),IV cannula 22G,box of 50,50,27,743758.62,0.2,595006.9,po,30,
2025-12-15,Site Makassar,Nusantara Farma,PCT1G-NUS,Paracetamol 1 g infusion (Nusantara),Paracetamol 1 g infusion,bottle,1,1659,40401.85,0.15,34341.57,po,30,
2025-12-15,Site Makassar,Medisindo,SUT20-MED,Absorbable suture 2-0 (Medisindo),Absorbable suture 2-0,box of 36,36,10,2856423.0,0.1,2570780.7,po,45,
2025-12-15,Site Makassar,Prima Alkes,SYR3-PRI,Syringe 3 mL luer lock (Prima),Syringe 3 mL,box of 50,50,100,105338.02,0.2,84270.42,po,30,
2025-12-15,Site Makassar,Sehat Medika,TNI-SEH,Troponin I reagent (Sehat),Troponin I reagent,kit of 200 tests,200,3,25304689.77,0.12,22268127.0,po,30,
2025-12-15,Site Medan,Sehat Medika,CEF1G-SEH,Ceftriaxone 1 g injection (Sehat),Ceftriaxone 1 g inj,box of 100 vials,100,29,2119430.5,0.15,1801515.93,po,45,
2025-12-15,Site Medan,Surgika Utama,DES-SUR,Drug-eluting coronary stent (Surgika),Drug-eluting stent,each,1,12,15283266.09,0.12,13449274.16,po,60,
2025-12-15,Site Medan,Nusantara Farma,GLV-M-NUS,Nitrile exam gloves M (Nusantara),Nitrile gloves M,box of 100,100,269,95691.33,0.05,90906.76,po,45,
2025-12-15,Site Medan,Global Diagnostika,HBA1C-GLO,HbA1c reagent (Global),HbA1c reagent,kit of 100 tests,100,12,5033893.21,0.05,4782198.55,po,60,
2025-12-15,Site Medan,Medisindo,IVC22-MED,IV cannula 22G (Medisindo),IV cannula 22G,each,1,1809,14006.61,0.15,11905.62,po,45,
2025-12-15,Site Medan,Nusantara Farma,PCT1G-NUS,Paracetamol 1 g infusion (Nusantara),Paracetamol 1 g infusion,bottle,1,1949,34071.32,0.05,32367.75,po,45,
2025-12-15,Site Medan,Medisindo,SUT20-MED,Absorbable suture 2-0 (Medisindo),Absorbable suture 2-0,box of 36,36,16,2836330.45,0.15,2410880.88,po,45,
2025-12-15,Site Medan,Medisindo,SYR3-MED,Syringe 3 mL luer lock (Medisindo),Syringe 3 mL,box of 100,100,75,196696.03,0.15,167191.63,po,45,
2025-12-15,Site Medan,Sehat Medika,TNI-SEH,Troponin I reagent (Sehat),Troponin I reagent,kit of 200 tests,200,4,24789519.64,0.15,21071091.69,po,45,
2025-12-15,Site Surabaya,Sehat Medika,CEF1G-SEH,Ceftriaxone 1 g injection (Sehat),Ceftriaxone 1 g inj,box of 100 vials,100,40,1921108.64,0.1,1728997.78,po,60,
2025-12-15,Site Surabaya,Surgika Utama,DES-SUR,Drug-eluting coronary stent (Surgika),Drug-eluting stent,each,1,17,13824979.35,0.08,12718981.0,po,45,
2025-12-15,Site Surabaya,Medisindo,GLV-M-MED,Nitrile exam gloves M (Medisindo),Nitrile gloves M,box of 200,200,183,180888.04,0.1,162799.24,po,45,
2025-12-15,Site Surabaya,Sehat Medika,HBA1C-SEH,HbA1c reagent (Sehat),HbA1c reagent,kit of 50 tests,50,30,2395973.17,0.1,2156375.85,po,60,
2025-12-15,Site Surabaya,Prima Alkes,IVC22-PRI,IV cannula 22G (Prima),IV cannula 22G,box of 50,50,54,582268.51,0.08,535687.03,po,30,
2025-12-15,Site Surabaya,Nusantara Farma,PCT1G-NUS,Paracetamol 1 g infusion (Nusantara),Paracetamol 1 g infusion,bottle,1,3304,32394.78,0.05,30775.04,po,45,
2025-12-15,Site Surabaya,Medisindo,SUT20-MED,Absorbable suture 2-0 (Medisindo),Absorbable suture 2-0,box of 36,36,22,2583381.24,0.1,2325043.12,po,45,
2025-12-15,Site Surabaya,Medisindo,SYR3-MED,Syringe 3 mL luer lock (Medisindo),Syringe 3 mL,box of 100,100,109,177017.02,0.1,159315.32,po,45,
2025-12-15,Site Surabaya,Global Diagnostika,TNI-GLO,Troponin I reagent (Global),Troponin I reagent,kit of 100 tests,100,11,11225213.05,0.15,9541431.09,po,45,
2025-12-15,Site Tangerang,Medisindo,CEF1G-MED,Ceftriaxone 1 g injection (Medisindo),Ceftriaxone 1 g inj,box of 10 vials,10,352,170516.85,0.12,150054.83,po,30,
2025-12-15,Site Tangerang,Surgika Utama,DES-SUR,Drug-eluting coronary stent (Surgika),Drug-eluting stent,each,1,14,14477604.74,0.1,13029844.27,po,30,
2025-12-15,Site Tangerang,Nusantara Farma,GLV-M-NUS,Nitrile exam gloves M (Nusantara),Nitrile gloves M,box of 100,100,363,99128.53,0.1,89215.68,po,60,
2025-12-15,Site Tangerang,Prima Alkes,HBA1C-PRI,HbA1c reagent (Prima),HbA1c reagent,kit of 100 tests,100,16,5400459.94,0.08,4968423.14,po,60,
2025-12-15,Site Tangerang,Sehat Medika,IVC22-SEH,IV cannula 22G (Sehat),IV cannula 22G,box of 100,100,26,1133449.73,0.08,1042773.75,po,60,
2025-12-15,Site Tangerang,Prima Alkes,PCT1G-PRI,Paracetamol 1 g infusion (Prima),Paracetamol 1 g infusion,box of 12 bottles,12,255,379238.33,0.08,348899.26,po,60,
2025-12-15,Site Tangerang,Medisindo,SUT20-MED,Absorbable suture 2-0 (Medisindo),Absorbable suture 2-0,box of 36,36,21,2690829.56,0.12,2367930.01,po,30,
2025-12-15,Site Tangerang,Global Diagnostika,SYR3-GLO,Syringe 3 mL luer lock (Global),Syringe 3 mL,each,1,9881,2209.66,0.2,1767.73,po,30,
2025-12-15,Site Tangerang,Sehat Medika,TNI-SEH,Troponin I reagent (Sehat),Troponin I reagent,kit of 200 tests,200,5,22312687.5,0.08,20527672.5,po,60,
2026-01-01,Site Surabaya,Nusantara Farma,PCT1G-NUS,Paracetamol 1 g infusion (Nusantara),Paracetamol 1 g infusion,bottle,1,37440,32711.18,0.05,31075.62,contract,45,2026-12-31
2026-01-01,Site Surabaya,Medisindo,SUT20-MED,Absorbable suture 2-0 (Medisindo),Absorbable suture 2-0,box of 36,36,280,2597187.14,0.1,2337468.43,contract,45,2026-12-31
2026-01-15,Site Jakarta South,Prima Alkes,CEF1G-NUS,Ceftriaxone 1 g injection (Nusantara),Ceftriaxone 1 g inj,vial,1,4348,19702.84,0.15,16747.41,po,60,
2026-01-15,Site Jakarta South,Surgika Utama,DES-SUR,Drug-eluting coronary stent (Surgika),Drug-eluting stent,each,1,16,16068202.89,0.2,12854562.31,po,45,
2026-01-15,Site Jakarta South,Medisindo,GLV-M-MED,Nitrile exam gloves M (Medisindo),Nitrile gloves M,box of 200,200,184,187501.61,0.12,165001.42,po,45,
2026-01-15,Site Jakarta South,Sehat Medika,HBA1C-SEH,HbA1c reagent (Sehat),HbA1c reagent,kit of 50 tests,50,37,2676093.29,0.2,2140874.63,po,30,
2026-01-15,Site Jakarta South,Medisindo,IVC22-MED,IV cannula 22G (Medisindo),IV cannula 22G,each,1,3125,12996.12,0.12,11436.59,po,45,
2026-01-15,Site Jakarta South,Prima Alkes,PCT1G-PRI,Paracetamol 1 g infusion (Prima),Paracetamol 1 g infusion,box of 12 bottles,12,308,404167.64,0.15,343542.49,po,60,
2026-01-15,Site Jakarta South,Surgika Utama,SUT20-SUR,Absorbable suture 2-0 (Surgika),Absorbable suture 2-0,box of 12,12,83,1028963.57,0.2,823170.86,po,45,
2026-01-15,Site Jakarta South,Prima Alkes,SYR3-PRI,Syringe 3 mL luer lock (Prima),Syringe 3 mL,box of 50,50,244,91051.32,0.15,77393.62,po,60,
2026-01-15,Site Jakarta South,Global Diagnostika,TNI-GLO,Troponin I reagent (Global),Troponin I reagent,kit of 100 tests,100,12,10382660.34,0.08,9552047.51,po,60,
2026-01-15,Site Jakarta West,Sehat Medika,CEF1G-SEH,Ceftriaxone 1 g injection (Sehat),Ceftriaxone 1 g inj,box of 100 vials,100,50,1996070.5,0.15,1696659.93,po,30,
2026-01-15,Site Jakarta West,Surgika Utama,DES-SUR,Drug-eluting coronary stent (Surgika),Drug-eluting stent,each,1,21,13966419.68,0.1,12569777.71,po,45,
2026-01-15,Site Jakarta West,Medisindo,GLV-M-MED,Nitrile exam gloves M (Medisindo),Nitrile gloves M,box of 200,200,269,187825.1,0.15,159651.33,po,45,
2026-01-15,Site Jakarta West,Sehat Medika,HBA1C-SEH,HbA1c reagent (Sehat),HbA1c reagent,kit of 50 tests,50,42,2477072.06,0.15,2105511.25,po,30,
2026-01-15,Site Jakarta West,Sehat Medika,IVC22-SEH,IV cannula 22G (Sehat),IV cannula 22G,box of 100,100,36,1170158.87,0.15,994635.04,po,30,
2026-01-15,Site Jakarta West,Nusantara Farma,PCT1G-NUS,Paracetamol 1 g infusion (Nusantara),Paracetamol 1 g infusion,bottle,1,4361,33783.94,0.1,30405.55,po,60,
2026-01-15,Site Jakarta West,Medisindo,SUT20-MED,Absorbable suture 2-0 (Medisindo),Absorbable suture 2-0,box of 36,36,33,2693779.14,0.15,2289712.27,po,45,
2026-01-15,Site Jakarta West,Global Diagnostika,SYR3-GLO,Syringe 3 mL luer lock (Global),Syringe 3 mL,each,1,12878,1860.71,0.1,1674.64,po,30,
2026-01-15,Site Jakarta West,Sehat Medika,TNI-SEH,Troponin I reagent (Sehat),Troponin I reagent,kit of 200 tests,200,8,23437011.31,0.15,19921459.61,po,30,
2026-01-15,Site Makassar,Medisindo,CEF1G-MED,Ceftriaxone 1 g injection (Medisindo),Ceftriaxone 1 g inj,box of 10 vials,10,207,179602.25,0.1,161642.02,po,45,
2026-01-15,Site Makassar,Surgika Utama,DES-SUR,Drug-eluting coronary stent (Surgika),Drug-eluting stent,each,1,8,17564046.64,0.2,14051237.31,po,60,
2026-01-15,Site Makassar,Medisindo,GLV-M-MED,Nitrile exam gloves M (Medisindo),Nitrile gloves M,box of 200,200,89,199643.62,0.1,179679.26,po,45,
2026-01-15,Site Makassar,Prima Alkes,HBA1C-PRI,HbA1c reagent (Prima),HbA1c reagent,kit of 100 tests,100,8,6761490.48,0.2,5409192.38,po,30,
2026-01-15,Site Makassar,Prima Alkes,IVC22-PRI,IV cannula 22G (Prima),IV cannula 22G,box of 50,50,29,751622.59,0.2,601298.07,po,30,
2026-01-15,Site Makassar,Nusantara Farma,PCT1G-NUS,Paracetamol 1 g infusion (Nusantara),Paracetamol 1 g infusion,bottle,1,1616,40596.74,0.15,34507.23,po,30,
2026-01-15,Site Makassar,Medisindo,SUT20-MED,Absorbable suture 2-0 (Medisindo),Absorbable suture 2-0,box of 36,36,10,2881158.87,0.1,2593042.98,po,45,
2026-01-15,Site Makassar,Prima Alkes,SYR3-PRI,Syringe 3 mL luer lock (Prima),Syringe 3 mL,box of 50,50,100,104352.84,0.2,83482.27,po,30,
2026-01-15,Site Makassar,Sehat Medika,TNI-SEH,Troponin I reagent (Sehat),Troponin I reagent,kit of 200 tests,200,3,25342560.73,0.12,22301453.44,po,30,
2026-01-15,Site Medan,Sehat Medika,CEF1G-SEH,Ceftriaxone 1 g injection (Sehat),Ceftriaxone 1 g inj,box of 100 vials,100,31,2127462.0,0.15,1808342.7,po,45,
2026-01-15,Site Medan,Surgika Utama,DES-SUR,Drug-eluting coronary stent (Surgika),Drug-eluting stent,each,1,11,15139067.16,0.12,13322379.1,po,60,
2026-01-15,Site Medan,Nusantara Farma,GLV-M-NUS,Nitrile exam gloves M (Nusantara),Nitrile gloves M,box of 100,100,226,94064.93,0.05,89361.68,po,45,
2026-01-15,Site Medan,Global Diagnostika,HBA1C-GLO,HbA1c reagent (Global),HbA1c reagent,kit of 100 tests,100,11,4968316.88,0.05,4719901.04,po,60,
2026-01-15,Site Medan,Medisindo,IVC22-MED,IV cannula 22G (Medisindo),IV cannula 22G,each,1,1766,14088.93,0.15,11975.59,po,45,
2026-01-15,Site Medan,Nusantara Farma,PCT1G-NUS,Paracetamol 1 g infusion (Nusantara),Paracetamol 1 g infusion,bottle,1,1943,33800.43,0.05,32110.41,po,45,
2026-01-15,Site Medan,Medisindo,SUT20-MED,Absorbable suture 2-0 (Medisindo),Absorbable suture 2-0,box of 36,36,14,2854522.68,0.15,2426344.28,po,45,
2026-01-15,Site Medan,Medisindo,SYR3-MED,Syringe 3 mL luer lock (Medisindo),Syringe 3 mL,box of 100,100,72,196204.06,0.15,166773.45,po,45,
2026-01-15,Site Medan,Sehat Medika,TNI-SEH,Troponin I reagent (Sehat),Troponin I reagent,kit of 200 tests,200,4,24713367.35,0.15,21006362.25,po,45,
2026-01-15,Site Surabaya,Sehat Medika,CEF1G-SEH,Ceftriaxone 1 g injection (Sehat),Ceftriaxone 1 g inj,box of 100 vials,100,40,1892784.14,0.1,1703505.73,po,60,
2026-01-15,Site Surabaya,Surgika Utama,DES-SUR,Drug-eluting coronary stent (Surgika),Drug-eluting stent,each,1,17,13661343.69,0.08,12568436.19,po,45,
2026-01-15,Site Surabaya,Medisindo,GLV-M-MED,Nitrile exam gloves M (Medisindo),Nitrile gloves M,box of 200,200,169,180457.78,0.1,162412.0,po,45,
2026-01-15,Site Surabaya,Sehat Medika,HBA1C-SEH,HbA1c reagent (Sehat),HbA1c reagent,kit of 50 tests,50,37,2397059.68,0.1,2157353.71,po,60,
2026-01-15,Site Surabaya,Prima Alkes,IVC22-PRI,IV cannula 22G (Prima),IV cannula 22G,box of 50,50,50,582354.1,0.08,535765.77,po,30,
2026-01-15,Site Surabaya,Nusantara Farma,PCT1G-NUS,Paracetamol 1 g infusion (Nusantara),Paracetamol 1 g infusion,bottle,1,2889,32214.09,0.05,30603.39,po,45,
2026-01-15,Site Surabaya,Medisindo,SUT20-MED,Absorbable suture 2-0 (Medisindo),Absorbable suture 2-0,box of 36,36,23,2576174.34,0.1,2318556.91,po,45,
2026-01-15,Site Surabaya,Medisindo,SYR3-MED,Syringe 3 mL luer lock (Medisindo),Syringe 3 mL,box of 100,100,102,179711.27,0.1,161740.14,po,45,
2026-01-15,Site Surabaya,Global Diagnostika,TNI-GLO,Troponin I reagent (Global),Troponin I reagent,kit of 100 tests,100,11,11308549.21,0.15,9612266.83,po,45,
2026-01-15,Site Tangerang,Medisindo,CEF1G-MED,Ceftriaxone 1 g injection (Medisindo),Ceftriaxone 1 g inj,box of 10 vials,10,422,170172.15,0.12,149751.49,po,30,
2026-01-15,Site Tangerang,Surgika Utama,DES-SUR,Drug-eluting coronary stent (Surgika),Drug-eluting stent,each,1,16,14541154.01,0.1,13087038.61,po,30,
2026-01-15,Site Tangerang,Nusantara Farma,GLV-M-NUS,Nitrile exam gloves M (Nusantara),Nitrile gloves M,box of 100,100,313,99221.4,0.1,89299.26,po,60,
2026-01-15,Site Tangerang,Prima Alkes,HBA1C-PRI,HbA1c reagent (Prima),HbA1c reagent,kit of 100 tests,100,14,5388150.29,0.08,4957098.27,po,60,
2026-01-15,Site Tangerang,Sehat Medika,IVC22-SEH,IV cannula 22G (Sehat),IV cannula 22G,box of 100,100,25,1121203.09,0.08,1031506.84,po,60,
2026-01-15,Site Tangerang,Prima Alkes,PCT1G-PRI,Paracetamol 1 g infusion (Prima),Paracetamol 1 g infusion,box of 12 bottles,12,254,383449.46,0.08,352773.5,po,60,
2026-01-15,Site Tangerang,Medisindo,SUT20-MED,Absorbable suture 2-0 (Medisindo),Absorbable suture 2-0,box of 36,36,19,2709728.3,0.12,2384560.9,po,30,
2026-01-15,Site Tangerang,Global Diagnostika,SYR3-GLO,Syringe 3 mL luer lock (Global),Syringe 3 mL,each,1,8767,2185.41,0.2,1748.33,po,30,
2026-01-15,Site Tangerang,Sehat Medika,TNI-SEH,Troponin I reagent (Sehat),Troponin I reagent,kit of 200 tests,200,5,22354513.57,0.08,20566152.48,po,60,
2026-02-01,Site Jakarta South,Prima Alkes,PCT1G-PRI,Paracetamol 1 g infusion (Prima),Paracetamol 1 g infusion,box of 12 bottles,12,3380,400558.38,0.15,340474.62,contract,60,2027-01-31
2026-02-01,Site Jakarta South,Surgika Utama,SUT20-SUR,Absorbable suture 2-0 (Surgika),Absorbable suture 2-0,box of 12,12,910,1039119.81,0.2,831295.85,contract,45,2027-01-31
2026-02-01,Site Jakarta South,Global Diagnostika,TNI-GLO,Troponin I reagent (Global),Troponin I reagent,kit of 100 tests,100,140,10507403.92,0.08,9666811.61,contract,60,2027-01-31
2026-02-01,Site Jakarta West,Nusantara Farma,PCT1G-NUS,Paracetamol 1 g infusion (Nusantara),Paracetamol 1 g infusion,bottle,1,49920,33532.53,0.1,30179.28,contract,60,2027-01-31
2026-02-01,Site Medan,Surgika Utama,DES-SUR,Drug-eluting coronary stent (Surgika),Drug-eluting stent,each,1,134,15103344.37,0.12,13290943.05,contract,60,2027-01-31
2026-02-01,Site Surabaya,Prima Alkes,IVC22-PRI,IV cannula 22G (Prima),IV cannula 22G,box of 50,50,634,592678.18,0.08,545263.93,contract,30,2027-01-31
2026-02-01,Site Surabaya,Global Diagnostika,TNI-GLO,Troponin I reagent (Global),Troponin I reagent,kit of 100 tests,100,130,11097352.24,0.15,9432749.4,contract,45,2027-01-31
2026-02-15,Site Jakarta South,Prima Alkes,CEF1G-NUS,Ceftriaxone 1 g injection (Nusantara),Ceftriaxone 1 g inj,vial,1,4612,19887.13,0.15,16904.06,po,60,
2026-02-15,Site Jakarta South,Surgika Utama,DES-SUR,Drug-eluting coronary stent (Surgika),Drug-eluting stent,each,1,20,16159150.05,0.2,12927320.04,po,45,
2026-02-15,Site Jakarta South,Medisindo,GLV-M-MED,Nitrile exam gloves M (Medisindo),Nitrile gloves M,box of 200,200,200,186600.5,0.12,164208.44,po,45,
2026-02-15,Site Jakarta South,Sehat Medika,HBA1C-SEH,HbA1c reagent (Sehat),HbA1c reagent,kit of 50 tests,50,40,2741398.9,0.2,2193119.12,po,30,
2026-02-15,Site Jakarta South,Medisindo,IVC22-MED,IV cannula 22G (Medisindo),IV cannula 22G,each,1,2915,13122.16,0.12,11547.5,po,45,
2026-02-15,Site Jakarta South,Prima Alkes,PCT1G-PRI,Paracetamol 1 g infusion (Prima),Paracetamol 1 g infusion,box of 12 bottles,12,297,405480.27,0.15,344658.23,po,60,
2026-02-15,Site Jakarta South,Surgika Utama,SUT20-SUR,Absorbable suture 2-0 (Surgika),Absorbable suture 2-0,box of 12,12,71,1041105.34,0.2,832884.27,po,45,
2026-02-15,Site Jakarta South,Prima Alkes,SYR3-PRI,Syringe 3 mL luer lock (Prima),Syringe 3 mL,box of 50,50,221,90398.65,0.15,76838.85,po,60,
2026-02-15,Site Jakarta South,Global Diagnostika,TNI-GLO,Troponin I reagent (Global),Troponin I reagent,kit of 100 tests,100,13,10414637.29,0.08,9581466.31,po,60,
2026-02-15,Site Jakarta West,Sehat Medika,CEF1G-SEH,Ceftriaxone 1 g injection (Sehat),Ceftriaxone 1 g inj,box of 100 vials,100,50,1983419.05,0.15,1685906.19,po,30,
2026-02-15,Site Jakarta West,Surgika Utama,DES-SUR,Drug-eluting coronary stent (Surgika),Drug-eluting stent,each,1,25,13941454.05,0.1,12547308.65,po,45,
2026-02-15,Site Jakarta West,Medisindo,GLV-M-MED,Nitrile exam gloves M (Medisindo),Nitrile gloves M,box of 200,200,243,187422.92,0.15,159309.48,po,45,
2026-02-15,Site Jakarta West,Sehat Medika,HBA1C-SEH,HbA1c reagent (Sehat),HbA1c reagent,kit of 50 tests,50,40,2503245.28,0.15,2127758.49,po,30,
2026-02-15,Site Jakarta West,Sehat Medika,IVC22-SEH,IV cannula 22G (Sehat),IV cannula 22G,box of 100,100,34,1167600.9,0.15,992460.76,po,30,
2026-02-15,Site Jakarta West,Nusantara Farma,PCT1G-NUS,Paracetamol 1 g infusion (Nusantara),Paracetamol 1 g infusion,bottle,1,3944,33434.51,0.1,30091.06,po,60,
2026-02-15,Site Jakarta West,Medisindo,SUT20-MED,Absorbable suture 2-0 (Medisindo),Absorbable suture 2-0,box of 36,36,35,2701499.75,0.15,2296274.79,po,45,
2026-02-15,Site Jakarta West,Global Diagnostika,SYR3-GLO,Syringe 3 mL luer lock (Global),Syringe 3 mL,each,1,14494,1849.18,0.1,1664.26,po,30,
2026-02-15,Site Jakarta West,Sehat Medika,TNI-SEH,Troponin I reagent (Sehat),Troponin I reagent,kit of 200 tests,200,7,23443100.15,0.15,19926635.13,po,30,
2026-02-15,Site Makassar,Medisindo,CEF1G-MED,Ceftriaxone 1 g injection (Medisindo),Ceftriaxone 1 g inj,box of 10 vials,10,188,182120.49,0.1,163908.44,po,45,
2026-02-15,Site Makassar,Surgika Utama,DES-SUR,Drug-eluting coronary stent (Surgika),Drug-eluting stent,each,1,9,17463492.15,0.2,13970793.72,po,60,
2026-02-15,Site Makassar,Medisindo,GLV-M-MED,Nitrile exam gloves M (Medisindo),Nitrile gloves M,box of 200,200,98,198512.02,0.1,178660.82,po,45,
2026-02-15,Site Makassar,Prima Alkes,HBA1C-PRI,HbA1c reagent (Prima),HbA1c reagent,kit of 100 tests,100,8,6777189.4,0.2,5421751.52,po,30,
2026-02-15,Site Makassar,Prima Alkes,IVC22-PRI,IV cannula 22G (Prima),IV cannula 22G,box of 50,50,29,754853.78,0.2,603883.02,po,30,
2026-02-15,Site Makassar,Nusantara Farma,PCT1G-NUS,Paracetamol 1 g infusion (Nusantara),Paracetamol 1 g infusion,bottle,1,1425,40339.31,0.15,34288.41,po,30,
2026-02-15,Site Makassar,Medisindo,SUT20-MED,Absorbable suture 2-0 (Medisindo),Absorbable suture 2-0,box of 36,36,12,2860449.32,0.1,2574404.39,po,45,
2026-02-15,Site Makassar,Prima Alkes,SYR3-PRI,Syringe 3 mL luer lock (Prima),Syringe 3 mL,box of 50,50,95,106085.43,0.2,84868.34,po,30,
2026-02-15,Site Makassar,Sehat Medika,TNI-SEH,Troponin I reagent (Sehat),Troponin I reagent,kit of 200 tests,200,2,25360311.09,0.12,22317073.76,po,30,
2026-02-15,Site Medan,Sehat Medika,CEF1G-SEH,Ceftriaxone 1 g injection (Sehat),Ceftriaxone 1 g inj,box of 100 vials,100,26,2142206.69,0.15,1820875.69,po,45,
2026-02-15,Site Medan,Surgika Utama,DES-SUR,Drug-eluting coronary stent (Surgika),Drug-eluting stent,each,1,10,15371439.67,0.12,13526866.91,po,60,
2026-02-15,Site Medan,Nusantara Farma,GLV-M-NUS,Nitrile exam gloves M (Nusantara),Nitrile gloves M,box of 100,100,238,95577.24,0.05,90798.38,po,45,
2026-02-15,Site Medan,Global Diagnostika,HBA1C-GLO,HbA1c reagent (Global),HbA1c reagent,kit of 100 tests,100,11,4999681.44,0.05,4749697.37,po,60,
2026-02-15,Site Medan,Medisindo,IVC22-MED,IV cannula 22G (Medisindo),IV cannula 22G,each,1,1569,14166.76,0.15,12041.75,po,45,
2026-02-15,Site Medan,Nusantara Farma,PCT1G-NUS,Paracetamol 1 g infusion (Nusantara),Paracetamol 1 g infusion,bottle,1,1930,34591.88,0.05,32862.29,po,45,
2026-02-15,Site Medan,Medisindo,SUT20-MED,Absorbable suture 2-0 (Medisindo),Absorbable suture 2-0,box of 36,36,15,2886167.8,0.15,2453242.63,po,45,
2026-02-15,Site Medan,Medisindo,SYR3-MED,Syringe 3 mL luer lock (Medisindo),Syringe 3 mL,box of 100,100,70,198853.32,0.15,169025.32,po,45,
2026-02-15,Site Medan,Sehat Medika,TNI-SEH,Troponin I reagent (Sehat),Troponin I reagent,kit of 200 tests,200,4,24632933.94,0.15,20937993.85,po,45,
2026-02-15,Site Surabaya,Sehat Medika,CEF1G-SEH,Ceftriaxone 1 g injection (Sehat),Ceftriaxone 1 g inj,box of 100 vials,100,41,1914265.24,0.1,1722838.72,po,60,
2026-02-15,Site Surabaya,Surgika Utama,DES-SUR,Drug-eluting coronary stent (Surgika),Drug-eluting stent,each,1,18,13930023.32,0.08,12815621.45,po,45,
2026-02-15,Site Surabaya,Medisindo,GLV-M-MED,Nitrile exam gloves M (Medisindo),Nitrile gloves M,box of 200,200,184,181764.73,0.1,163588.26,po,45,
2026-02-15,Site Surabaya,Sehat Medika,HBA1C-SEH,HbA1c reagent (Sehat),HbA1c reagent,kit of 50 tests,50,31,2368871.6,0.1,2131984.44,po,60,
2026-02-15,Site Surabaya,Prima Alkes,IVC22-PRI,IV cannula 22G (Prima),IV cannula 22G,box of 50,50,58,596221.6,0.08,548523.87,po,30,
2026-02-15,Site Surabaya,Nusantara Farma,PCT1G-NUS,Paracetamol 1 g infusion (Nusantara),Paracetamol 1 g infusion,bottle,1,2918,32836.14,0.05,31194.33,po,45,
2026-02-15,Site Surabaya,Medisindo,SUT20-MED,Absorbable suture 2-0 (Medisindo),Absorbable suture 2-0,box of 36,36,24,2587389.34,0.1,2328650.41,po,45,
2026-02-15,Site Surabaya,Medisindo,SYR3-MED,Syringe 3 mL luer lock (Medisindo),Syringe 3 mL,box of 100,100,117,176986.3,0.1,159287.67,po,45,
2026-02-15,Site Surabaya,Global Diagnostika,TNI-GLO,Troponin I reagent (Global),Troponin I reagent,kit of 100 tests,100,11,11143689.23,0.15,9472135.85,po,45,
2026-02-15,Site Tangerang,Medisindo,CEF1G-MED,Ceftriaxone 1 g injection (Medisindo),Ceftriaxone 1 g inj,box of 10 vials,10,379,173080.99,0.12,152311.27,po,30,
2026-02-15,Site Tangerang,Surgika Utama,DES-SUR,Drug-eluting coronary stent (Surgika),Drug-eluting stent,each,1,14,14546138.04,0.1,13091524.24,po,30,
2026-02-15,Site Tangerang,Nusantara Farma,GLV-M-NUS,Nitrile exam gloves M (Nusantara),Nitrile gloves M,box of 100,100,334,98318.24,0.1,88486.42,po,60,
2026-02-15,Site Tangerang,Prima Alkes,HBA1C-PRI,HbA1c reagent (Prima),HbA1c reagent,kit of 100 tests,100,14,5451051.03,0.08,5014966.95,po,60,
2026-02-15,Site Tangerang,Sehat Medika,IVC22-SEH,IV cannula 22G (Sehat),IV cannula 22G,box of 100,100,23,1124034.14,0.08,1034111.41,po,60,
2026-02-15,Site Tangerang,Prima Alkes,PCT1G-PRI,Paracetamol 1 g infusion (Prima),Paracetamol 1 g infusion,box of 12 bottles,12,265,382674.48,0.08,352060.52,po,60,
2026-02-15,Site Tangerang,Medisindo,SUT20-MED,Absorbable suture 2-0 (Medisindo),Absorbable suture 2-0,box of 36,36,21,2710773.15,0.12,2385480.37,po,30,
2026-02-15,Site Tangerang,Global Diagnostika,SYR3-GLO,Syringe 3 mL luer lock (Global),Syringe 3 mL,each,1,10649,2172.91,0.2,1738.33,po,30,
2026-02-15,Site Tangerang,Sehat Medika,TNI-SEH,Troponin I reagent (Sehat),Troponin I reagent,kit of 200 tests,200,4,22688497.74,0.08,20873417.92,po,60,
2026-03-01,Site Makassar,Sehat Medika,TNI-SEH,Troponin I reagent (Sehat),Troponin I reagent,kit of 200 tests,200,32,25722479.72,0.12,22635782.15,contract,30,2027-02-28
2026-03-01,Site Medan,Sehat Medika,CEF1G-SEH,Ceftriaxone 1 g injection (Sehat),Ceftriaxone 1 g inj,box of 100 vials,100,336,2149530.1,0.15,1827100.58,contract,45,2027-02-28
2026-03-01,Site Surabaya,Sehat Medika,HBA1C-SEH,HbA1c reagent (Sehat),HbA1c reagent,kit of 50 tests,50,403,2406780.24,0.1,2166102.22,contract,60,2027-02-28
2026-03-01,Site Tangerang,Medisindo,CEF1G-MED,Ceftriaxone 1 g injection (Medisindo),Ceftriaxone 1 g inj,box of 10 vials,10,4620,174001.63,0.12,153121.43,contract,30,2027-02-28
2026-03-01,Site Tangerang,Sehat Medika,IVC22-SEH,IV cannula 22G (Sehat),IV cannula 22G,box of 100,100,290,1138327.15,0.08,1047260.98,contract,60,2027-02-28
2026-03-15,Site Jakarta South,Prima Alkes,CEF1G-NUS,Ceftriaxone 1 g injection (Nusantara),Ceftriaxone 1 g inj,vial,1,4849,19866.68,0.15,16886.68,po,60,
2026-03-15,Site Jakarta South,Surgika Utama,DES-SUR,Drug-eluting coronary stent (Surgika),Drug-eluting stent,each,1,18,15994664.68,0.2,12795731.74,po,45,
2026-03-15,Site Jakarta South,Medisindo,GLV-M-MED,Nitrile exam gloves M (Medisindo),Nitrile gloves M,box of 200,200,191,188928.68,0.12,166257.24,po,45,
2026-03-15,Site Jakarta South,Sehat Medika,HBA1C-SEH,HbA1c reagent (Sehat),HbA1c reagent,kit of 50 tests,50,41,2737426.94,0.2,2189941.55,po,30,
2026-03-15,Site Jakarta South,Medisindo,IVC22-MED,IV cannula 22G (Medisindo),IV cannula 22G,each,1,2819,13228.96,0.12,11641.48,po,45,
2026-03-15,Site Jakarta South,Prima Alkes,PCT1G-PRI,Paracetamol 1 g infusion (Prima),Paracetamol 1 g infusion,box of 12 bottles,12,251,408311.59,0.15,347064.85,po,60,
2026-03-15,Site Jakarta South,Surgika Utama,SUT20-SUR,Absorbable suture 2-0 (Surgika),Absorbable suture 2-0,box of 12,12,74,1044264.82,0.2,835411.86,po,45,
2026-03-15,Site Jakarta South,Prima Alkes,SYR3-PRI,Syringe 3 mL luer lock (Prima),Syringe 3 mL,box of 50,50,247,91893.25,0.15,78109.26,po,60,
2026-03-15,Site Jakarta South,Global Diagnostika,TNI-GLO,Troponin I reagent (Global),Troponin I reagent,kit of 100 tests,100,12,10450729.34,0.08,9614670.99,po,60,
2026-03-15,Site Jakarta West,Sehat Medika,CEF1G-SEH,Ceftriaxone 1 g injection (Sehat),Ceftriaxone 1 g inj,box of 100 vials,100,57,2023111.94,0.15,1719645.15,po,30,
2026-03-15,Site Jakarta West,Surgika Utama,DES-SUR,Drug-eluting coronary stent (Surgika),Drug-eluting stent,each,1,20,14049146.68,0.1,12644232.01,po,45,
2026-03-15,Site Jakarta West,Medisindo,GLV-M-MED,Nitrile exam gloves M (Medisindo),Nitrile gloves M,box of 200,200,239,187196.91,0.15,159117.37,po,45,
2026-03-15,Site Jakarta West,Sehat Medika,HBA1C-SEH,HbA1c reagent (Sehat),HbA1c reagent,kit of 50 tests,50,44,2465052.22,0.15,2095294.39,po,30,
2026-03-15,Site Jakarta West,Sehat Medika,IVC22-SEH,IV cannula 22G (Sehat),IV cannula 22G,box of 100,100,32,1184027.71,0.15,1006423.55,po,30,
2026-03-15,Site Jakarta West,Nusantara Farma,PCT1G-NUS,Paracetamol 1 g infusion (Nusantara),Paracetamol 1 g infusion,bottle,1,4555,33656.59,0.1,30290.93,po,60,
2026-03-15,Site Jakarta West,Medisindo,SUT20-MED,Absorbable suture 2-0 (Medisindo),Absorbable suture 2-0,box of 36,36,33,2730116.11,0.15,2320598.69,po,45,
2026-03-15,Site Jakarta West,Global Diagnostika,SYR3-GLO,Syringe 3 mL luer lock (Global),Syringe 3 mL,each,1,14507,1878.71,0.1,1690.84,po,30,
2026-03-15,Site Jakarta West,Sehat Medika,TNI-SEH,Troponin I reagent (Sehat),Troponin I reagent,kit of 200 tests,200,7,23318605.53,0.15,19820814.7,po,30,
2026-03-15,Site Makassar,Medisindo,CEF1G-MED,Ceftriaxone 1 g injection (Medisindo),Ceftriaxone 1 g inj,box of 10 vials,10,211,182852.0,0.1,164566.8,po,45,
2026-03-15,Site Makassar,Surgika Utama,DES-SUR,Drug-eluting coronary stent (Surgika),Drug-eluting stent,each,1,9,17535662.06,0.2,14028529.65,po,60,
2026-03-15,Site Makassar,Medisindo,GLV-M-MED,Nitrile exam gloves M (Medisindo),Nitrile gloves M,box of 200,200,92,199151.4,0.1,179236.26,po,45,
2026-03-15,Site Makassar,Prima Alkes,HBA1C-PRI,HbA1c reagent (Prima),HbA1c reagent,kit of 100 tests,100,8,6807798.3,0.2,5446238.64,po,30,
2026-03-15,Site Makassar,Prima Alkes,IVC22-PRI,IV cannula 22G (Prima),IV cannula 22G,box of 50,50,26,822392.99,0.2,657914.39,po,30,
2026-03-15,Site Makassar,Nusantara Farma,PCT1G-NUS,Paracetamol 1 g infusion (Nusantara),Paracetamol 1 g infusion,bottle,1,1407,40644.97,0.15,34548.22,po,30,
2026-03-15,Site Makassar,Medisindo,SUT20-MED,Absorbable suture 2-0 (Medisindo),Absorbable suture 2-0,box of 36,36,12,2890612.17,0.1,2601550.95,po,45,
2026-03-15,Site Makassar,Prima Alkes,SYR3-PRI,Syringe 3 mL luer lock (Prima),Syringe 3 mL,box of 50,50,104,105898.97,0.2,84719.18,po,30,
2026-03-15,Site Makassar,Sehat Medika,TNI-SEH,Troponin I reagent (Sehat),Troponin I reagent,kit of 200 tests,200,3,25302145.38,0.12,22265887.93,po,30,
2026-03-15,Site Medan,Sehat Medika,CEF1G-SEH,Ceftriaxone 1 g injection (Sehat),Ceftriaxone 1 g inj,box of 100 vials,100,30,2158215.95,0.15,1834483.56,po,45,
2026-03-15,Site Medan,Surgika Utama,DES-SUR,Drug-eluting coronary stent (Surgika),Drug-eluting stent,each,1,11,15077366.73,0.12,13268082.72,po,60,
2026-03-15,Site Medan,Nusantara Farma,GLV-M-NUS,Nitrile exam gloves M (Nusantara),Nitrile gloves M,box of 100,100,240,96684.71,0.05,91850.47,po,45,
2026-03-15,Site Medan,Global Diagnostika,HBA1C-GLO,HbA1c reagent (Global),HbA1c reagent,kit of 100 tests,100,12,5087473.14,0.05,4833099.48,po,60,
2026-03-15,Site Medan,Medisindo,IVC22-MED,IV cannula 22G (Medisindo),IV cannula 22G,each,1,1795,14011.64,0.15,11909.89,po,45,
2026-03-15,Site Medan,Nusantara Farma,PCT1G-NUS,Paracetamol 1 g infusion (Nusantara),Paracetamol 1 g infusion,bottle,1,2183,34116.91,0.05,32411.06,po,45,
2026-03-15,Site Medan,Medisindo,SUT20-MED,Absorbable suture 2-0 (Medisindo),Absorbable suture 2-0,box of 36,36,16,2899736.88,0.15,2464776.35,po,45,
2026-03-15,Site Medan,Medisindo,SYR3-MED,Syringe 3 mL luer lock (Medisindo),Syringe 3 mL,box of 100,100,66,200767.71,0.15,170652.55,po,45,
2026-03-15,Site Medan,Sehat Medika,TNI-SEH,Troponin I reagent (Sehat),Troponin I reagent,kit of 200 tests,200,4,25209269.45,0.15,21427879.03,po,45,
2026-03-15,Site Surabaya,Sehat Medika,CEF1G-SEH,Ceftriaxone 1 g injection (Sehat),Ceftriaxone 1 g inj,box of 100 vials,100,43,1926021.32,0.1,1733419.19,po,60,
2026-03-15,Site Surabaya,Surgika Utama,DES-SUR,Drug-eluting coronary stent (Surgika),Drug-eluting stent,each,1,18,13977511.91,0.08,12859310.96,po,45,
2026-03-15,Site Surabaya,Medisindo,GLV-M-MED,Nitrile exam gloves M (Medisindo),Nitrile gloves M,box of 200,200,188,182061.5,0.1,163855.35,po,45,
2026-03-15,Site Surabaya,Sehat Medika,HBA1C-SEH,HbA1c reagent (Sehat),HbA1c reagent,kit of 50 tests,50,34,2408334.88,0.1,2167501.39,po,60,
2026-03-15,Site Surabaya,Prima Alkes,IVC22-PRI,IV cannula 22G (Prima),IV cannula 22G,box of 50,50,50,651692.83,0.08,599557.4,po,30,
2026-03-15,Site Surabaya,Nusantara Farma,PCT1G-NUS,Paracetamol 1 g infusion (Nusantara),Paracetamol 1 g infusion,bottle,1,2904,33075.92,0.05,31422.12,po,45,
2026-03-15,Site Surabaya,Medisindo,SUT20-MED,Absorbable suture 2-0 (Medisindo),Absorbable suture 2-0,box of 36,36,21,2597070.73,0.1,2337363.66,po,45,
2026-03-15,Site Surabaya,Medisindo,SYR3-MED,Syringe 3 mL luer lock (Medisindo),Syringe 3 mL,box of 100,100,106,178113.84,0.1,160302.46,po,45,
2026-03-15,Site Surabaya,Global Diagnostika,TNI-GLO,Troponin I reagent (Global),Troponin I reagent,kit of 100 tests,100,10,11245047.29,0.15,9558290.2,po,45,
2026-03-15,Site Tangerang,Medisindo,CEF1G-MED,Ceftriaxone 1 g injection (Medisindo),Ceftriaxone 1 g inj,box of 10 vials,10,411,171022.72,0.12,150499.99,po,30,
2026-03-15,Site Tangerang,Surgika Utama,DES-SUR,Drug-eluting coronary stent (Surgika),Drug-eluting stent,each,1,17,14693044.62,0.1,13223740.16,po,30,
2026-03-15,Site Tangerang,Nusantara Farma,GLV-M-NUS,Nitrile exam gloves M (Nusantara),Nitrile gloves M,box of 100,100,337,99050.81,0.1,89145.73,po,60,
2026-03-15,Site Tangerang,Prima Alkes,HBA1C-PRI,HbA1c reagent (Prima),HbA1c reagent,kit of 100 tests,100,15,5508672.82,0.08,5067978.99,po,60,
2026-03-15,Site Tangerang,Sehat Medika,IVC22-SEH,IV cannula 22G (Sehat),IV cannula 22G,box of 100,100,23,1141147.02,0.08,1049855.26,po,60,
2026-03-15,Site Tangerang,Prima Alkes,PCT1G-PRI,Paracetamol 1 g infusion (Prima),Paracetamol 1 g infusion,box of 12 bottles,12,224,383066.06,0.08,352420.78,po,60,
2026-03-15,Site Tangerang,Medisindo,SUT20-MED,Absorbable suture 2-0 (Medisindo),Absorbable suture 2-0,box of 36,36,23,2769630.58,0.12,2437274.91,po,30,
2026-03-15,Site Tangerang,Global Diagnostika,SYR3-GLO,Syringe 3 mL luer lock (Global),Syringe 3 mL,each,1,10164,2184.05,0.2,1747.24,po,30,
2026-03-15,Site Tangerang,Sehat Medika,TNI-SEH,Troponin I reagent (Sehat),Troponin I reagent,kit of 200 tests,200,4,22694686.2,0.08,20879111.3,po,60,
2026-04-01,Site Jakarta South,Medisindo,GLV-M-MED,Nitrile exam gloves M (Medisindo),Nitrile gloves M,box of 200,200,2340,188842.97,0.12,166181.81,contract,45,2027-03-31
2026-04-01,Site Jakarta West,Sehat Medika,TNI-SEH,Troponin I reagent (Sehat),Troponin I reagent,kit of 200 tests,200,86,23560570.45,0.15,20026484.88,contract,30,2027-03-31
2026-04-01,Site Makassar,Prima Alkes,SYR3-PRI,Syringe 3 mL luer lock (Prima),Syringe 3 mL,box of 50,50,1296,107340.32,0.2,85872.26,contract,30,2027-03-31
2026-04-01,Site Tangerang,Sehat Medika,TNI-SEH,Troponin I reagent (Sehat),Troponin I reagent,kit of 200 tests,200,59,22566735.34,0.08,20761396.51,contract,60,2027-03-31
2026-04-15,Site Jakarta South,Prima Alkes,CEF1G-NUS,Ceftriaxone 1 g injection (Nusantara),Ceftriaxone 1 g inj,vial,1,4380,19980.44,0.15,16983.37,po,60,
2026-04-15,Site Jakarta South,Surgika Utama,DES-SUR,Drug-eluting coronary stent (Surgika),Drug-eluting stent,each,1,20,16193355.23,0.2,12954684.18,po,45,
2026-04-15,Site Jakarta South,Medisindo,GLV-M-MED,Nitrile exam gloves M (Medisindo),Nitrile gloves M,box of 200,200,186,190117.01,0.12,167302.97,po,45,
2026-04-15,Site Jakarta South,Sehat Medika,HBA1C-SEH,HbA1c reagent (Sehat),HbA1c reagent,kit of 50 tests,50,33,2717028.78,0.2,2173623.02,po,30,
2026-04-15,Site Jakarta South,Medisindo,IVC22-MED,IV cannula 22G (Medisindo),IV cannula 22G,each,1,3036,13134.29,0.12,11558.18,po,45,
2026-04-15,Site Jakarta South,Prima Alkes,PCT1G-PRI,Paracetamol 1 g infusion (Prima),Paracetamol 1 g infusion,box of 12 bottles,12,279,406597.58,0.15,345607.94,po,60,
2026-04-15,Site Jakarta South,Surgika Utama,SUT20-SUR,Absorbable suture 2-0 (Surgika),Absorbable suture 2-0,box of 12,12,69,1058923.0,0.2,847138.4,po,45,
2026-04-15,Site Jakarta South,Prima Alkes,SYR3-PRI,Syringe 3 mL luer lock (Prima),Syringe 3 mL,box of 50,50,242,91774.89,0.15,78008.66,po,60,
2026-04-15,Site Jakarta South,Global Diagnostika,TNI-GLO,Troponin I reagent (Global),Troponin I reagent,kit of 100 tests,100,11,10541687.98,0.08,9698352.94,po,60,
2026-04-15,Site Jakarta West,Sehat Medika,CEF1G-SEH,Ceftriaxone 1 g injection (Sehat),Ceftriaxone 1 g inj,box of 100 vials,100,53,1989422.65,0.15,1691009.25,po,30,
2026-04-15,Site Jakarta West,Surgika Utama,DES-SUR,Drug-eluting coronary stent (Surgika),Drug-eluting stent,each,1,25,14009297.34,0.1,12608367.61,po,45,
2026-04-15,Site Jakarta West,Medisindo,GLV-M-MED,Nitrile exam gloves M (Medisindo),Nitrile gloves M,box of 200,200,237,189899.97,0.15,161414.97,po,45,
2026-04-15,Site Jakarta West,Sehat Medika,HBA1C-SEH,HbA1c reagent (Sehat),HbA1c reagent,kit of 50 tests,50,47,2504748.18,0.15,2129035.95,po,30,
2026-04-15,Site Jakarta West,Sehat Medika,IVC22-SEH,IV cannula 22G (Sehat),IV cannula 22G,box of 100,100,31,1178358.44,0.15,1001604.67,po,30,
2026-04-15,Site Jakarta West,Nusantara Farma,PCT1G-NUS,Paracetamol 1 g infusion (Nusantara),Paracetamol 1 g infusion,bottle,1,4376,34367.73,0.1,30930.96,po,60,
2026-04-15,Site Jakarta West,Medisindo,SUT20-MED,Absorbable suture 2-0 (Medisindo),Absorbable suture 2-0,box of 36,36,31,2715180.09,0.15,2307903.08,po,45,
2026-04-15,Site Jakarta West,Global Diagnostika,SYR3-GLO,Syringe 3 mL luer lock (Global),Syringe 3 mL,each,1,12736,1885.44,0.1,1696.9,po,30,
2026-04-15,Site Jakarta West,Sehat Medika,TNI-SEH,Troponin I reagent (Sehat),Troponin I reagent,kit of 200 tests,200,7,23547468.54,0.15,20015348.26,po,30,
2026-04-15,Site Makassar,Medisindo,CEF1G-MED,Ceftriaxone 1 g injection (Medisindo),Ceftriaxone 1 g inj,box of 10 vials,10,195,182801.45,0.1,164521.31,po,45,
2026-04-15,Site Makassar,Surgika Utama,DES-SUR,Drug-eluting coronary stent (Surgika),Drug-eluting stent,each,1,8,17837732.47,0.2,14270185.98,po,60,
2026-04-15,Site Makassar,Medisindo,GLV-M-MED,Nitrile exam gloves M (Medisindo),Nitrile gloves M,box of 200,200,89,202197.97,0.1,181978.17,po,45,
2026-04-15,Site Makassar,Prima Alkes,HBA1C-PRI,HbA1c reagent (Prima),HbA1c reagent,kit of 100 tests,100,8,6842970.94,0.2,5474376.75,po,30,
2026-04-15,Site Makassar,Prima Alkes,IVC22-PRI,IV cannula 22G (Prima),IV cannula 22G,box of 50,50,26,832330.46,0.2,665864.37,po,30,
2026-04-15,Site Makassar,Nusantara Farma,PCT1G-NUS,Paracetamol 1 g infusion (Nusantara),Paracetamol 1 g infusion,bottle,1,1439,41057.98,0.15,34899.28,po,30,
2026-04-15,Site Makassar,Medisindo,SUT20-MED,Absorbable suture 2-0 (Medisindo),Absorbable suture 2-0,box of 36,36,12,2913592.0,0.1,2622232.8,po,45,
2026-04-15,Site Makassar,Prima Alkes,SYR3-PRI,Syringe 3 mL luer lock (Prima),Syringe 3 mL,box of 50,50,95,106870.3,0.2,85496.24,po,30,
2026-04-15,Site Makassar,Sehat Medika,TNI-SEH,Troponin I reagent (Sehat),Troponin I reagent,kit of 200 tests,200,3,25645411.97,0.12,22567962.53,po,30,
2026-04-15,Site Medan,Sehat Medika,CEF1G-SEH,Ceftriaxone 1 g injection (Sehat),Ceftriaxone 1 g inj,box of 100 vials,100,30,2169130.88,0.15,1843761.25,po,45,
2026-04-15,Site Medan,Surgika Utama,DES-SUR,Drug-eluting coronary stent (Surgika),Drug-eluting stent,each,1,12,15156533.81,0.12,13337749.75,po,60,
2026-04-15,Site Medan,Nusantara Farma,GLV-M-NUS,Nitrile exam gloves M (Nusantara),Nitrile gloves M,box of 100,100,258,95285.16,0.05,90520.9,po,45,
2026-04-15,Site Medan,Global Diagnostika,HBA1C-GLO,HbA1c reagent (Global),HbA1c reagent,kit of 100 tests,100,11,5014858.58,0.05,4764115.65,po,60,
2026-04-15,Site Medan,Medisindo,IVC22-MED,IV cannula 22G (Medisindo),IV cannula 22G,each,1,1620,14312.4,0.15,12165.54,po,45,
2026-04-15,Site Medan,Nusantara Farma,PCT1G-NUS,Paracetamol 1 g infusion (Nusantara),Paracetamol 1 g infusion,bottle,1,1843,34055.39,0.05,32352.62,po,45,
2026-04-15,Site Medan,Medisindo,SUT20-MED,Absorbable suture 2-0 (Medisindo),Absorbable suture 2-0,box of 36,36,15,2912859.24,0.15,2475930.35,po,45,
2026-04-15,Site Medan,Medisindo,SYR3-MED,Syringe 3 mL luer lock (Medisindo),Syringe 3 mL,box of 100,100,69,198241.57,0.15,168505.33,po,45,
2026-04-15,Site Medan,Sehat Medika,TNI-SEH,Troponin I reagent (Sehat),Troponin I reagent,kit of 200 tests,200,3,24783169.21,0.15,21065693.83,po,45,
2026-04-15,Site Surabaya,Sehat Medika,CEF1G-SEH,Ceftriaxone 1 g injection (Sehat),Ceftriaxone 1 g inj,box of 100 vials,100,46,1928576.44,0.1,1735718.8,po,60,
2026-04-15,Site Surabaya,Surgika Utama,DES-SUR,Drug-eluting coronary stent (Surgika),Drug-eluting stent,each,1,17,13938061.54,0.08,12823016.62,po,45,
2026-04-15,Site Surabaya,Medisindo,GLV-M-MED,Nitrile exam gloves M (Medisindo),Nitrile gloves M,box of 200,200,200,183383.87,0.1,165045.48,po,45,
2026-04-15,Site Surabaya,Sehat Medika,HBA1C-SEH,HbA1c reagent (Sehat),HbA1c reagent,kit of 50 tests,50,33,2389199.19,0.1,2150279.27,po,60,
2026-04-15,Site Surabaya,Prima Alkes,IVC22-PRI,IV cannula 22G (Prima),IV cannula 22G,box of 50,50,58,645587.64,0.08,593940.63,po,30,
2026-04-15,Site Surabaya,Nusantara Farma,PCT1G-NUS,Paracetamol 1 g infusion (Nusantara),Paracetamol 1 g infusion,bottle,1,3134,32467.94,0.05,30844.54,po,45,
2026-04-15,Site Surabaya,Medisindo,SUT20-MED,Absorbable suture 2-0 (Medisindo),Absorbable suture 2-0,box of 36,36,26,2632834.37,0.1,2369550.93,po,45,
2026-04-15,Site Surabaya,Medisindo,SYR3-MED,Syringe 3 mL luer lock (Medisindo),Syringe 3 mL,box of 100,100,109,181314.84,0.1,163183.36,po,45,
2026-04-15,Site Surabaya,Global Diagnostika,TNI-GLO,Troponin I reagent (Global),Troponin I reagent,kit of 100 tests,100,12,11177018.59,0.15,9500465.8,po,45,
2026-04-15,Site Tangerang,Medisindo,CEF1G-MED,Ceftriaxone 1 g injection (Medisindo),Ceftriaxone 1 g inj,box of 10 vials,10,364,172793.85,0.12,152058.59,po,30,
2026-04-15,Site Tangerang,Surgika Utama,DES-SUR,Drug-eluting coronary stent (Surgika),Drug-eluting stent,each,1,15,14488627.05,0.1,13039764.35,po,30,
2026-04-15,Site Tangerang,Nusantara Farma,GLV-M-NUS,Nitrile exam gloves M (Nusantara),Nitrile gloves M,box of 100,100,338,99567.91,0.1,89611.12,po,60,
2026-04-15,Site Tangerang,Prima Alkes,HBA1C-PRI,HbA1c reagent (Prima),HbA1c reagent,kit of 100 tests,100,14,5442286.95,0.08,5006903.99,po,60,
2026-04-15,Site Tangerang,Sehat Medika,IVC22-SEH,IV cannula 22G (Sehat),IV cannula 22G,box of 100,100,26,1134084.7,0.08,1043357.92,po,60,
2026-04-15,Site Tangerang,Prima Alkes,PCT1G-PRI,Paracetamol 1 g infusion (Prima),Paracetamol 1 g infusion,box of 12 bottles,12,231,384415.96,0.08,353662.68,po,60,
2026-04-15,Site Tangerang,Medisindo,SUT20-MED,Absorbable suture 2-0 (Medisindo),Absorbable suture 2-0,box of 36,36,20,2760234.64,0.12,2429006.48,po,30,
2026-04-15,Site Tangerang,Global Diagnostika,SYR3-GLO,Syringe 3 mL luer lock (Global),Syringe 3 mL,each,1,9854,2199.67,0.2,1759.74,po,30,
2026-04-15,Site Tangerang,Sehat Medika,TNI-SEH,Troponin I reagent (Sehat),Troponin I reagent,kit of 200 tests,200,4,22836664.47,0.08,21009731.31,po,60,
2026-05-01,Site Jakarta West,Sehat Medika,CEF1G-SEH,Ceftriaxone 1 g injection (Sehat),Ceftriaxone 1 g inj,box of 100 vials,100,672,2031620.89,0.15,1726877.76,contract,30,2027-04-30
2026-05-01,Site Jakarta West,Medisindo,SUT20-MED,Absorbable suture 2-0 (Medisindo),Absorbable suture 2-0,box of 36,36,373,2695833.99,0.15,2291458.89,contract,45,2027-04-30
2026-05-01,Site Makassar,Prima Alkes,IVC22-PRI,IV cannula 22G (Prima),IV cannula 22G,box of 50,50,317,825419.65,0.2,660335.72,contract,30,2027-04-30
2026-05-01,Site Medan,Nusantara Farma,GLV-M-NUS,Nitrile exam gloves M (Nusantara),Nitrile gloves M,box of 100,100,2880,96853.57,0.05,92010.89,contract,45,2027-04-30
2026-05-01,Site Medan,Nusantara Farma,PCT1G-NUS,Paracetamol 1 g infusion (Nusantara),Paracetamol 1 g infusion,bottle,1,24960,34543.7,0.05,32816.51,contract,45,2027-04-30
2026-05-01,Site Medan,Medisindo,SYR3-MED,Syringe 3 mL luer lock (Medisindo),Syringe 3 mL,box of 100,100,864,202106.86,0.15,171790.83,contract,45,2027-04-30
2026-05-01,Site Surabaya,Sehat Medika,CEF1G-SEH,Ceftriaxone 1 g injection (Sehat),Ceftriaxone 1 g inj,box of 100 vials,100,504,1954833.87,0.1,1759350.48,contract,60,2027-04-30
2026-05-15,Site Jakarta South,Prima Alkes,CEF1G-NUS,Ceftriaxone 1 g injection (Nusantara),Ceftriaxone 1 g inj,vial,1,4747,20052.69,0.15,17044.79,po,60,
2026-05-15,Site Jakarta South,Surgika Utama,DES-SUR,Drug-eluting coronary stent (Surgika),Drug-eluting stent,each,1,20,16227111.46,0.2,12981689.17,po,45,
2026-05-15,Site Jakarta South,Medisindo,GLV-M-MED,Nitrile exam gloves M (Medisindo),Nitrile gloves M,box of 200,200,178,188995.81,0.12,166316.31,po,45,
2026-05-15,Site Jakarta South,Sehat Medika,HBA1C-SEH,HbA1c reagent (Sehat),HbA1c reagent,kit of 50 tests,50,36,2725795.62,0.2,2180636.5,po,30,
2026-05-15,Site Jakarta South,Medisindo,IVC22-MED,IV cannula 22G (Medisindo),IV cannula 22G,each,1,2857,13124.42,0.12,11549.49,po,45,
2026-05-15,Site Jakarta South,Prima Alkes,PCT1G-PRI,Paracetamol 1 g infusion (Prima),Paracetamol 1 g infusion,box of 12 bottles,12,291,409111.17,0.15,347744.49,po,60,
2026-05-15,Site Jakarta South,Surgika Utama,SUT20-SUR,Absorbable suture 2-0 (Surgika),Absorbable suture 2-0,box of 12,12,83,1044530.99,0.2,835624.79,po,45,
2026-05-15,Site Jakarta South,Prima Alkes,SYR3-PRI,Syringe 3 mL luer lock (Prima),Syringe 3 mL,box of 50,50,217,92430.62,0.15,78566.03,po,60,
2026-05-15,Site Jakarta South,Global Diagnostika,TNI-GLO,Troponin I reagent (Global),Troponin I reagent,kit of 100 tests,100,13,10524244.83,0.08,9682305.24,po,60,
2026-05-15,Site Jakarta West,Sehat Medika,CEF1G-SEH,Ceftriaxone 1 g injection (Sehat),Ceftriaxone 1 g inj,box of 100 vials,100,52,2022699.91,0.15,1719294.92,po,30,
2026-05-15,Site Jakarta West,Surgika Utama,DES-SUR,Drug-eluting coronary stent (Surgika),Drug-eluting stent,each,1,20,13918430.59,0.1,12526587.53,po,45,
2026-05-15,Site Jakarta West,Medisindo,GLV-M-MED,Nitrile exam gloves M (Medisindo),Nitrile gloves M,box of 200,200,250,191794.21,0.15,163025.08,po,45,
2026-05-15,Site Jakarta West,Global Diagnostika,HBA1C-GLO,HbA1c reagent (Global),HbA1c reagent,kit of 100 tests,100,168,4963168.04,0.1,4466851.24,quote,45,
2026-05-15,Site Jakarta West,Sehat Medika,HBA1C-SEH,HbA1c reagent (Sehat),HbA1c reagent,kit of 50 tests,50,46,2485731.37,0.15,2112871.66,po,30,
2026-05-15,Site Jakarta West,Sehat Medika,IVC22-SEH,IV cannula 22G (Sehat),IV cannula 22G,box of 100,100,34,1167031.74,0.15,991976.98,po,30,
2026-05-15,Site Jakarta West,Nusantara Farma,PCT1G-NUS,Paracetamol 1 g infusion (Nusantara),Paracetamol 1 g infusion,bottle,1,3710,34421.21,0.1,30979.09,po,60,
2026-05-15,Site Jakarta West,Medisindo,SUT20-MED,Absorbable suture 2-0 (Medisindo),Absorbable suture 2-0,box of 36,36,29,2716485.42,0.15,2309012.61,po,45,
2026-05-15,Site Jakarta West,Global Diagnostika,SYR3-GLO,Syringe 3 mL luer lock (Global),Syringe 3 mL,each,1,15684,1895.27,0.1,1705.74,po,30,
2026-05-15,Site Jakarta West,Sehat Medika,TNI-SEH,Troponin I reagent (Sehat),Troponin I reagent,kit of 200 tests,200,6,23307142.42,0.15,19811071.06,po,30,
2026-05-15,Site Makassar,Medisindo,CEF1G-MED,Ceftriaxone 1 g injection (Medisindo),Ceftriaxone 1 g inj,box of 10 vials,10,230,183268.74,0.1,164941.87,po,45,
2026-05-15,Site Makassar,Surgika Utama,DES-SUR,Drug-eluting coronary stent (Surgika),Drug-eluting stent,each,1,9,17709061.84,0.2,14167249.47,po,60,
2026-05-15,Site Makassar,Medisindo,GLV-M-MED,Nitrile exam gloves M (Medisindo),Nitrile gloves M,box of 200,200,82,202394.99,0.1,182155.49,po,45,
2026-05-15,Site Makassar,Prima Alkes,HBA1C-PRI,HbA1c reagent (Prima),HbA1c reagent,kit of 100 tests,100,8,6740992.15,0.2,5392793.72,po,30,
2026-05-15,Site Makassar,Prima Alkes,IVC22-PRI,IV cannula 22G (Prima),IV cannula 22G,box of 50,50,25,828150.37,0.2,662520.3,po,30,
2026-05-15,Site Makassar,Nusantara Farma,PCT1G-NUS,Paracetamol 1 g infusion (Nusantara),Paracetamol 1 g infusion,bottle,1,1571,40410.37,0.15,34348.81,po,30,
2026-05-15,Site Makassar,Medisindo,SUT20-MED,Absorbable suture 2-0 (Medisindo),Absorbable suture 2-0,box of 36,36,12,2927797.2,0.1,2635017.48,po,45,
2026-05-15,Site Makassar,Prima Alkes,SYR3-PRI,Syringe 3 mL luer lock (Prima),Syringe 3 mL,box of 50,50,115,106458.65,0.2,85166.92,po,30,
2026-05-15,Site Makassar,Sehat Medika,TNI-SEH,Troponin I reagent (Sehat),Troponin I reagent,kit of 200 tests,200,3,25636808.15,0.12,22560391.17,po,30,
2026-05-15,Site Medan,Nusantara Farma,CEF1G-NUS,Ceftriaxone 1 g injection (Nusantara),Ceftriaxone 1 g inj,vial,1,42000,16127.79,0.05,15321.4,quote,45,
2026-05-15,Site Medan,Sehat Medika,CEF1G-SEH,Ceftriaxone 1 g injection (Sehat),Ceftriaxone 1 g inj,box of 100 vials,100,26,2149452.76,0.15,1827034.85,po,45,
2026-05-15,Site Medan,Surgika Utama,DES-SUR,Drug-eluting coronary stent (Surgika),Drug-eluting stent,each,1,12,15255584.58,0.12,13424914.43,po,60,
2026-05-15,Site Medan,Nusantara Farma,GLV-M-NUS,Nitrile exam gloves M (Nusantara),Nitrile gloves M,box of 100,100,216,96691.05,0.05,91856.5,po,45,
2026-05-15,Site Medan,Global Diagnostika,HBA1C-GLO,HbA1c reagent (Global),HbA1c reagent,kit of 100 tests,100,12,5079825.72,0.05,4825834.43,po,60,
2026-05-15,Site Medan,Medisindo,IVC22-MED,IV cannula 22G (Medisindo),IV cannula 22G,each,1,1706,14151.75,0.15,12028.99,po,45,
2026-05-15,Site Medan,Medisindo,IVC22-MED,IV cannula 22G (Medisindo),IV cannula 22G,each,1,26400,12344.17,0.15,10492.54,quote,45,
2026-05-15,Site Medan,Nusantara Farma,PCT1G-NUS,Paracetamol 1 g infusion (Nusantara),Paracetamol 1 g infusion,bottle,1,2125,34719.46,0.05,32983.49,po,45,
2026-05-15,Site Medan,Medisindo,SUT20-MED,Absorbable suture 2-0 (Medisindo),Absorbable suture 2-0,box of 36,36,14,2875943.2,0.15,2444551.72,po,45,
2026-05-15,Site Medan,Medisindo,SYR3-MED,Syringe 3 mL luer lock (Medisindo),Syringe 3 mL,box of 100,100,76,198880.33,0.15,169048.28,po,45,
2026-05-15,Site Medan,Sehat Medika,TNI-SEH,Troponin I reagent (Sehat),Troponin I reagent,kit of 200 tests,200,3,25176026.17,0.15,21399622.24,po,45,
2026-05-15,Site Surabaya,Medisindo,CEF1G-MED,Ceftriaxone 1 g injection (Medisindo),Ceftriaxone 1 g inj,box of 10 vials,10,4200,156059.54,0.1,140453.59,quote,45,
2026-05-15,Site Surabaya,Sehat Medika,CEF1G-SEH,Ceftriaxone 1 g injection (Sehat),Ceftriaxone 1 g inj,box of 100 vials,100,46,1930956.78,0.1,1737861.1,po,60,
2026-05-15,Site Surabaya,Surgika Utama,DES-SUR,Drug-eluting coronary stent (Surgika),Drug-eluting stent,each,1,17,14089423.78,0.08,12962269.88,po,45,
2026-05-15,Site Surabaya,Medisindo,GLV-M-MED,Nitrile exam gloves M (Medisindo),Nitrile gloves M,box of 200,200,175,180932.8,0.1,162839.52,po,45,
2026-05-15,Site Surabaya,Sehat Medika,HBA1C-SEH,HbA1c reagent (Sehat),HbA1c reagent,kit of 50 tests,50,32,2409170.66,0.1,2168253.59,po,60,
2026-05-15,Site Surabaya,Prima Alkes,IVC22-PRI,IV cannula 22G (Prima),IV cannula 22G,box of 50,50,59,648625.33,0.08,596735.3,po,30,
2026-05-15,Site Surabaya,Nusantara Farma,PCT1G-NUS,Paracetamol 1 g infusion (Nusantara),Paracetamol 1 g infusion,bottle,1,3056,33117.45,0.05,31461.58,po,45,
2026-05-15,Site Surabaya,Medisindo,SUT20-MED,Absorbable suture 2-0 (Medisindo),Absorbable suture 2-0,box of 36,36,25,2587858.97,0.1,2329073.07,po,45,
2026-05-15,Site Surabaya,Medisindo,SYR3-MED,Syringe 3 mL luer lock (Medisindo),Syringe 3 mL,box of 100,100,109,181224.6,0.1,163102.14,po,45,
2026-05-15,Site Surabaya,Global Diagnostika,TNI-GLO,Troponin I reagent (Global),Troponin I reagent,kit of 100 tests,100,11,11315370.28,0.15,9618064.74,po,45,
2026-05-15,Site Tangerang,Medisindo,CEF1G-MED,Ceftriaxone 1 g injection (Medisindo),Ceftriaxone 1 g inj,box of 10 vials,10,416,172176.09,0.12,151514.96,po,30,
2026-05-15,Site Tangerang,Surgika Utama,DES-SUR,Drug-eluting coronary stent (Surgika),Drug-eluting stent,each,1,16,14824679.28,0.1,13342211.35,po,30,
2026-05-15,Site Tangerang,Nusantara Farma,GLV-M-NUS,Nitrile exam gloves M (Nusantara),Nitrile gloves M,box of 100,100,344,98791.77,0.1,88912.59,po,60,
2026-05-15,Site Tangerang,Prima Alkes,HBA1C-PRI,HbA1c reagent (Prima),HbA1c reagent,kit of 100 tests,100,15,5565980.83,0.08,5120702.36,po,60,
2026-05-15,Site Tangerang,Sehat Medika,IVC22-SEH,IV cannula 22G (Sehat),IV cannula 22G,box of 100,100,22,1139016.22,0.08,1047894.92,po,60,
2026-05-15,Site Tangerang,Prima Alkes,PCT1G-PRI,Paracetamol 1 g infusion (Prima),Paracetamol 1 g infusion,box of 12 bottles,12,220,383225.63,0.08,352567.58,po,60,
2026-05-15,Site Tangerang,Medisindo,SUT20-MED,Absorbable suture 2-0 (Medisindo),Absorbable suture 2-0,box of 36,36,20,2726544.1,0.12,2399358.81,po,30,
2026-05-15,Site Tangerang,Global Diagnostika,SYR3-GLO,Syringe 3 mL luer lock (Global),Syringe 3 mL,each,1,9476,2201.71,0.2,1761.37,po,30,
2026-05-15,Site Tangerang,Sehat Medika,TNI-SEH,Troponin I reagent (Sehat),Troponin I reagent,kit of 200 tests,200,5,22935093.34,0.08,21100285.87,po,60,
2026-06-01,Site Jakarta West,Medisindo,GLV-M-MED,Nitrile exam gloves M (Medisindo),Nitrile gloves M,box of 200,200,2880,189966.15,0.15,161471.23,contract,45,2027-05-31
2026-06-01,Site Makassar,Nusantara Farma,PCT1G-NUS,Paracetamol 1 g infusion (Nusantara),Paracetamol 1 g infusion,bottle,1,18720,40554.63,0.15,34471.44,contract,30,2027-05-31
2026-06-01,Site Tangerang,Prima Alkes,PCT1G-PRI,Paracetamol 1 g infusion (Prima),Paracetamol 1 g infusion,box of 12 bottles,12,2860,386908.33,0.08,355955.66,contract,60,2027-05-31
2026-06-15,Site Jakarta South,Medisindo,CEF1G-MED,Ceftriaxone 1 g injection (Medisindo),Ceftriaxone 1 g inj,box of 10 vials,10,4200,155522.65,0.12,136859.93,quote,45,
2026-06-15,Site Jakarta South,Prima Alkes,CEF1G-NUS,Ceftriaxone 1 g injection (Nusantara),Ceftriaxone 1 g inj,vial,1,4080,20111.55,0.15,17094.82,po,60,
2026-06-15,Site Jakarta South,Surgika Utama,DES-SUR,Drug-eluting coronary stent (Surgika),Drug-eluting stent,each,1,17,16130592.26,0.2,12904473.81,po,45,
2026-06-15,Site Jakarta South,Medisindo,GLV-M-MED,Nitrile exam gloves M (Medisindo),Nitrile gloves M,box of 200,200,184,190811.81,0.12,167914.39,po,45,
2026-06-15,Site Jakarta South,Sehat Medika,HBA1C-SEH,HbA1c reagent (Sehat),HbA1c reagent,kit of 50 tests,50,40,2776094.27,0.2,2220875.42,po,30,
2026-06-15,Site Jakarta South,Medisindo,IVC22-MED,IV cannula 22G (Medisindo),IV cannula 22G,each,1,2942,13302.14,0.12,11705.88,po,45,
2026-06-15,Site Jakarta South,Prima Alkes,PCT1G-PRI,Paracetamol 1 g infusion (Prima),Paracetamol 1 g infusion,box of 12 bottles,12,301,412315.27,0.15,350467.98,po,60,
2026-06-15,Site Jakarta South,Surgika Utama,SUT20-SUR,Absorbable suture 2-0 (Surgika),Absorbable suture 2-0,box of 12,12,71,1046838.29,0.2,837470.63,po,45,
2026-06-15,Site Jakarta South,Prima Alkes,SYR3-PRI,Syringe 3 mL luer lock (Prima),Syringe 3 mL,box of 50,50,248,91923.06,0.15,78134.6,po,60,
2026-06-15,Site Jakarta South,Global Diagnostika,TNI-GLO,Troponin I reagent (Global),Troponin I reagent,kit of 100 tests,100,11,10634984.94,0.08,9784186.14,po,60,
2026-06-15,Site Jakarta West,Sehat Medika,CEF1G-SEH,Ceftriaxone 1 g injection (Sehat),Ceftriaxone 1 g inj,box of 100 vials,100,60,2000194.05,0.15,1700164.94,po,30,
2026-06-15,Site Jakarta West,Surgika Utama,DES-SUR,Drug-eluting coronary stent (Surgika),Drug-eluting stent,each,1,24,13883827.3,0.1,12495444.57,po,45,
2026-06-15,Site Jakarta West,Medisindo,GLV-M-MED,Nitrile exam gloves M (Medisindo),Nitrile gloves M,box of 200,200,253,187954.43,0.15,159761.27,po,45,
2026-06-15,Site Jakarta West,Medisindo,GLV-M-MED,Nitrile exam gloves M (Medisindo),Nitrile gloves M,box of 200,200,1800,179195.63,0.15,152316.29,quote,45,
2026-06-15,Site Jakarta West,Sehat Medika,HBA1C-SEH,HbA1c reagent (Sehat),HbA1c reagent,kit of 50 tests,50,49,2481706.54,0.15,2109450.56,po,30,
2026-06-15,Site Jakarta West,Sehat Medika,IVC22-SEH,IV cannula 22G (Sehat),IV cannula 22G,box of 100,100,36,1186172.99,0.15,1008247.04,po,30,
2026-06-15,Site Jakarta West,Nusantara Farma,PCT1G-NUS,Paracetamol 1 g infusion (Nusantara),Paracetamol 1 g infusion,bottle,1,4596,33796.46,0.1,30416.81,po,60,
2026-06-15,Site Jakarta West,Medisindo,SUT20-MED,Absorbable suture 2-0 (Medisindo),Absorbable suture 2-0,box of 36,36,30,2717368.34,0.15,2309763.09,po,45,
2026-06-15,Site Jakarta West,Global Diagnostika,SYR3-GLO,Syringe 3 mL luer lock (Global),Syringe 3 mL,each,1,14470,1880.03,0.1,1692.03,po,30,
2026-06-15,Site Jakarta West,Sehat Medika,TNI-SEH,Troponin I reagent (Sehat),Troponin I reagent,kit of 200 tests,200,7,23641285.18,0.15,20095092.4,po,30,
2026-06-15,Site Makassar,Medisindo,CEF1G-MED,Ceftriaxone 1 g injection (Medisindo),Ceftriaxone 1 g inj,box of 10 vials,10,204,182130.56,0.1,163917.5,po,45,
2026-06-15,Site Makassar,Surgika Utama,DES-SUR,Drug-eluting coronary stent (Surgika),Drug-eluting stent,each,1,9,17965567.25,0.2,14372453.8,po,60,
2026-06-15,Site Makassar,Medisindo,GLV-M-MED,Nitrile exam gloves M (Medisindo),Nitrile gloves M,box of 200,200,94,201999.35,0.1,181799.42,po,45,
2026-06-15,Site Makassar,Prima Alkes,HBA1C-PRI,HbA1c reagent (Prima),HbA1c reagent,kit of 100 tests,100,8,6793228.52,0.2,5434582.82,po,30,
2026-06-15,Site Makassar,Prima Alkes,IVC22-PRI,IV cannula 22G (Prima),IV cannula 22G,box of 50,50,28,830992.6,0.2,664794.08,po,30,
2026-06-15,Site Makassar,Nusantara Farma,PCT1G-NUS,Paracetamol 1 g infusion (Nusantara),Paracetamol 1 g infusion,bottle,1,1703,40941.63,0.15,34800.39,po,30,
2026-06-15,Site Makassar,Medisindo,SUT20-MED,Absorbable suture 2-0 (Medisindo),Absorbable suture 2-0,box of 36,36,11,2915077.74,0.1,2623569.97,po,45,
2026-06-15,Site Makassar,Prima Alkes,SYR3-PRI,Syringe 3 mL luer lock (Prima),Syringe 3 mL,box of 50,50,120,106397.38,0.2,85117.9,po,30,
2026-06-15,Site Makassar,Prima Alkes,SYR3-PRI,Syringe 3 mL luer lock (Prima),Syringe 3 mL,box of 50,50,2160,88253.24,0.2,70602.59,quote,45,
2026-06-15,Site Makassar,Sehat Medika,TNI-SEH,Troponin I reagent (Sehat),Troponin I reagent,kit of 200 tests,200,3,25721692.5,0.12,22635089.4,po,30,
2026-06-15,Site Medan,Sehat Medika,CEF1G-SEH,Ceftriaxone 1 g injection (Sehat),Ceftriaxone 1 g inj,box of 100 vials,100,31,2132945.43,0.15,1813003.62,po,45,
2026-06-15,Site Medan,Surgika Utama,DES-SUR,Drug-eluting coronary stent (Surgika),Drug-eluting stent,each,1,11,15261409.07,0.12,13430039.98,po,60,
2026-06-15,Site Medan,Nusantara Farma,GLV-M-NUS,Nitrile exam gloves M (Nusantara),Nitrile gloves M,box of 100,100,225,96233.54,0.05,91421.86,po,45,
2026-06-15,Site Medan,Global Diagnostika,HBA1C-GLO,HbA1c reagent (Global),HbA1c reagent,kit of 100 tests,100,12,5115745.39,0.05,4859958.12,po,60,
2026-06-15,Site Medan,Medisindo,IVC22-MED,IV cannula 22G (Medisindo),IV cannula 22G,each,1,1876,14166.65,0.15,12041.65,po,45,
2026-06-15,Site Medan,Nusantara Farma,PCT1G-NUS,Paracetamol 1 g infusion (Nusantara),Paracetamol 1 g infusion,bottle,1,2299,34820.27,0.05,33079.26,po,45,
2026-06-15,Site Medan,Medisindo,SUT20-MED,Absorbable suture 2-0 (Medisindo),Absorbable suture 2-0,box of 36,36,16,2940081.96,0.15,2499069.67,po,45,
2026-06-15,Site Medan,Medisindo,SYR3-MED,Syringe 3 mL luer lock (Medisindo),Syringe 3 mL,box of 100,100,72,202505.6,0.15,172129.76,po,45,
2026-06-15,Site Medan,Sehat Medika,TNI-SEH,Troponin I reagent (Sehat),Troponin I reagent,kit of 200 tests,200,4,24993915.04,0.15,21244827.78,po,45,
2026-06-15,Site Surabaya,Sehat Medika,CEF1G-SEH,Ceftriaxone 1 g injection (Sehat),Ceftriaxone 1 g inj,box of 100 vials,100,43,1942698.64,0.1,1748428.78,po,60,
2026-06-15,Site Surabaya,Surgika Utama,DES-SUR,Drug-eluting coronary stent (Surgika),Drug-eluting stent,each,1,16,13981952.36,0.08,12863396.17,po,45,
2026-06-15,Site Surabaya,Medisindo,GLV-M-MED,Nitrile exam gloves M (Medisindo),Nitrile gloves M,box of 200,200,179,185295.07,0.1,166765.56,po,45,
2026-06-15,Site Surabaya,Sehat Medika,HBA1C-SEH,HbA1c reagent (Sehat),HbA1c reagent,kit of 50 tests,50,34,2392019.21,0.1,2152817.29,po,60,
2026-06-15,Site Surabaya,Prima Alkes,IVC22-PRI,IV cannula 22G (Prima),IV cannula 22G,box of 50,50,51,647178.86,0.08,595404.55,po,30,
2026-06-15,Site Surabaya,Nusantara Farma,PCT1G-NUS,Paracetamol 1 g infusion (Nusantara),Paracetamol 1 g infusion,bottle,1,3029,33387.56,0.05,31718.18,po,45,
2026-06-15,Site Surabaya,Medisindo,SUT20-MED,Absorbable suture 2-0 (Medisindo),Absorbable suture 2-0,box of 36,36,25,2597130.52,0.1,2337417.47,po,45,
2026-06-15,Site Surabaya,Medisindo,SYR3-MED,Syringe 3 mL luer lock (Medisindo),Syringe 3 mL,box of 100,100,118,180232.98,0.1,162209.68,po,45,
2026-06-15,Site Surabaya,Global Diagnostika,TNI-GLO,Troponin I reagent (Global),Troponin I reagent,kit of 100 tests,100,11,11469479.79,0.15,9749057.82,po,45,
2026-06-15,Site Tangerang,Medisindo,CEF1G-MED,Ceftriaxone 1 g injection (Medisindo),Ceftriaxone 1 g inj,box of 10 vials,10,380,172491.24,0.12,151792.29,po,30,
2026-06-15,Site Tangerang,Surgika Utama,DES-SUR,Drug-eluting coronary stent (Surgika),Drug-eluting stent,each,1,14,14906288.06,0.1,13415659.25,po,30,
2026-06-15,Site Tangerang,Nusantara Farma,GLV-M-NUS,Nitrile exam gloves M (Nusantara),Nitrile gloves M,box of 100,100,306,99129.2,0.1,89216.28,po,60,
2026-06-15,Site Tangerang,Prima Alkes,HBA1C-PRI,HbA1c reagent (Prima),HbA1c reagent,kit of 100 tests,100,15,5566721.4,0.08,5121383.69,po,60,
2026-06-15,Site Tangerang,Sehat Medika,HBA1C-SEH,HbA1c reagent (Sehat),HbA1c reagent,kit of 50 tests,50,336,2292919.36,0.08,2109485.81,quote,45,
2026-06-15,Site Tangerang,Sehat Medika,IVC22-SEH,IV cannula 22G (Sehat),IV cannula 22G,box of 100,100,26,1146196.56,0.08,1054500.84,po,60,
2026-06-15,Site Tangerang,Prima Alkes,PCT1G-PRI,Paracetamol 1 g infusion (Prima),Paracetamol 1 g infusion,box of 12 bottles,12,224,384186.35,0.08,353451.44,po,60,
2026-06-15,Site Tangerang,Medisindo,SUT20-MED,Absorbable suture 2-0 (Medisindo),Absorbable suture 2-0,box of 36,36,23,2730842.19,0.12,2403141.13,po,30,
2026-06-15,Site Tangerang,Global Diagnostika,SYR3-GLO,Syringe 3 mL luer lock (Global),Syringe 3 mL,each,1,9730,2214.87,0.2,1771.9,po,30,
2026-06-15,Site Tangerang,Sehat Medika,TNI-SEH,Troponin I reagent (Sehat),Troponin I reagent,kit of 200 tests,200,5,22983720.55,0.08,21145022.91,po,60,
2026-07-01,Site Jakarta South,Sehat Medika,HBA1C-SEH,HbA1c reagent (Sehat),HbA1c reagent,kit of 50 tests,50,437,2722422.28,0.2,2177937.82,contract,30,2027-06-30
2026-07-01,Site Makassar,Medisindo,CEF1G-MED,Ceftriaxone 1 g injection (Medisindo),Ceftriaxone 1 g inj,box of 10 vials,10,2520,182410.02,0.1,164169.02,contract,45,2027-06-30
2026-07-01,Site Tangerang,Medisindo,SUT20-MED,Absorbable suture 2-0 (Medisindo),Absorbable suture 2-0,box of 36,36,257,2795657.12,0.12,2460178.27,contract,30,2027-06-30
2026-07-01,Site Tangerang,Global Diagnostika,SYR3-GLO,Syringe 3 mL luer lock (Global),Syringe 3 mL,each,1,118800,2231.23,0.2,1784.98,contract,30,2027-06-30
2026-07-15,Site Jakarta South,Prima Alkes,CEF1G-NUS,Ceftriaxone 1 g injection (Nusantara),Ceftriaxone 1 g inj,vial,1,4073,20117.81,0.15,17100.14,po,60,
2026-07-15,Site Jakarta South,Surgika Utama,DES-SUR,Drug-eluting coronary stent (Surgika),Drug-eluting stent,each,1,20,16229763.8,0.2,12983811.04,po,45,
2026-07-15,Site Jakarta South,Medisindo,GLV-M-MED,Nitrile exam gloves M (Medisindo),Nitrile gloves M,box of 200,200,185,189104.64,0.12,166412.08,po,45,
2026-07-15,Site Jakarta South,Sehat Medika,HBA1C-SEH,HbA1c reagent (Sehat),HbA1c reagent,kit of 50 tests,50,33,2744717.51,0.2,2195774.01,po,30,
2026-07-15,Site Jakarta South,Medisindo,IVC22-MED,IV cannula 22G (Medisindo),IV cannula 22G,each,1,2782,13278.05,0.12,11684.68,po,45,
2026-07-15,Site Jakarta South,Prima Alkes,PCT1G-PRI,Paracetamol 1 g infusion (Prima),Paracetamol 1 g infusion,box of 12 bottles,12,285,411352.38,0.15,349649.52,po,60,
2026-07-15,Site Jakarta South,Surgika Utama,SUT20-SUR,Absorbable suture 2-0 (Surgika),Absorbable suture 2-0,box of 12,12,74,1044632.02,0.2,835705.62,po,45,
2026-07-15,Site Jakarta South,Prima Alkes,SYR3-PRI,Syringe 3 mL luer lock (Prima),Syringe 3 mL,box of 50,50,250,92834.2,0.15,78909.07,po,60,
2026-07-15,Site Jakarta South,Global Diagnostika,TNI-GLO,Troponin I reagent (Global),Troponin I reagent,kit of 100 tests,100,12,10700508.97,0.08,9844468.25,po,60,
2026-07-15,Site Jakarta West,Sehat Medika,CEF1G-SEH,Ceftriaxone 1 g injection (Sehat),Ceftriaxone 1 g inj,box of 100 vials,100,62,2038151.64,0.15,1732428.89,po,30,
2026-07-15,Site Jakarta West,Surgika Utama,DES-SUR,Drug-eluting coronary stent (Surgika),Drug-eluting stent,each,1,20,14177579.04,0.1,12759821.14,po,45,
2026-07-15,Site Jakarta West,Medisindo,GLV-M-MED,Nitrile exam gloves M (Medisindo),Nitrile gloves M,box of 200,200,247,190210.9,0.15,161679.26,po,45,
2026-07-15,Site Jakarta West,Sehat Medika,HBA1C-SEH,HbA1c reagent (Sehat),HbA1c reagent,kit of 50 tests,50,48,2545576.6,0.15,2163740.11,po,30,
2026-07-15,Site Jakarta West,Sehat Medika,IVC22-SEH,IV cannula 22G (Sehat),IV cannula 22G,box of 100,100,33,1188267.35,0.15,1010027.25,po,30,
2026-07-15,Site Jakarta West,Nusantara Farma,PCT1G-NUS,Paracetamol 1 g infusion (Nusantara),Paracetamol 1 g infusion,bottle,1,4279,34589.67,0.1,31130.7,po,60,
2026-07-15,Site Jakarta West,Medisindo,SUT20-MED,Absorbable suture 2-0 (Medisindo),Absorbable suture 2-0,box of 36,36,28,2727328.73,0.15,2318229.42,po,45,
2026-07-15,Site Jakarta West,Global Diagnostika,SYR3-GLO,Syringe 3 mL luer lock (Global),Syringe 3 mL,each,1,13066,1877.65,0.1,1689.89,po,30,
2026-07-15,Site Jakarta West,Sehat Medika,TNI-SEH,Troponin I reagent (Sehat),Troponin I reagent,kit of 200 tests,200,8,23730523.01,0.15,20170944.56,po,30,
2026-07-15,Site Makassar,Medisindo,CEF1G-MED,Ceftriaxone 1 g injection (Medisindo),Ceftriaxone 1 g inj,box of 10 vials,10,207,184363.32,0.1,165926.99,po,45,
2026-07-15,Site Makassar,Nusantara Farma,CEF1G-NUS,Ceftriaxone 1 g injection (Nusantara),Ceftriaxone 1 g inj,vial,1,42000,17397.36,0.15,14787.76,quote,45,
2026-07-15,Site Makassar,Surgika Utama,DES-SUR,Drug-eluting coronary stent (Surgika),Drug-eluting stent,each,1,9,17894920.16,0.2,14315936.13,po,60,
2026-07-15,Site Makassar,Medisindo,GLV-M-MED,Nitrile exam gloves M (Medisindo),Nitrile gloves M,box of 200,200,96,201686.82,0.1,181518.14,po,45,
2026-07-15,Site Makassar,Prima Alkes,HBA1C-PRI,HbA1c reagent (Prima),HbA1c reagent,kit of 100 tests,100,8,6888463.32,0.2,5510770.66,po,30,
2026-07-15,Site Makassar,Prima Alkes,IVC22-PRI,IV cannula 22G (Prima),IV cannula 22G,box of 50,50,28,834509.25,0.2,667607.4,po,30,
2026-07-15,Site Makassar,Nusantara Farma,PCT1G-NUS,Paracetamol 1 g infusion (Nusantara),Paracetamol 1 g infusion,bottle,1,1609,41075.51,0.15,34914.18,po,30,
2026-07-15,Site Makassar,Medisindo,SUT20-MED,Absorbable suture 2-0 (Medisindo),Absorbable suture 2-0,box of 36,36,12,2924582.06,0.1,2632123.85,po,45,
2026-07-15,Site Makassar,Prima Alkes,SYR3-PRI,Syringe 3 mL luer lock (Prima),Syringe 3 mL,box of 50,50,113,106932.36,0.2,85545.89,po,30,
2026-07-15,Site Makassar,Sehat Medika,TNI-SEH,Troponin I reagent (Sehat),Troponin I reagent,kit of 200 tests,200,3,25842810.22,0.12,22741672.99,po,30,
2026-07-15,Site Medan,Sehat Medika,CEF1G-SEH,Ceftriaxone 1 g injection (Sehat),Ceftriaxone 1 g inj,box of 100 vials,100,25,2156787.39,0.15,1833269.28,po,45,
2026-07-15,Site Medan,Surgika Utama,DES-SUR,Drug-eluting coronary stent (Surgika),Drug-eluting stent,each,1,11,15357268.01,0.12,13514395.85,po,60,
2026-07-15,Site Medan,Nusantara Farma,GLV-M-NUS,Nitrile exam gloves M (Nusantara),Nitrile gloves M,box of 100,100,236,95910.58,0.05,91115.05,po,45,
2026-07-15,Site Medan,Global Diagnostika,HBA1C-GLO,HbA1c reagent (Global),HbA1c reagent,kit of 100 tests,100,12,5076487.38,0.05,4822663.01,po,60,
2026-07-15,Site Medan,Sehat Medika,HBA1C-SEH,HbA1c reagent (Sehat),HbA1c reagent,kit of 50 tests,50,336,2420565.79,0.15,2057480.92,quote,45,
2026-07-15,Site Medan,Medisindo,IVC22-MED,IV cannula 22G (Medisindo),IV cannula 22G,each,1,1812,14288.15,0.15,12144.93,po,45,
2026-07-15,Site Medan,Nusantara Farma,PCT1G-NUS,Paracetamol 1 g infusion (Nusantara),Paracetamol 1 g infusion,bottle,1,2035,34362.65,0.05,32644.52,po,45,
2026-07-15,Site Medan,Medisindo,SUT20-MED,Absorbable suture 2-0 (Medisindo),Absorbable suture 2-0,box of 36,36,14,2940946.7,0.15,2499804.7,po,45,
2026-07-15,Site Medan,Medisindo,SYR3-MED,Syringe 3 mL luer lock (Medisindo),Syringe 3 mL,box of 100,100,69,202640.09,0.15,172244.08,po,45,
2026-07-15,Site Medan,Medisindo,SYR3-MED,Syringe 3 mL luer lock (Medisindo),Syringe 3 mL,box of 100,100,1080,189141.54,0.15,160770.31,quote,45,
2026-07-15,Site Medan,Sehat Medika,TNI-SEH,Troponin I reagent (Sehat),Troponin I reagent,kit of 200 tests,200,4,25416888.44,0.15,21604355.17,po,45,
2026-07-15,Site Surabaya,Sehat Medika,CEF1G-SEH,Ceftriaxone 1 g injection (Sehat),Ceftriaxone 1 g inj,box of 100 vials,100,44,1955929.75,0.1,1760336.78,po,60,
2026-07-15,Site Surabaya,Surgika Utama,DES-SUR,Drug-eluting coronary stent (Surgika),Drug-eluting stent,each,1,16,13894419.53,0.08,12782865.97,po,45,
2026-07-15,Site Surabaya,Medisindo,GLV-M-MED,Nitrile exam gloves M (Medisindo),Nitrile gloves M,box of 200,200,179,184920.94,0.1,166428.85,po,45,
2026-07-15,Site Surabaya,Sehat Medika,HBA1C-SEH,HbA1c reagent (Sehat),HbA1c reagent,kit of 50 tests,50,36,2419293.11,0.1,2177363.8,po,60,
2026-07-15,Site Surabaya,Prima Alkes,IVC22-PRI,IV cannula 22G (Prima),IV cannula 22G,box of 50,50,54,655476.4,0.08,603038.29,po,30,
2026-07-15,Site Surabaya,Nusantara Farma,PCT1G-NUS,Paracetamol 1 g infusion (Nusantara),Paracetamol 1 g infusion,bottle,1,3283,33243.89,0.05,31581.7,po,45,
2026-07-15,Site Surabaya,Medisindo,SUT20-MED,Absorbable suture 2-0 (Medisindo),Absorbable suture 2-0,box of 36,36,21,2639209.89,0.1,2375288.9,po,45,
2026-07-15,Site Surabaya,Medisindo,SYR3-MED,Syringe 3 mL luer lock (Medisindo),Syringe 3 mL,box of 100,100,98,179869.72,0.1,161882.75,po,45,
2026-07-15,Site Surabaya,Global Diagnostika,TNI-GLO,Troponin I reagent (Global),Troponin I reagent,kit of 100 tests,100,10,11479454.72,0.15,9757536.51,po,45,
2026-07-15,Site Tangerang,Medisindo,CEF1G-MED,Ceftriaxone 1 g injection (Medisindo),Ceftriaxone 1 g inj,box of 10 vials,10,369,173479.26,0.12,152661.75,po,30,
2026-07-15,Site Tangerang,Surgika Utama,DES-SUR,Drug-eluting coronary stent (Surgika),Drug-eluting stent,each,1,17,14704245.72,0.1,13233821.15,po,30,
2026-07-15,Site Tangerang,Nusantara Farma,GLV-M-NUS,Nitrile exam gloves M (Nusantara),Nitrile gloves M,box of 100,100,336,101368.3,0.1,91231.47,po,60,
2026-07-15,Site Tangerang,Prima Alkes,HBA1C-PRI,HbA1c reagent (Prima),HbA1c reagent,kit of 100 tests,100,15,5511776.86,0.08,5070834.71,po,60,
2026-07-15,Site Tangerang,Sehat Medika,HBA1C-SEH,HbA1c reagent (Sehat),HbA1c reagent,kit of 50 tests,50,336,2210216.89,0.08,2033399.54,quote,45,
2026-07-15,Site Tangerang,Sehat Medika,IVC22-SEH,IV cannula 22G (Sehat),IV cannula 22G,box of 100,100,26,1154741.75,0.08,1062362.41,po,60,
2026-07-15,Site Tangerang,Prima Alkes,PCT1G-PRI,Paracetamol 1 g infusion (Prima),Paracetamol 1 g infusion,box of 12 bottles,12,228,387029.03,0.08,356066.71,po,60,
2026-07-15,Site Tangerang,Medisindo,SUT20-MED,Absorbable suture 2-0 (Medisindo),Absorbable suture 2-0,box of 36,36,24,2753415.99,0.12,2423006.07,po,30,
2026-07-15,Site Tangerang,Global Diagnostika,SYR3-GLO,Syringe 3 mL luer lock (Global),Syringe 3 mL,each,1,9906,2248.94,0.2,1799.15,po,30,
2026-07-15,Site Tangerang,Sehat Medika,TNI-SEH,Troponin I reagent (Sehat),Troponin I reagent,kit of 200 tests,200,5,22637846.73,0.08,20826818.99,po,60,
2026-08-01,Site Makassar,Medisindo,GLV-M-MED,Nitrile exam gloves M (Medisindo),Nitrile gloves M,box of 200,200,1080,204741.2,0.1,184267.08,contract,45,2027-07-31
2026-08-01,Site Tangerang,Nusantara Farma,GLV-M-NUS,Nitrile exam gloves M (Nusantara),Nitrile gloves M,box of 100,100,3960,101500.24,0.1,91350.22,contract,60,2027-07-31
2026-08-15,Site Jakarta South,Prima Alkes,CEF1G-NUS,Ceftriaxone 1 g injection (Nusantara),Ceftriaxone 1 g inj,vial,1,4952,20242.8,0.15,17206.38,po,60,
2026-08-15,Site Jakarta South,Nusantara Farma,CEF1G-NUS,Ceftriaxone 1 g injection (Nusantara),Ceftriaxone 1 g inj,vial,1,42000,17583.95,0.12,15473.88,quote,45,
2026-08-15,Site Jakarta South,Surgika Utama,DES-SUR,Drug-eluting coronary stent (Surgika),Drug-eluting stent,each,1,17,16274942.26,0.2,13019953.81,po,45,
2026-08-15,Site Jakarta South,Surgika Utama,DES-SUR,Drug-eluting coronary stent (Surgika),Drug-eluting stent,each,1,168,14666621.44,0.2,11733297.15,quote,45,
2026-08-15,Site Jakarta South,Medisindo,GLV-M-MED,Nitrile exam gloves M (Medisindo),Nitrile gloves M,box of 200,200,215,190054.03,0.12,167247.55,po,45,
2026-08-15,Site Jakarta South,Sehat Medika,HBA1C-SEH,HbA1c reagent (Sehat),HbA1c reagent,kit of 50 tests,50,33,2781814.99,0.2,2225451.99,po,30,
2026-08-15,Site Jakarta South,Medisindo,IVC22-MED,IV cannula 22G (Medisindo),IV cannula 22G,each,1,2571,13256.79,0.12,11665.98,po,45,
2026-08-15,Site Jakarta South,Prima Alkes,PCT1G-PRI,Paracetamol 1 g infusion (Prima),Paracetamol 1 g infusion,box of 12 bottles,12,288,413481.5,0.15,351459.27,po,60,
2026-08-15,Site Jakarta South,Surgika Utama,SUT20-SUR,Absorbable suture 2-0 (Surgika),Absorbable suture 2-0,box of 12,12,78,1062375.7,0.2,849900.56,po,45,
2026-08-15,Site Jakarta South,Prima Alkes,SYR3-PRI,Syringe 3 mL luer lock (Prima),Syringe 3 mL,box of 50,50,211,93097.91,0.15,79133.22,po,60,
2026-08-15,Site Jakarta South,Global Diagnostika,TNI-GLO,Troponin I reagent (Global),Troponin I reagent,kit of 100 tests,100,11,10734654.19,0.08,9875881.85,po,60,
2026-08-15,Site Jakarta West,Sehat Medika,CEF1G-SEH,Ceftriaxone 1 g injection (Sehat),Ceftriaxone 1 g inj,box of 100 vials,100,60,2017241.23,0.15,1714655.05,po,30,
2026-08-15,Site Jakarta West,Surgika Utama,DES-SUR,Drug-eluting coronary stent (Surgika),Drug-eluting stent,each,1,23,14076386.26,0.1,12668747.63,po,45,
2026-08-15,Site Jakarta West,Medisindo,GLV-M-MED,Nitrile exam gloves M (Medisindo),Nitrile gloves M,box of 200,200,233,189780.19,0.15,161313.16,po,45,
2026-08-15,Site Jakarta West,Global Diagnostika,HBA1C-GLO,HbA1c reagent (Global),HbA1c reagent,kit of 100 tests,100,168,4954611.22,0.1,4459150.1,quote,45,
2026-08-15,Site Jakarta West,Sehat Medika,HBA1C-SEH,HbA1c reagent (Sehat),HbA1c reagent,kit of 50 tests,50,41,2523297.64,0.15,2144802.99,po,30,
2026-08-15,Site Jakarta West,Sehat Medika,IVC22-SEH,IV cannula 22G (Sehat),IV cannula 22G,box of 100,100,38,1194966.71,0.15,1015721.7,po,30,
2026-08-15,Site Jakarta West,Nusantara Farma,PCT1G-NUS,Paracetamol 1 g infusion (Nusantara),Paracetamol 1 g infusion,bottle,1,3927,34533.32,0.1,31079.99,po,60,
2026-08-15,Site Jakarta West,Medisindo,SUT20-MED,Absorbable suture 2-0 (Medisindo),Absorbable suture 2-0,box of 36,36,32,2765010.42,0.15,2350258.86,po,45,
2026-08-15,Site Jakarta West,Global Diagnostika,SYR3-GLO,Syringe 3 mL luer lock (Global),Syringe 3 mL,each,1,12983,1886.66,0.1,1697.99,po,30,
2026-08-15,Site Jakarta West,Sehat Medika,TNI-SEH,Troponin I reagent (Sehat),Troponin I reagent,kit of 200 tests,200,7,23917134.44,0.15,20329564.27,po,30,
2026-08-15,Site Makassar,Medisindo,CEF1G-MED,Ceftriaxone 1 g injection (Medisindo),Ceftriaxone 1 g inj,box of 10 vials,10,232,183464.03,0.1,165117.63,po,45,
2026-08-15,Site Makassar,Surgika Utama,DES-SUR,Drug-eluting coronary stent (Surgika),Drug-eluting stent,each,1,8,17880806.98,0.2,14304645.58,po,60,
2026-08-15,Site Makassar,Medisindo,GLV-M-MED,Nitrile exam gloves M (Medisindo),Nitrile gloves M,box of 200,200,98,203790.95,0.1,183411.86,po,45,
2026-08-15,Site Makassar,Prima Alkes,HBA1C-PRI,HbA1c reagent (Prima),HbA1c reagent,kit of 100 tests,100,8,6945372.0,0.2,5556297.6,po,30,
2026-08-15,Site Makassar,Prima Alkes,IVC22-PRI,IV cannula 22G (Prima),IV cannula 22G,box of 50,50,29,834102.24,0.2,667281.79,po,30,
2026-08-15,Site Makassar,Nusantara Farma,PCT1G-NUS,Paracetamol 1 g infusion (Nusantara),Paracetamol 1 g infusion,bottle,1,1665,41089.73,0.15,34926.27,po,30,
2026-08-15,Site Makassar,Medisindo,SUT20-MED,Absorbable suture 2-0 (Medisindo),Absorbable suture 2-0,box of 36,36,12,2891127.72,0.1,2602014.95,po,45,
2026-08-15,Site Makassar,Prima Alkes,SYR3-PRI,Syringe 3 mL luer lock (Prima),Syringe 3 mL,box of 50,50,115,106598.95,0.2,85279.16,po,30,
2026-08-15,Site Makassar,Sehat Medika,TNI-SEH,Troponin I reagent (Sehat),Troponin I reagent,kit of 200 tests,200,3,25967572.42,0.12,22851463.73,po,30,
2026-08-15,Site Medan,Sehat Medika,CEF1G-SEH,Ceftriaxone 1 g injection (Sehat),Ceftriaxone 1 g inj,box of 100 vials,100,28,2171328.87,0.15,1845629.54,po,45,
2026-08-15,Site Medan,Surgika Utama,DES-SUR,Drug-eluting coronary stent (Surgika),Drug-eluting stent,each,1,12,15393070.23,0.12,13545901.8,po,60,
2026-08-15,Site Medan,Nusantara Farma,GLV-M-NUS,Nitrile exam gloves M (Nusantara),Nitrile gloves M,box of 100,100,249,96091.7,0.05,91287.11,po,45,
2026-08-15,Site Medan,Global Diagnostika,HBA1C-GLO,HbA1c reagent (Global),HbA1c reagent,kit of 100 tests,100,12,5046436.94,0.05,4794115.09,po,60,
2026-08-15,Site Medan,Medisindo,IVC22-MED,IV cannula 22G (Medisindo),IV cannula 22G,each,1,1755,14240.56,0.15,12104.48,po,45,
2026-08-15,Site Medan,Nusantara Farma,PCT1G-NUS,Paracetamol 1 g infusion (Nusantara),Paracetamol 1 g infusion,bottle,1,2114,35144.21,0.05,33387.0,po,45,
2026-08-15,Site Medan,Medisindo,SUT20-MED,Absorbable suture 2-0 (Medisindo),Absorbable suture 2-0,box of 36,36,17,2911269.34,0.15,2474578.94,po,45,
2026-08-15,Site Medan,Medisindo,SYR3-MED,Syringe 3 mL luer lock (Medisindo),Syringe 3 mL,box of 100,100,72,203274.99,0.15,172783.74,po,45,
2026-08-15,Site Medan,Sehat Medika,TNI-SEH,Troponin I reagent (Sehat),Troponin I reagent,kit of 200 tests,200,4,25040887.38,0.15,21284754.27,po,45,
2026-08-15,Site Surabaya,Sehat Medika,CEF1G-SEH,Ceftriaxone 1 g injection (Sehat),Ceftriaxone 1 g inj,box of 100 vials,100,41,1976441.66,0.1,1778797.49,po,60,
2026-08-15,Site Surabaya,Surgika Utama,DES-SUR,Drug-eluting coronary stent (Surgika),Drug-eluting stent,each,1,17,14044782.97,0.08,12921200.33,po,45,
2026-08-15,Site Surabaya,Medisindo,GLV-M-MED,Nitrile exam gloves M (Medisindo),Nitrile gloves M,box of 200,200,169,182241.83,0.1,164017.65,po,45,
2026-08-15,Site Surabaya,Global Diagnostika,HBA1C-GLO,HbA1c reagent (Global),HbA1c reagent,kit of 100 tests,100,168,6039143.1,0.15,5133271.63,quote,30,
2026-08-15,Site Surabaya,Sehat Medika,HBA1C-SEH,HbA1c reagent (Sehat),HbA1c reagent,kit of 50 tests,50,37,2429382.32,0.1,2186444.09,po,60,
2026-08-15,Site Surabaya,Prima Alkes,IVC22-PRI,IV cannula 22G (Prima),IV cannula 22G,box of 50,50,53,647445.69,0.08,595650.03,po,30,
2026-08-15,Site Surabaya,Nusantara Farma,PCT1G-NUS,Paracetamol 1 g infusion (Nusantara),Paracetamol 1 g infusion,bottle,1,2938,33463.67,0.05,31790.49,po,45,
2026-08-15,Site Surabaya,Medisindo,SUT20-MED,Absorbable suture 2-0 (Medisindo),Absorbable suture 2-0,box of 36,36,24,2621530.34,0.1,2359377.31,po,45,
2026-08-15,Site Surabaya,Medisindo,SYR3-MED,Syringe 3 mL luer lock (Medisindo),Syringe 3 mL,box of 100,100,116,180618.65,0.1,162556.79,po,45,
2026-08-15,Site Surabaya,Global Diagnostika,TNI-GLO,Troponin I reagent (Global),Troponin I reagent,kit of 100 tests,100,11,11402942.25,0.15,9692500.91,po,45,
2026-08-15,Site Tangerang,Medisindo,CEF1G-MED,Ceftriaxone 1 g injection (Medisindo),Ceftriaxone 1 g inj,box of 10 vials,10,407,174974.82,0.12,153977.84,po,30,
2026-08-15,Site Tangerang,Surgika Utama,DES-SUR,Drug-eluting coronary stent (Surgika),Drug-eluting stent,each,1,14,14845882.3,0.1,13361294.07,po,30,
2026-08-15,Site Tangerang,Medisindo,GLV-M-MED,Nitrile exam gloves M (Medisindo),Nitrile gloves M,box of 200,200,1800,174633.58,0.12,153677.55,quote,45,
2026-08-15,Site Tangerang,Nusantara Farma,GLV-M-NUS,Nitrile exam gloves M (Nusantara),Nitrile gloves M,box of 100,100,296,99925.48,0.1,89932.93,po,60,
2026-08-15,Site Tangerang,Prima Alkes,HBA1C-PRI,HbA1c reagent (Prima),HbA1c reagent,kit of 100 tests,100,15,5580642.32,0.08,5134190.93,po,60,
2026-08-15,Site Tangerang,Sehat Medika,IVC22-SEH,IV cannula 22G (Sehat),IV cannula 22G,box of 100,100,26,1154544.63,0.08,1062181.06,po,60,
2026-08-15,Site Tangerang,Prima Alkes,PCT1G-PRI,Paracetamol 1 g infusion (Prima),Paracetamol 1 g infusion,box of 12 bottles,12,221,391352.07,0.08,360043.9,po,60,
2026-08-15,Site Tangerang,Medisindo,SUT20-MED,Absorbable suture 2-0 (Medisindo),Absorbable suture 2-0,box of 36,36,22,2795717.56,0.12,2460231.45,po,30,
2026-08-15,Site Tangerang,Global Diagnostika,SYR3-GLO,Syringe 3 mL luer lock (Global),Syringe 3 mL,each,1,10800,2248.07,0.2,1798.46,po,30,
2026-08-15,Site Tangerang,Sehat Medika,TNI-SEH,Troponin I reagent (Sehat),Troponin I reagent,kit of 200 tests,200,5,22849122.7,0.08,21021192.88,po,60,
